"","Symbol","Country","State","State.FIP","County","County.FIP"
"1","ILAM","United States","Alabama","1","",NA
"2","ILAM","United States","Alabama","1","Autauga",1
"3","ILAM","United States","Alabama","1","Baldwin",3
"4","ILAM","United States","Alabama","1","Bibb",7
"5","ILAM","United States","Alabama","1","Blount",9
"6","ILAM","United States","Alabama","1","Chilton",21
"7","ILAM","United States","Alabama","1","Choctaw",23
"8","ILAM","United States","Alabama","1","Clay",27
"9","ILAM","United States","Alabama","1","Conecuh",35
"10","ILAM","United States","Alabama","1","Coosa",37
"11","ILAM","United States","Alabama","1","Crenshaw",41
"12","ILAM","United States","Alabama","1","Cullman",43
"13","ILAM","United States","Alabama","1","Dallas",47
"14","ILAM","United States","Alabama","1","DeKalb",49
"15","ILAM","United States","Alabama","1","Escambia",53
"16","ILAM","United States","Alabama","1","Fayette",57
"17","ILAM","United States","Alabama","1","Franklin",59
"18","ILAM","United States","Alabama","1","Jackson",71
"19","ILAM","United States","Alabama","1","Jefferson",73
"20","ILAM","United States","Alabama","1","Lawrence",79
"21","ILAM","United States","Alabama","1","Lee",81
"22","ILAM","United States","Alabama","1","Marion",93
"23","ILAM","United States","Alabama","1","Mobile",97
"24","ILAM","United States","Alabama","1","Pickens",107
"25","ILAM","United States","Alabama","1","Pike",109
"26","ILAM","United States","Alabama","1","St. Clair",115
"27","ILAM","United States","Alabama","1","Sumter",119
"28","ILAM","United States","Alabama","1","Tallapoosa",123
"29","ILAM","United States","Alabama","1","Tuscaloosa",125
"30","ILAM","United States","Alabama","1","Winston",133
"31","ILAM","United States","Arkansas","5","",NA
"32","ILAM","United States","Arkansas","5","Ashley",3
"33","ILAM","United States","Arkansas","5","Clark",19
"34","ILAM","United States","Arkansas","5","Conway",29
"35","ILAM","United States","Arkansas","5","Desha",41
"36","ILAM","United States","Arkansas","5","Faulkner",45
"37","ILAM","United States","Arkansas","5","Garland",51
"38","ILAM","United States","Arkansas","5","Hempstead",57
"39","ILAM","United States","Arkansas","5","Independence",63
"40","ILAM","United States","Arkansas","5","Izard",65
"41","ILAM","United States","Arkansas","5","Johnson",71
"42","ILAM","United States","Arkansas","5","Logan",83
"43","ILAM","United States","Arkansas","5","Marion",89
"44","ILAM","United States","Arkansas","5","Montgomery",97
"45","ILAM","United States","Arkansas","5","Newton",101
"46","ILAM","United States","Arkansas","5","Ouachita",103
"47","ILAM","United States","Arkansas","5","Pike",109
"48","ILAM","United States","Arkansas","5","Polk",113
"49","ILAM","United States","Arkansas","5","Pope",115
"50","ILAM","United States","Arkansas","5","Saline",125
"51","ILAM","United States","Arkansas","5","Stone",137
"52","ILAM","United States","Arkansas","5","Union",139
"53","ILAM","United States","Florida","12","",NA
"54","ILAM","United States","Florida","12","Alachua",1
"55","ILAM","United States","Florida","12","Bay",5
"56","ILAM","United States","Florida","12","Brevard",9
"57","ILAM","United States","Florida","12","Calhoun",13
"58","ILAM","United States","Florida","12","Citrus",17
"59","ILAM","United States","Florida","12","Clay",19
"60","ILAM","United States","Florida","12","Columbia",23
"61","ILAM","United States","Florida","12","DeSoto",27
"62","ILAM","United States","Florida","12","Duval",31
"63","ILAM","United States","Florida","12","Escambia",33
"64","ILAM","United States","Florida","12","Flagler",35
"65","ILAM","United States","Florida","12","Franklin",37
"66","ILAM","United States","Florida","12","Gadsden",39
"67","ILAM","United States","Florida","12","Gulf",45
"68","ILAM","United States","Florida","12","Hamilton",47
"69","ILAM","United States","Florida","12","Hardee",49
"70","ILAM","United States","Florida","12","Hernando",53
"71","ILAM","United States","Florida","12","Highlands",55
"72","ILAM","United States","Florida","12","Hillsborough",57
"73","ILAM","United States","Florida","12","Holmes",59
"74","ILAM","United States","Florida","12","Indian River",61
"75","ILAM","United States","Florida","12","Jackson",63
"76","ILAM","United States","Florida","12","Lafayette",67
"77","ILAM","United States","Florida","12","Lake",69
"78","ILAM","United States","Florida","12","Lee",71
"79","ILAM","United States","Florida","12","Leon",73
"80","ILAM","United States","Florida","12","Levy",75
"81","ILAM","United States","Florida","12","Liberty",77
"82","ILAM","United States","Florida","12","Manatee",81
"83","ILAM","United States","Florida","12","Marion",83
"84","ILAM","United States","Florida","12","Martin",85
"85","ILAM","United States","Florida","12","Nassau",89
"86","ILAM","United States","Florida","12","Okaloosa",91
"87","ILAM","United States","Florida","12","Orange",95
"88","ILAM","United States","Florida","12","Osceola",97
"89","ILAM","United States","Florida","12","Pasco",101
"90","ILAM","United States","Florida","12","Pinellas",103
"91","ILAM","United States","Florida","12","Polk",105
"92","ILAM","United States","Florida","12","Putnam",107
"93","ILAM","United States","Florida","12","Santa Rosa",113
"94","ILAM","United States","Florida","12","Sarasota",115
"95","ILAM","United States","Florida","12","Seminole",117
"96","ILAM","United States","Florida","12","St. Johns",109
"97","ILAM","United States","Florida","12","Sumter",119
"98","ILAM","United States","Florida","12","Suwannee",121
"99","ILAM","United States","Florida","12","Taylor",123
"100","ILAM","United States","Florida","12","Volusia",127
"101","ILAM","United States","Florida","12","Wakulla",129
"102","ILAM","United States","Florida","12","Walton",131
"103","ILAM","United States","Georgia","13","",NA
"104","ILAM","United States","Georgia","13","Baker",7
"105","ILAM","United States","Georgia","13","Baldwin",9
"106","ILAM","United States","Georgia","13","Ben Hill",17
"107","ILAM","United States","Georgia","13","Calhoun",37
"108","ILAM","United States","Georgia","13","Camden",39
"109","ILAM","United States","Georgia","13","Charlton",49
"110","ILAM","United States","Georgia","13","Chatham",51
"111","ILAM","United States","Georgia","13","Clay",61
"112","ILAM","United States","Georgia","13","Coffee",69
"113","ILAM","United States","Georgia","13","Colquitt",71
"114","ILAM","United States","Georgia","13","Columbia",73
"115","ILAM","United States","Georgia","13","Dade",83
"116","ILAM","United States","Georgia","13","Dawson",85
"117","ILAM","United States","Georgia","13","Decatur",87
"118","ILAM","United States","Georgia","13","Early",99
"119","ILAM","United States","Georgia","13","Fannin",111
"120","ILAM","United States","Georgia","13","Floyd",115
"121","ILAM","United States","Georgia","13","Gilmer",123
"122","ILAM","United States","Georgia","13","Lincoln",181
"123","ILAM","United States","Georgia","13","Long",183
"124","ILAM","United States","Georgia","13","Lowndes",185
"125","ILAM","United States","Georgia","13","Lumpkin",187
"126","ILAM","United States","Georgia","13","McDuffie",189
"127","ILAM","United States","Georgia","13","McIntosh",191
"128","ILAM","United States","Georgia","13","Pickens",227
"129","ILAM","United States","Georgia","13","Pierce",229
"130","ILAM","United States","Georgia","13","Rabun",241
"131","ILAM","United States","Georgia","13","Richmond",245
"132","ILAM","United States","Georgia","13","Seminole",253
"133","ILAM","United States","Georgia","13","Stephens",257
"134","ILAM","United States","Georgia","13","Telfair",271
"135","ILAM","United States","Georgia","13","Thomas",275
"136","ILAM","United States","Georgia","13","Towns",281
"137","ILAM","United States","Georgia","13","Union",291
"138","ILAM","United States","Georgia","13","Upson",293
"139","ILAM","United States","Georgia","13","Walker",295
"140","ILAM","United States","Georgia","13","White",311
"141","ILAM","United States","Georgia","13","Wilkinson",319
"142","ILAM","United States","Kentucky","21","",NA
"143","ILAM","United States","Kentucky","21","Edmonson",61
"144","ILAM","United States","Kentucky","21","McCreary",147
"145","ILAM","United States","Kentucky","21","Powell",197
"146","ILAM","United States","Kentucky","21","Wolfe",237
"147","ILAM","United States","Louisiana","22","",NA
"148","ILAM","United States","Louisiana","22","Allen",3
"149","ILAM","United States","Louisiana","22","Bienville",13
"150","ILAM","United States","Louisiana","22","Caddo",17
"151","ILAM","United States","Louisiana","22","Calcasieu",19
"152","ILAM","United States","Louisiana","22","Caldwell",21
"153","ILAM","United States","Louisiana","22","Catahoula",25
"154","ILAM","United States","Louisiana","22","Claiborne",27
"155","ILAM","United States","Louisiana","22","De Soto",31
"156","ILAM","United States","Louisiana","22","Evangeline",39
"157","ILAM","United States","Louisiana","22","Jackson",49
"158","ILAM","United States","Louisiana","22","Lincoln",61
"159","ILAM","United States","Louisiana","22","Natchitoches",69
"160","ILAM","United States","Louisiana","22","Ouachita",73
"161","ILAM","United States","Louisiana","22","Rapides",79
"162","ILAM","United States","Louisiana","22","Red River",81
"163","ILAM","United States","Louisiana","22","St. Helena",91
"164","ILAM","United States","Louisiana","22","St. Tammany",103
"165","ILAM","United States","Louisiana","22","Union",111
"166","ILAM","United States","Louisiana","22","Vernon",115
"167","ILAM","United States","Louisiana","22","Washington",117
"168","ILAM","United States","Louisiana","22","Webster",119
"169","ILAM","United States","Louisiana","22","West Feliciana",125
"170","ILAM","United States","Louisiana","22","Winn",127
"171","ILAM","United States","Mississippi","28","",NA
"172","ILAM","United States","Mississippi","28","Amite",5
"173","ILAM","United States","Mississippi","28","Clarke",23
"174","ILAM","United States","Mississippi","28","Clay",25
"175","ILAM","United States","Mississippi","28","Covington",31
"176","ILAM","United States","Mississippi","28","Forrest",35
"177","ILAM","United States","Mississippi","28","Franklin",37
"178","ILAM","United States","Mississippi","28","George",39
"179","ILAM","United States","Mississippi","28","Greene",41
"180","ILAM","United States","Mississippi","28","Hancock",45
"181","ILAM","United States","Mississippi","28","Harrison",47
"182","ILAM","United States","Mississippi","28","Hinds",49
"183","ILAM","United States","Mississippi","28","Itawamba",57
"184","ILAM","United States","Mississippi","28","Jackson",59
"185","ILAM","United States","Mississippi","28","Lauderdale",75
"186","ILAM","United States","Mississippi","28","Lee",81
"187","ILAM","United States","Mississippi","28","Lowndes",87
"188","ILAM","United States","Mississippi","28","Marion",91
"189","ILAM","United States","Mississippi","28","Monroe",95
"190","ILAM","United States","Mississippi","28","Neshoba",99
"191","ILAM","United States","Mississippi","28","Newton",101
"192","ILAM","United States","Mississippi","28","Pearl River",109
"193","ILAM","United States","Mississippi","28","Perry",111
"194","ILAM","United States","Mississippi","28","Pike",113
"195","ILAM","United States","Mississippi","28","Rankin",121
"196","ILAM","United States","Mississippi","28","Smith",129
"197","ILAM","United States","Mississippi","28","Tishomingo",141
"198","ILAM","United States","Mississippi","28","Wilkinson",157
"199","ILAM","United States","North Carolina","37","",NA
"200","ILAM","United States","North Carolina","37","Beaufort",13
"201","ILAM","United States","North Carolina","37","Brunswick",19
"202","ILAM","United States","North Carolina","37","Cumberland",51
"203","ILAM","United States","North Carolina","37","Jones",103
"204","ILAM","United States","North Carolina","37","Lenoir",107
"205","ILAM","United States","North Carolina","37","Robeson",155
"206","ILAM","United States","North Carolina","37","Wayne",191
"207","ILAM","United States","Oklahoma","40","",NA
"208","ILAM","United States","South Carolina","45","",NA
"209","ILAM","United States","South Carolina","45","Aiken",3
"210","ILAM","United States","South Carolina","45","Beaufort",13
"211","ILAM","United States","South Carolina","45","Charleston",19
"212","ILAM","United States","South Carolina","45","Chesterfield",25
"213","ILAM","United States","South Carolina","45","Jasper",53
"214","ILAM","United States","Tennessee","47","",NA
"215","ILAM","United States","Tennessee","47","Blount",9
"216","ILAM","United States","Tennessee","47","Hardin",71
"217","ILAM","United States","Tennessee","47","Hawkins",73
"218","ILAM","United States","Tennessee","47","Johnson",91
"219","ILAM","United States","Tennessee","47","Polk",139
"220","ILAM","United States","Tennessee","47","Roane",145
"221","ILAM","United States","Tennessee","47","Sevier",155
"222","ILAM","United States","Texas","48","",NA
"223","ILAM","United States","Texas","48","Hardin",199
"224","ILAM","United States","Texas","48","Jasper",241
"225","ILAM","United States","Texas","48","Liberty",291
"226","ILAM","United States","Texas","48","Montgomery",339
"227","ILAM","United States","Texas","48","San Jacinto",407
"228","ILAM","United States","Texas","48","Smith",423
"229","ILAM","United States","Texas","48","Trinity",455
"230","ILAM","United States","Texas","48","Upshur",459
"231","ILAM","United States","Texas","48","Walker",471
"232","ILAM","United States","Virginia","51","",NA
"233","ILAM2","United States","Alabama","1","",NA
"234","ILAM2","United States","Alabama","1","Baldwin",3
"235","ILAM2","United States","Alabama","1","Mobile",97
"236","ILAM2","United States","Alabama","1","Washington",129
"237","ILAM2","United States","Florida","12","",NA
"238","ILAM2","United States","Florida","12","Escambia",33
"239","ILAM2","United States","Florida","12","Holmes",59
"240","ILAM2","United States","Florida","12","Jackson",63
"241","ILAM2","United States","Florida","12","Liberty",77
"242","ILAM2","United States","Florida","12","Okaloosa",91
"243","ILAM2","United States","Florida","12","Santa Rosa",113
"244","ILAM2","United States","Florida","12","Walton",131
"245","ILAM2","United States","Georgia","13","",NA
"246","ILAM2","United States","Georgia","13","Brantley",25
"247","ILAM2","United States","Georgia","13","Bulloch",31
"248","ILAM2","United States","Georgia","13","Camden",39
"249","ILAM2","United States","Georgia","13","Long",183
"250","ILAM2","United States","Georgia","13","Tattnall",267
"251","ILAM2","United States","Georgia","13","Telfair",271
"252","ILAM2","United States","Louisiana","22","",NA
"253","ILAM2","United States","Louisiana","22","St. Tammany",103
"254","ILAM2","United States","Louisiana","22","Tangipahoa",105
"255","ILAM2","United States","Louisiana","22","Washington",117
"256","ILAM2","United States","Mississippi","28","",NA
"257","ILAM2","United States","Mississippi","28","Forrest",35
"258","ILAM2","United States","Mississippi","28","George",39
"259","ILAM2","United States","Mississippi","28","Greene",41
"260","ILAM2","United States","Mississippi","28","Hancock",45
"261","ILAM2","United States","Mississippi","28","Harrison",47
"262","ILAM2","United States","Mississippi","28","Jackson",59
"263","ILAM2","United States","Mississippi","28","Pearl River",109
"264","ILAM2","United States","Mississippi","28","Perry",111
"265","ILAM2","United States","Mississippi","28","Pike",113
"266","ILAM2","United States","Mississippi","28","Scott",123
"267","ILAM2","United States","Mississippi","28","Smith",129
"268","ILAM2","United States","Mississippi","28","Stone",131
"269","ILAM2","United States","North Carolina","37","",NA
"270","ILAM2","United States","North Carolina","37","Brunswick",19
"271","ILAM2","United States","North Carolina","37","Harnett",85
"272","ILAM2","United States","North Carolina","37","Hoke",93
"273","ILAM2","United States","North Carolina","37","Pender",141
"274","ILAM2","United States","North Carolina","37","Robeson",155
"275","ILAM2","United States","North Carolina","37","Scotland",165
"276","ILAM2","United States","South Carolina","45","",NA
"277","ILAM2","United States","South Carolina","45","Darlington",31
"278","ILAM2","United States","South Carolina","45","Lee",61
"279","ILCA","United States","Alabama","1","",NA
"280","ILCA","United States","Alabama","1","Baldwin",3
"281","ILCA","United States","Alabama","1","Coffee",31
"282","ILCA","United States","Alabama","1","Covington",39
"283","ILCA","United States","Alabama","1","Escambia",53
"284","ILCA","United States","Alabama","1","Geneva",61
"285","ILCA","United States","Alabama","1","Houston",69
"286","ILCA","United States","Alabama","1","Lee",81
"287","ILCA","United States","Alabama","1","Mobile",97
"288","ILCA","United States","Alabama","1","Monroe",99
"289","ILCA","United States","Alabama","1","Pike",109
"290","ILCA","United States","Alabama","1","Russell",113
"291","ILCA","United States","Florida","12","",NA
"292","ILCA","United States","Florida","12","Alachua",1
"293","ILCA","United States","Florida","12","Baker",3
"294","ILCA","United States","Florida","12","Bay",5
"295","ILCA","United States","Florida","12","Brevard",9
"296","ILCA","United States","Florida","12","Broward",11
"297","ILCA","United States","Florida","12","Charlotte",15
"298","ILCA","United States","Florida","12","Citrus",17
"299","ILCA","United States","Florida","12","Clay",19
"300","ILCA","United States","Florida","12","Collier",21
"301","ILCA","United States","Florida","12","Columbia",23
"302","ILCA","United States","Florida","12","DeSoto",27
"303","ILCA","United States","Florida","12","Dixie",29
"304","ILCA","United States","Florida","12","Duval",31
"305","ILCA","United States","Florida","12","Escambia",33
"306","ILCA","United States","Florida","12","Flagler",35
"307","ILCA","United States","Florida","12","Franklin",37
"308","ILCA","United States","Florida","12","Gilchrist",41
"309","ILCA","United States","Florida","12","Glades",43
"310","ILCA","United States","Florida","12","Gulf",45
"311","ILCA","United States","Florida","12","Hamilton",47
"312","ILCA","United States","Florida","12","Hardee",49
"313","ILCA","United States","Florida","12","Hendry",51
"314","ILCA","United States","Florida","12","Hernando",53
"315","ILCA","United States","Florida","12","Highlands",55
"316","ILCA","United States","Florida","12","Hillsborough",57
"317","ILCA","United States","Florida","12","Indian River",61
"318","ILCA","United States","Florida","12","Jackson",63
"319","ILCA","United States","Florida","12","Jefferson",65
"320","ILCA","United States","Florida","12","Lafayette",67
"321","ILCA","United States","Florida","12","Lake",69
"322","ILCA","United States","Florida","12","Lee",71
"323","ILCA","United States","Florida","12","Leon",73
"324","ILCA","United States","Florida","12","Levy",75
"325","ILCA","United States","Florida","12","Manatee",81
"326","ILCA","United States","Florida","12","Marion",83
"327","ILCA","United States","Florida","12","Martin",85
"328","ILCA","United States","Florida","12","Miami-Dade",86
"329","ILCA","United States","Florida","12","Monroe",87
"330","ILCA","United States","Florida","12","Nassau",89
"331","ILCA","United States","Florida","12","Okaloosa",91
"332","ILCA","United States","Florida","12","Okeechobee",93
"333","ILCA","United States","Florida","12","Orange",95
"334","ILCA","United States","Florida","12","Osceola",97
"335","ILCA","United States","Florida","12","Palm Beach",99
"336","ILCA","United States","Florida","12","Pasco",101
"337","ILCA","United States","Florida","12","Pinellas",103
"338","ILCA","United States","Florida","12","Polk",105
"339","ILCA","United States","Florida","12","Putnam",107
"340","ILCA","United States","Florida","12","Santa Rosa",113
"341","ILCA","United States","Florida","12","Sarasota",115
"342","ILCA","United States","Florida","12","Seminole",117
"343","ILCA","United States","Florida","12","St. Johns",109
"344","ILCA","United States","Florida","12","St. Lucie",111
"345","ILCA","United States","Florida","12","Sumter",119
"346","ILCA","United States","Florida","12","Suwannee",121
"347","ILCA","United States","Florida","12","Taylor",123
"348","ILCA","United States","Florida","12","Union",125
"349","ILCA","United States","Florida","12","Volusia",127
"350","ILCA","United States","Florida","12","Wakulla",129
"351","ILCA","United States","Florida","12","Walton",131
"352","ILCA","United States","Georgia","13","",NA
"353","ILCA","United States","Georgia","13","Burke",33
"354","ILCA","United States","Georgia","13","Camden",39
"355","ILCA","United States","Georgia","13","Charlton",49
"356","ILCA","United States","Georgia","13","Chatham",51
"357","ILCA","United States","Georgia","13","Clay",61
"358","ILCA","United States","Georgia","13","Clinch",65
"359","ILCA","United States","Georgia","13","Early",99
"360","ILCA","United States","Georgia","13","Echols",101
"361","ILCA","United States","Georgia","13","Glynn",127
"362","ILCA","United States","Georgia","13","Liberty",179
"363","ILCA","United States","Georgia","13","McIntosh",191
"364","ILCA","United States","Georgia","13","Ware",299
"365","ILCA","United States","Hawaii","15","",NA
"366","ILCA","United States","Hawaii","15","Hawaii",1
"367","ILCA","United States","Hawaii","15","Honolulu",3
"368","ILCA","United States","Louisiana","22","",NA
"369","ILCA","United States","Louisiana","22","Concordia",29
"370","ILCA","United States","Louisiana","22","East Baton Rouge",33
"371","ILCA","United States","Louisiana","22","Iberia",45
"372","ILCA","United States","Louisiana","22","Lafayette",55
"373","ILCA","United States","Louisiana","22","Orleans",71
"374","ILCA","United States","Louisiana","22","Ouachita",73
"375","ILCA","United States","Louisiana","22","Rapides",79
"376","ILCA","United States","Louisiana","22","St. Bernard",87
"377","ILCA","United States","Louisiana","22","St. Charles",89
"378","ILCA","United States","Louisiana","22","St. Mary",101
"379","ILCA","United States","Louisiana","22","St. Tammany",103
"380","ILCA","United States","Louisiana","22","Tangipahoa",105
"381","ILCA","United States","Louisiana","22","Terrebonne",109
"382","ILCA","United States","Mississippi","28","",NA
"383","ILCA","United States","Mississippi","28","Harrison",47
"384","ILCA","United States","Mississippi","28","Jackson",59
"385","ILCA","United States","Mississippi","28","Pearl River",109
"386","ILCA","United States","North Carolina","37","",NA
"387","ILCA","United States","North Carolina","37","Brunswick",19
"388","ILCA","United States","North Carolina","37","New Hanover",129
"389","ILCA","United States","South Carolina","45","",NA
"390","ILCA","United States","South Carolina","45","Beaufort",13
"391","ILCA","United States","South Carolina","45","Berkeley",15
"392","ILCA","United States","South Carolina","45","Charleston",19
"393","ILCA","United States","South Carolina","45","Dorchester",35
"394","ILCA","United States","South Carolina","45","Georgetown",43
"395","ILCA","United States","South Carolina","45","Horry",51
"396","ILCA","United States","South Carolina","45","Williamsburg",89
"397","ILCA","United States","Texas","48","",NA
"398","ILCA","United States","Puerto Rico","72","",NA
"399","ILCO2","United States","North Carolina","37","",NA
"400","ILCO2","United States","Virginia","51","",NA
"401","ILCO2","United States","Virginia","51","Giles",71
"402","ILCO2","United States","Virginia","51","Grayson",77
"403","ILCO2","United States","Virginia","51","Tazewell",185
"404","ILCO2","United States","West Virginia","54","",NA
"405","ILCO2","United States","West Virginia","54","Nicholas",67
"406","ILCO2","United States","West Virginia","54","Pocahontas",75
"407","ILCO2","United States","West Virginia","54","Randolph",83
"408","ILCO2","United States","West Virginia","54","Tucker",93
"409","ILCO2","United States","West Virginia","54","Webster",101
"410","ILCO","United States","Alabama","1","",NA
"411","ILCO","United States","Alabama","1","Baldwin",3
"412","ILCO","United States","Alabama","1","Barbour",5
"413","ILCO","United States","Alabama","1","Clarke",25
"414","ILCO","United States","Alabama","1","Coffee",31
"415","ILCO","United States","Alabama","1","Conecuh",35
"416","ILCO","United States","Alabama","1","Escambia",53
"417","ILCO","United States","Alabama","1","Geneva",61
"418","ILCO","United States","Alabama","1","Lee",81
"419","ILCO","United States","Alabama","1","Mobile",97
"420","ILCO","United States","Alabama","1","Pike",109
"421","ILCO","United States","Alabama","1","Washington",129
"422","ILCO","United States","Florida","12","",NA
"423","ILCO","United States","Florida","12","Alachua",1
"424","ILCO","United States","Florida","12","Baker",3
"425","ILCO","United States","Florida","12","Bay",5
"426","ILCO","United States","Florida","12","Calhoun",13
"427","ILCO","United States","Florida","12","Clay",19
"428","ILCO","United States","Florida","12","Columbia",23
"429","ILCO","United States","Florida","12","Dixie",29
"430","ILCO","United States","Florida","12","Escambia",33
"431","ILCO","United States","Florida","12","Franklin",37
"432","ILCO","United States","Florida","12","Gadsden",39
"433","ILCO","United States","Florida","12","Gilchrist",41
"434","ILCO","United States","Florida","12","Gulf",45
"435","ILCO","United States","Florida","12","Hamilton",47
"436","ILCO","United States","Florida","12","Hernando",53
"437","ILCO","United States","Florida","12","Jackson",63
"438","ILCO","United States","Florida","12","Jefferson",65
"439","ILCO","United States","Florida","12","Lafayette",67
"440","ILCO","United States","Florida","12","Lake",69
"441","ILCO","United States","Florida","12","Leon",73
"442","ILCO","United States","Florida","12","Levy",75
"443","ILCO","United States","Florida","12","Liberty",77
"444","ILCO","United States","Florida","12","Marion",83
"445","ILCO","United States","Florida","12","Nassau",89
"446","ILCO","United States","Florida","12","Okaloosa",91
"447","ILCO","United States","Florida","12","Orange",95
"448","ILCO","United States","Florida","12","Polk",105
"449","ILCO","United States","Florida","12","Putnam",107
"450","ILCO","United States","Florida","12","Santa Rosa",113
"451","ILCO","United States","Florida","12","Seminole",117
"452","ILCO","United States","Florida","12","Suwannee",121
"453","ILCO","United States","Florida","12","Taylor",123
"454","ILCO","United States","Florida","12","Union",125
"455","ILCO","United States","Florida","12","Volusia",127
"456","ILCO","United States","Florida","12","Wakulla",129
"457","ILCO","United States","Florida","12","Walton",131
"458","ILCO","United States","Florida","12","Washington",133
"459","ILCO","United States","Georgia","13","",NA
"460","ILCO","United States","Georgia","13","Appling",1
"461","ILCO","United States","Georgia","13","Berrien",19
"462","ILCO","United States","Georgia","13","Brantley",25
"463","ILCO","United States","Georgia","13","Brooks",27
"464","ILCO","United States","Georgia","13","Calhoun",37
"465","ILCO","United States","Georgia","13","Candler",43
"466","ILCO","United States","Georgia","13","Charlton",49
"467","ILCO","United States","Georgia","13","Chatham",51
"468","ILCO","United States","Georgia","13","Clay",61
"469","ILCO","United States","Georgia","13","Clinch",65
"470","ILCO","United States","Georgia","13","Columbia",73
"471","ILCO","United States","Georgia","13","Decatur",87
"472","ILCO","United States","Georgia","13","Echols",101
"473","ILCO","United States","Georgia","13","Elbert",105
"474","ILCO","United States","Georgia","13","Emanuel",107
"475","ILCO","United States","Georgia","13","Grady",131
"476","ILCO","United States","Georgia","13","Lanier",173
"477","ILCO","United States","Georgia","13","Lee",177
"478","ILCO","United States","Georgia","13","Liberty",179
"479","ILCO","United States","Georgia","13","Long",183
"480","ILCO","United States","Georgia","13","Marion",197
"481","ILCO","United States","Georgia","13","McDuffie",189
"482","ILCO","United States","Georgia","13","McIntosh",191
"483","ILCO","United States","Georgia","13","Meriwether",199
"484","ILCO","United States","Georgia","13","Randolph",243
"485","ILCO","United States","Georgia","13","Screven",251
"486","ILCO","United States","Georgia","13","Talbot",263
"487","ILCO","United States","Georgia","13","Tattnall",267
"488","ILCO","United States","Georgia","13","Telfair",271
"489","ILCO","United States","Georgia","13","Turner",287
"490","ILCO","United States","Georgia","13","Ware",299
"491","ILCO","United States","Louisiana","22","",NA
"492","ILCO","United States","Louisiana","22","Beauregard",11
"493","ILCO","United States","Louisiana","22","Calcasieu",19
"494","ILCO","United States","Louisiana","22","Natchitoches",69
"495","ILCO","United States","Louisiana","22","St. Tammany",103
"496","ILCO","United States","Louisiana","22","Tangipahoa",105
"497","ILCO","United States","Louisiana","22","Vernon",115
"498","ILCO","United States","Louisiana","22","Washington",117
"499","ILCO","United States","Mississippi","28","",NA
"500","ILCO","United States","Mississippi","28","Clarke",23
"501","ILCO","United States","Mississippi","28","Covington",31
"502","ILCO","United States","Mississippi","28","Forrest",35
"503","ILCO","United States","Mississippi","28","George",39
"504","ILCO","United States","Mississippi","28","Greene",41
"505","ILCO","United States","Mississippi","28","Hancock",45
"506","ILCO","United States","Mississippi","28","Harrison",47
"507","ILCO","United States","Mississippi","28","Jackson",59
"508","ILCO","United States","Mississippi","28","Lamar",73
"509","ILCO","United States","Mississippi","28","Lawrence",77
"510","ILCO","United States","Mississippi","28","Marion",91
"511","ILCO","United States","Mississippi","28","Pearl River",109
"512","ILCO","United States","Mississippi","28","Pike",113
"513","ILCO","United States","Mississippi","28","Smith",129
"514","ILCO","United States","Mississippi","28","Stone",131
"515","ILCO","United States","Mississippi","28","Wayne",153
"516","ILCO","United States","North Carolina","37","",NA
"517","ILCO","United States","North Carolina","37","Beaufort",13
"518","ILCO","United States","North Carolina","37","Bladen",17
"519","ILCO","United States","North Carolina","37","Brunswick",19
"520","ILCO","United States","North Carolina","37","Carteret",31
"521","ILCO","United States","North Carolina","37","Chowan",41
"522","ILCO","United States","North Carolina","37","Columbus",47
"523","ILCO","United States","North Carolina","37","Craven",49
"524","ILCO","United States","North Carolina","37","Cumberland",51
"525","ILCO","United States","North Carolina","37","Dare",55
"526","ILCO","United States","North Carolina","37","Duplin",61
"527","ILCO","United States","North Carolina","37","Gates",73
"528","ILCO","United States","North Carolina","37","Harnett",85
"529","ILCO","United States","North Carolina","37","Hoke",93
"530","ILCO","United States","North Carolina","37","Johnston",101
"531","ILCO","United States","North Carolina","37","Jones",103
"532","ILCO","United States","North Carolina","37","Lenoir",107
"533","ILCO","United States","North Carolina","37","Moore",125
"534","ILCO","United States","North Carolina","37","New Hanover",129
"535","ILCO","United States","North Carolina","37","Northampton",131
"536","ILCO","United States","North Carolina","37","Onslow",133
"537","ILCO","United States","North Carolina","37","Pamlico",137
"538","ILCO","United States","North Carolina","37","Pender",141
"539","ILCO","United States","North Carolina","37","Pitt",147
"540","ILCO","United States","North Carolina","37","Richmond",153
"541","ILCO","United States","North Carolina","37","Robeson",155
"542","ILCO","United States","North Carolina","37","Sampson",163
"543","ILCO","United States","North Carolina","37","Scotland",165
"544","ILCO","United States","North Carolina","37","Washington",187
"545","ILCO","United States","North Carolina","37","Wayne",191
"546","ILCO","United States","South Carolina","45","",NA
"547","ILCO","United States","South Carolina","45","Aiken",3
"548","ILCO","United States","South Carolina","45","Allendale",5
"549","ILCO","United States","South Carolina","45","Barnwell",11
"550","ILCO","United States","South Carolina","45","Berkeley",15
"551","ILCO","United States","South Carolina","45","Calhoun",17
"552","ILCO","United States","South Carolina","45","Charleston",19
"553","ILCO","United States","South Carolina","45","Chesterfield",25
"554","ILCO","United States","South Carolina","45","Clarendon",27
"555","ILCO","United States","South Carolina","45","Darlington",31
"556","ILCO","United States","South Carolina","45","Dillon",33
"557","ILCO","United States","South Carolina","45","Dorchester",35
"558","ILCO","United States","South Carolina","45","Georgetown",43
"559","ILCO","United States","South Carolina","45","Horry",51
"560","ILCO","United States","South Carolina","45","Kershaw",55
"561","ILCO","United States","South Carolina","45","Lee",61
"562","ILCO","United States","South Carolina","45","Lexington",63
"563","ILCO","United States","South Carolina","45","Marlboro",69
"564","ILCO","United States","South Carolina","45","Richland",79
"565","ILCO","United States","South Carolina","45","Sumter",85
"566","ILCO","United States","Texas","48","",NA
"567","ILCO","United States","Texas","48","Angelina",5
"568","ILCO","United States","Texas","48","Hardin",199
"569","ILCO","United States","Texas","48","Jasper",241
"570","ILCO","United States","Texas","48","Liberty",291
"571","ILCO","United States","Texas","48","Montgomery",339
"572","ILCO","United States","Texas","48","Newton",351
"573","ILCO","United States","Texas","48","Polk",373
"574","ILCO","United States","Texas","48","San Jacinto",407
"575","ILCO","United States","Texas","48","Tyler",457
"576","ILCO","United States","Virginia","51","",NA
"577","ILCO","United States","Virginia","51","Chesapeake ",550
"578","ILCO","United States","Virginia","51","Suffolk ",800
"579","ILCU3","United States","Georgia","13",NA,NA
"580","ILCU3","United States","South Carolina","45",NA,NA
"581","ILDE","United States","Alabama","1","",NA
"582","ILDE","United States","Alabama","1","Autauga",1
"583","ILDE","United States","Alabama","1","Baldwin",3
"584","ILDE","United States","Alabama","1","Barbour",5
"585","ILDE","United States","Alabama","1","Bibb",7
"586","ILDE","United States","Alabama","1","Blount",9
"587","ILDE","United States","Alabama","1","Bullock",11
"588","ILDE","United States","Alabama","1","Butler",13
"589","ILDE","United States","Alabama","1","Chilton",21
"590","ILDE","United States","Alabama","1","Choctaw",23
"591","ILDE","United States","Alabama","1","Clarke",25
"592","ILDE","United States","Alabama","1","Clay",27
"593","ILDE","United States","Alabama","1","Coffee",31
"594","ILDE","United States","Alabama","1","Colbert",33
"595","ILDE","United States","Alabama","1","Conecuh",35
"596","ILDE","United States","Alabama","1","Coosa",37
"597","ILDE","United States","Alabama","1","Covington",39
"598","ILDE","United States","Alabama","1","Crenshaw",41
"599","ILDE","United States","Alabama","1","Cullman",43
"600","ILDE","United States","Alabama","1","Dale",45
"601","ILDE","United States","Alabama","1","Dallas",47
"602","ILDE","United States","Alabama","1","DeKalb",49
"603","ILDE","United States","Alabama","1","Elmore",51
"604","ILDE","United States","Alabama","1","Escambia",53
"605","ILDE","United States","Alabama","1","Etowah",55
"606","ILDE","United States","Alabama","1","Fayette",57
"607","ILDE","United States","Alabama","1","Franklin",59
"608","ILDE","United States","Alabama","1","Geneva",61
"609","ILDE","United States","Alabama","1","Greene",63
"610","ILDE","United States","Alabama","1","Hale",65
"611","ILDE","United States","Alabama","1","Henry",67
"612","ILDE","United States","Alabama","1","Jackson",71
"613","ILDE","United States","Alabama","1","Jefferson",73
"614","ILDE","United States","Alabama","1","Lamar",75
"615","ILDE","United States","Alabama","1","Lauderdale",77
"616","ILDE","United States","Alabama","1","Lawrence",79
"617","ILDE","United States","Alabama","1","Lee",81
"618","ILDE","United States","Alabama","1","Limestone",83
"619","ILDE","United States","Alabama","1","Lowndes",85
"620","ILDE","United States","Alabama","1","Macon",87
"621","ILDE","United States","Alabama","1","Madison",89
"622","ILDE","United States","Alabama","1","Marengo",91
"623","ILDE","United States","Alabama","1","Marshall",95
"624","ILDE","United States","Alabama","1","Monroe",99
"625","ILDE","United States","Alabama","1","Montgomery",101
"626","ILDE","United States","Alabama","1","Morgan",103
"627","ILDE","United States","Alabama","1","Perry",105
"628","ILDE","United States","Alabama","1","Pickens",107
"629","ILDE","United States","Alabama","1","Pike",109
"630","ILDE","United States","Alabama","1","Russell",113
"631","ILDE","United States","Alabama","1","Shelby",117
"632","ILDE","United States","Alabama","1","St. Clair",115
"633","ILDE","United States","Alabama","1","Sumter",119
"634","ILDE","United States","Alabama","1","Talladega",121
"635","ILDE","United States","Alabama","1","Tuscaloosa",125
"636","ILDE","United States","Alabama","1","Walker",127
"637","ILDE","United States","Alabama","1","Washington",129
"638","ILDE","United States","Alabama","1","Wilcox",131
"639","ILDE","United States","Alabama","1","Winston",133
"640","ILDE","United States","Arkansas","5","",NA
"641","ILDE","United States","Arkansas","5","Arkansas",1
"642","ILDE","United States","Arkansas","5","Ashley",3
"643","ILDE","United States","Arkansas","5","Baxter",5
"644","ILDE","United States","Arkansas","5","Benton",7
"645","ILDE","United States","Arkansas","5","Boone",9
"646","ILDE","United States","Arkansas","5","Bradley",11
"647","ILDE","United States","Arkansas","5","Calhoun",13
"648","ILDE","United States","Arkansas","5","Carroll",15
"649","ILDE","United States","Arkansas","5","Chicot",17
"650","ILDE","United States","Arkansas","5","Clark",19
"651","ILDE","United States","Arkansas","5","Clay",21
"652","ILDE","United States","Arkansas","5","Cleburne",23
"653","ILDE","United States","Arkansas","5","Cleveland",25
"654","ILDE","United States","Arkansas","5","Columbia",27
"655","ILDE","United States","Arkansas","5","Conway",29
"656","ILDE","United States","Arkansas","5","Craighead",31
"657","ILDE","United States","Arkansas","5","Crawford",33
"658","ILDE","United States","Arkansas","5","Crittenden",35
"659","ILDE","United States","Arkansas","5","Cross",37
"660","ILDE","United States","Arkansas","5","Dallas",39
"661","ILDE","United States","Arkansas","5","Desha",41
"662","ILDE","United States","Arkansas","5","Drew",43
"663","ILDE","United States","Arkansas","5","Faulkner",45
"664","ILDE","United States","Arkansas","5","Franklin",47
"665","ILDE","United States","Arkansas","5","Fulton",49
"666","ILDE","United States","Arkansas","5","Garland",51
"667","ILDE","United States","Arkansas","5","Grant",53
"668","ILDE","United States","Arkansas","5","Greene",55
"669","ILDE","United States","Arkansas","5","Hempstead",57
"670","ILDE","United States","Arkansas","5","Hot Spring",59
"671","ILDE","United States","Arkansas","5","Howard",61
"672","ILDE","United States","Arkansas","5","Independence",63
"673","ILDE","United States","Arkansas","5","Izard",65
"674","ILDE","United States","Arkansas","5","Jackson",67
"675","ILDE","United States","Arkansas","5","Jefferson",69
"676","ILDE","United States","Arkansas","5","Johnson",71
"677","ILDE","United States","Arkansas","5","Lafayette",73
"678","ILDE","United States","Arkansas","5","Lawrence",75
"679","ILDE","United States","Arkansas","5","Lee",77
"680","ILDE","United States","Arkansas","5","Lincoln",79
"681","ILDE","United States","Arkansas","5","Little River",81
"682","ILDE","United States","Arkansas","5","Logan",83
"683","ILDE","United States","Arkansas","5","Lonoke",85
"684","ILDE","United States","Arkansas","5","Madison",87
"685","ILDE","United States","Arkansas","5","Marion",89
"686","ILDE","United States","Arkansas","5","Miller",91
"687","ILDE","United States","Arkansas","5","Mississippi",93
"688","ILDE","United States","Arkansas","5","Monroe",95
"689","ILDE","United States","Arkansas","5","Montgomery",97
"690","ILDE","United States","Arkansas","5","Nevada",99
"691","ILDE","United States","Arkansas","5","Newton",101
"692","ILDE","United States","Arkansas","5","Ouachita",103
"693","ILDE","United States","Arkansas","5","Perry",105
"694","ILDE","United States","Arkansas","5","Phillips",107
"695","ILDE","United States","Arkansas","5","Pike",109
"696","ILDE","United States","Arkansas","5","Poinsett",111
"697","ILDE","United States","Arkansas","5","Polk",113
"698","ILDE","United States","Arkansas","5","Pope",115
"699","ILDE","United States","Arkansas","5","Prairie",117
"700","ILDE","United States","Arkansas","5","Pulaski",119
"701","ILDE","United States","Arkansas","5","Randolph",121
"702","ILDE","United States","Arkansas","5","Saline",125
"703","ILDE","United States","Arkansas","5","Scott",127
"704","ILDE","United States","Arkansas","5","Searcy",129
"705","ILDE","United States","Arkansas","5","Sebastian",131
"706","ILDE","United States","Arkansas","5","Sevier",133
"707","ILDE","United States","Arkansas","5","Sharp",135
"708","ILDE","United States","Arkansas","5","St. Francis",123
"709","ILDE","United States","Arkansas","5","Stone",137
"710","ILDE","United States","Arkansas","5","Union",139
"711","ILDE","United States","Arkansas","5","Van Buren",141
"712","ILDE","United States","Arkansas","5","Washington",143
"713","ILDE","United States","Arkansas","5","White",145
"714","ILDE","United States","Arkansas","5","Woodruff",147
"715","ILDE","United States","Arkansas","5","Yell",149
"716","ILDE","United States","District of Columbia","11","",NA
"717","ILDE","United States","District of Columbia","11","District of Columbia",1
"718","ILDE","United States","Florida","12","",NA
"719","ILDE","United States","Florida","12","Alachua",1
"720","ILDE","United States","Florida","12","Calhoun",13
"721","ILDE","United States","Florida","12","Citrus",17
"722","ILDE","United States","Florida","12","Columbia",23
"723","ILDE","United States","Florida","12","DeSoto",27
"724","ILDE","United States","Florida","12","Dixie",29
"725","ILDE","United States","Florida","12","Escambia",33
"726","ILDE","United States","Florida","12","Franklin",37
"727","ILDE","United States","Florida","12","Gadsden",39
"728","ILDE","United States","Florida","12","Gilchrist",41
"729","ILDE","United States","Florida","12","Hamilton",47
"730","ILDE","United States","Florida","12","Hardee",49
"731","ILDE","United States","Florida","12","Holmes",59
"732","ILDE","United States","Florida","12","Jackson",63
"733","ILDE","United States","Florida","12","Jefferson",65
"734","ILDE","United States","Florida","12","Lafayette",67
"735","ILDE","United States","Florida","12","Leon",73
"736","ILDE","United States","Florida","12","Levy",75
"737","ILDE","United States","Florida","12","Liberty",77
"738","ILDE","United States","Florida","12","Madison",79
"739","ILDE","United States","Florida","12","Manatee",81
"740","ILDE","United States","Florida","12","Marion",83
"741","ILDE","United States","Florida","12","Okaloosa",91
"742","ILDE","United States","Florida","12","Pasco",101
"743","ILDE","United States","Florida","12","Pinellas",103
"744","ILDE","United States","Florida","12","Santa Rosa",113
"745","ILDE","United States","Florida","12","Suwannee",121
"746","ILDE","United States","Florida","12","Taylor",123
"747","ILDE","United States","Florida","12","Union",125
"748","ILDE","United States","Florida","12","Wakulla",129
"749","ILDE","United States","Florida","12","Walton",131
"750","ILDE","United States","Florida","12","Washington",133
"751","ILDE","United States","Georgia","13","",NA
"752","ILDE","United States","Georgia","13","Baker",7
"753","ILDE","United States","Georgia","13","Baldwin",9
"754","ILDE","United States","Georgia","13","Bibb",21
"755","ILDE","United States","Georgia","13","Brooks",27
"756","ILDE","United States","Georgia","13","Charlton",49
"757","ILDE","United States","Georgia","13","Chatham",51
"758","ILDE","United States","Georgia","13","Clarke",59
"759","ILDE","United States","Georgia","13","Columbia",73
"760","ILDE","United States","Georgia","13","Decatur",87
"761","ILDE","United States","Georgia","13","DeKalb",89
"762","ILDE","United States","Georgia","13","Dodge",91
"763","ILDE","United States","Georgia","13","Dooly",93
"764","ILDE","United States","Georgia","13","Dougherty",95
"765","ILDE","United States","Georgia","13","Fayette",113
"766","ILDE","United States","Georgia","13","Floyd",115
"767","ILDE","United States","Georgia","13","Glynn",127
"768","ILDE","United States","Georgia","13","Gordon",129
"769","ILDE","United States","Georgia","13","Grady",131
"770","ILDE","United States","Georgia","13","Greene",133
"771","ILDE","United States","Georgia","13","Harris",145
"772","ILDE","United States","Georgia","13","Jackson",157
"773","ILDE","United States","Georgia","13","Jasper",159
"774","ILDE","United States","Georgia","13","Laurens",175
"775","ILDE","United States","Georgia","13","Lee",177
"776","ILDE","United States","Georgia","13","Long",183
"777","ILDE","United States","Georgia","13","Lowndes",185
"778","ILDE","United States","Georgia","13","Macon",193
"779","ILDE","United States","Georgia","13","Madison",195
"780","ILDE","United States","Georgia","13","McIntosh",191
"781","ILDE","United States","Georgia","13","Morgan",211
"782","ILDE","United States","Georgia","13","Murray",213
"783","ILDE","United States","Georgia","13","Oconee",219
"784","ILDE","United States","Georgia","13","Oglethorpe",221
"785","ILDE","United States","Georgia","13","Pike",231
"786","ILDE","United States","Georgia","13","Putnam",237
"787","ILDE","United States","Georgia","13","Screven",251
"788","ILDE","United States","Georgia","13","Seminole",253
"789","ILDE","United States","Georgia","13","Spalding",255
"790","ILDE","United States","Georgia","13","Talbot",263
"791","ILDE","United States","Georgia","13","Tattnall",267
"792","ILDE","United States","Georgia","13","Toombs",279
"793","ILDE","United States","Georgia","13","Upson",293
"794","ILDE","United States","Georgia","13","Wayne",305
"795","ILDE","United States","Georgia","13","Worth",321
"796","ILDE","United States","Illinois","17","",NA
"797","ILDE","United States","Illinois","17","Adams",1
"798","ILDE","United States","Illinois","17","Alexander",3
"799","ILDE","United States","Illinois","17","Bond",5
"800","ILDE","United States","Illinois","17","Calhoun",13
"801","ILDE","United States","Illinois","17","Cass",17
"802","ILDE","United States","Illinois","17","Clay",25
"803","ILDE","United States","Illinois","17","Clinton",27
"804","ILDE","United States","Illinois","17","Edwards",47
"805","ILDE","United States","Illinois","17","Effingham",49
"806","ILDE","United States","Illinois","17","Fayette",51
"807","ILDE","United States","Illinois","17","Franklin",55
"808","ILDE","United States","Illinois","17","Gallatin",59
"809","ILDE","United States","Illinois","17","Greene",61
"810","ILDE","United States","Illinois","17","Hamilton",65
"811","ILDE","United States","Illinois","17","Hancock",67
"812","ILDE","United States","Illinois","17","Hardin",69
"813","ILDE","United States","Illinois","17","Jackson",77
"814","ILDE","United States","Illinois","17","Jersey",83
"815","ILDE","United States","Illinois","17","Johnson",87
"816","ILDE","United States","Illinois","17","Lawrence",101
"817","ILDE","United States","Illinois","17","Madison",119
"818","ILDE","United States","Illinois","17","Mason",125
"819","ILDE","United States","Illinois","17","Massac",127
"820","ILDE","United States","Illinois","17","Monroe",133
"821","ILDE","United States","Illinois","17","Morgan",137
"822","ILDE","United States","Illinois","17","Perry",145
"823","ILDE","United States","Illinois","17","Pike",149
"824","ILDE","United States","Illinois","17","Pope",151
"825","ILDE","United States","Illinois","17","Pulaski",153
"826","ILDE","United States","Illinois","17","Randolph",157
"827","ILDE","United States","Illinois","17","Richland",159
"828","ILDE","United States","Illinois","17","Saline",165
"829","ILDE","United States","Illinois","17","St. Clair",163
"830","ILDE","United States","Illinois","17","Union",181
"831","ILDE","United States","Illinois","17","Wabash",185
"832","ILDE","United States","Illinois","17","Washington",189
"833","ILDE","United States","Illinois","17","Wayne",191
"834","ILDE","United States","Illinois","17","White",193
"835","ILDE","United States","Illinois","17","Williamson",199
"836","ILDE","United States","Indiana","18","",NA
"837","ILDE","United States","Indiana","18","Daviess",27
"838","ILDE","United States","Indiana","18","Gibson",51
"839","ILDE","United States","Indiana","18","Knox",83
"840","ILDE","United States","Indiana","18","Pike",125
"841","ILDE","United States","Indiana","18","Posey",129
"842","ILDE","United States","Indiana","18","Warrick",173
"843","ILDE","United States","Kansas","20","",NA
"844","ILDE","United States","Kansas","20","Cherokee",21
"845","ILDE","United States","Kansas","20","Crawford",37
"846","ILDE","United States","Kansas","20","Labette",99
"847","ILDE","United States","Kansas","20","Montgomery",125
"848","ILDE","United States","Kansas","20","Neosho",133
"849","ILDE","United States","Kentucky","21","",NA
"850","ILDE","United States","Kentucky","21","Ballard",7
"851","ILDE","United States","Kentucky","21","Butler",31
"852","ILDE","United States","Kentucky","21","Calloway",35
"853","ILDE","United States","Kentucky","21","Carlisle",39
"854","ILDE","United States","Kentucky","21","Crittenden",55
"855","ILDE","United States","Kentucky","21","Daviess",59
"856","ILDE","United States","Kentucky","21","Edmonson",61
"857","ILDE","United States","Kentucky","21","Fulton",75
"858","ILDE","United States","Kentucky","21","Graves",83
"859","ILDE","United States","Kentucky","21","Henderson",101
"860","ILDE","United States","Kentucky","21","Hickman",105
"861","ILDE","United States","Kentucky","21","Hopkins",107
"862","ILDE","United States","Kentucky","21","Lincoln",137
"863","ILDE","United States","Kentucky","21","Lyon",143
"864","ILDE","United States","Kentucky","21","Madison",151
"865","ILDE","United States","Kentucky","21","Marshall",157
"866","ILDE","United States","Kentucky","21","McCracken",145
"867","ILDE","United States","Kentucky","21","McLean",149
"868","ILDE","United States","Kentucky","21","Muhlenberg",177
"869","ILDE","United States","Kentucky","21","Ohio",183
"870","ILDE","United States","Kentucky","21","Todd",219
"871","ILDE","United States","Kentucky","21","Trigg",221
"872","ILDE","United States","Kentucky","21","Union",225
"873","ILDE","United States","Kentucky","21","Warren",227
"874","ILDE","United States","Kentucky","21","Webster",233
"875","ILDE","United States","Louisiana","22","",NA
"876","ILDE","United States","Louisiana","22","Acadia",1
"877","ILDE","United States","Louisiana","22","Allen",3
"878","ILDE","United States","Louisiana","22","Ascension",5
"879","ILDE","United States","Louisiana","22","Assumption",7
"880","ILDE","United States","Louisiana","22","Avoyelles",9
"881","ILDE","United States","Louisiana","22","Beauregard",11
"882","ILDE","United States","Louisiana","22","Bienville",13
"883","ILDE","United States","Louisiana","22","Bossier",15
"884","ILDE","United States","Louisiana","22","Caddo",17
"885","ILDE","United States","Louisiana","22","Calcasieu",19
"886","ILDE","United States","Louisiana","22","Caldwell",21
"887","ILDE","United States","Louisiana","22","Cameron",23
"888","ILDE","United States","Louisiana","22","Catahoula",25
"889","ILDE","United States","Louisiana","22","Claiborne",27
"890","ILDE","United States","Louisiana","22","Concordia",29
"891","ILDE","United States","Louisiana","22","De Soto",31
"892","ILDE","United States","Louisiana","22","East Baton Rouge",33
"893","ILDE","United States","Louisiana","22","East Carroll",35
"894","ILDE","United States","Louisiana","22","East Feliciana",37
"895","ILDE","United States","Louisiana","22","Evangeline",39
"896","ILDE","United States","Louisiana","22","Franklin",41
"897","ILDE","United States","Louisiana","22","Grant",43
"898","ILDE","United States","Louisiana","22","Iberia",45
"899","ILDE","United States","Louisiana","22","Iberville",47
"900","ILDE","United States","Louisiana","22","Jackson",49
"901","ILDE","United States","Louisiana","22","Jefferson",51
"902","ILDE","United States","Louisiana","22","Jefferson Davis",53
"903","ILDE","United States","Louisiana","22","Lafayette",55
"904","ILDE","United States","Louisiana","22","Lafourche",57
"905","ILDE","United States","Louisiana","22","LaSalle",59
"906","ILDE","United States","Louisiana","22","Lincoln",61
"907","ILDE","United States","Louisiana","22","Livingston",63
"908","ILDE","United States","Louisiana","22","Madison",65
"909","ILDE","United States","Louisiana","22","Morehouse",67
"910","ILDE","United States","Louisiana","22","Natchitoches",69
"911","ILDE","United States","Louisiana","22","Orleans",71
"912","ILDE","United States","Louisiana","22","Ouachita",73
"913","ILDE","United States","Louisiana","22","Plaquemines",75
"914","ILDE","United States","Louisiana","22","Pointe Coupee",77
"915","ILDE","United States","Louisiana","22","Rapides",79
"916","ILDE","United States","Louisiana","22","Red River",81
"917","ILDE","United States","Louisiana","22","Richland",83
"918","ILDE","United States","Louisiana","22","Sabine",85
"919","ILDE","United States","Louisiana","22","St. Bernard",87
"920","ILDE","United States","Louisiana","22","St. Charles",89
"921","ILDE","United States","Louisiana","22","St. Helena",91
"922","ILDE","United States","Louisiana","22","St. John the Baptist",95
"923","ILDE","United States","Louisiana","22","St. Landry",97
"924","ILDE","United States","Louisiana","22","St. Martin",99
"925","ILDE","United States","Louisiana","22","St. Mary",101
"926","ILDE","United States","Louisiana","22","St. Tammany",103
"927","ILDE","United States","Louisiana","22","Tangipahoa",105
"928","ILDE","United States","Louisiana","22","Tensas",107
"929","ILDE","United States","Louisiana","22","Terrebonne",109
"930","ILDE","United States","Louisiana","22","Union",111
"931","ILDE","United States","Louisiana","22","Vermilion",113
"932","ILDE","United States","Louisiana","22","Vernon",115
"933","ILDE","United States","Louisiana","22","Washington",117
"934","ILDE","United States","Louisiana","22","Webster",119
"935","ILDE","United States","Louisiana","22","West Baton Rouge",121
"936","ILDE","United States","Louisiana","22","West Carroll",123
"937","ILDE","United States","Louisiana","22","West Feliciana",125
"938","ILDE","United States","Louisiana","22","Winn",127
"939","ILDE","United States","Maryland","24","",NA
"940","ILDE","United States","Maryland","24","Anne Arundel",3
"941","ILDE","United States","Maryland","24","Caroline",11
"942","ILDE","United States","Maryland","24","Charles",17
"943","ILDE","United States","Maryland","24","Montgomery",31
"944","ILDE","United States","Maryland","24","Prince George's",33
"945","ILDE","United States","Maryland","24","Queen Anne's",35
"946","ILDE","United States","Maryland","24","St. Mary's",37
"947","ILDE","United States","Mississippi","28","",NA
"948","ILDE","United States","Mississippi","28","Adams",1
"949","ILDE","United States","Mississippi","28","Alcorn",3
"950","ILDE","United States","Mississippi","28","Amite",5
"951","ILDE","United States","Mississippi","28","Attala",7
"952","ILDE","United States","Mississippi","28","Calhoun",13
"953","ILDE","United States","Mississippi","28","Carroll",15
"954","ILDE","United States","Mississippi","28","Chickasaw",17
"955","ILDE","United States","Mississippi","28","Choctaw",19
"956","ILDE","United States","Mississippi","28","Claiborne",21
"957","ILDE","United States","Mississippi","28","Clay",25
"958","ILDE","United States","Mississippi","28","Copiah",29
"959","ILDE","United States","Mississippi","28","DeSoto",33
"960","ILDE","United States","Mississippi","28","Forrest",35
"961","ILDE","United States","Mississippi","28","Franklin",37
"962","ILDE","United States","Mississippi","28","George",39
"963","ILDE","United States","Mississippi","28","Greene",41
"964","ILDE","United States","Mississippi","28","Grenada",43
"965","ILDE","United States","Mississippi","28","Harrison",47
"966","ILDE","United States","Mississippi","28","Hinds",49
"967","ILDE","United States","Mississippi","28","Holmes",51
"968","ILDE","United States","Mississippi","28","Humphreys",53
"969","ILDE","United States","Mississippi","28","Itawamba",57
"970","ILDE","United States","Mississippi","28","Jackson",59
"971","ILDE","United States","Mississippi","28","Jasper",61
"972","ILDE","United States","Mississippi","28","Jefferson",63
"973","ILDE","United States","Mississippi","28","Jones",67
"974","ILDE","United States","Mississippi","28","Kemper",69
"975","ILDE","United States","Mississippi","28","Lafayette",71
"976","ILDE","United States","Mississippi","28","Lauderdale",75
"977","ILDE","United States","Mississippi","28","Lawrence",77
"978","ILDE","United States","Mississippi","28","Leake",79
"979","ILDE","United States","Mississippi","28","Lee",81
"980","ILDE","United States","Mississippi","28","Leflore",83
"981","ILDE","United States","Mississippi","28","Lowndes",87
"982","ILDE","United States","Mississippi","28","Madison",89
"983","ILDE","United States","Mississippi","28","Marion",91
"984","ILDE","United States","Mississippi","28","Marshall",93
"985","ILDE","United States","Mississippi","28","Monroe",95
"986","ILDE","United States","Mississippi","28","Montgomery",97
"987","ILDE","United States","Mississippi","28","Neshoba",99
"988","ILDE","United States","Mississippi","28","Newton",101
"989","ILDE","United States","Mississippi","28","Noxubee",103
"990","ILDE","United States","Mississippi","28","Oktibbeha",105
"991","ILDE","United States","Mississippi","28","Panola",107
"992","ILDE","United States","Mississippi","28","Pearl River",109
"993","ILDE","United States","Mississippi","28","Perry",111
"994","ILDE","United States","Mississippi","28","Pike",113
"995","ILDE","United States","Mississippi","28","Pontotoc",115
"996","ILDE","United States","Mississippi","28","Rankin",121
"997","ILDE","United States","Mississippi","28","Scott",123
"998","ILDE","United States","Mississippi","28","Sharkey",125
"999","ILDE","United States","Mississippi","28","Simpson",127
"1000","ILDE","United States","Mississippi","28","Smith",129
"1001","ILDE","United States","Mississippi","28","Tallahatchie",135
"1002","ILDE","United States","Mississippi","28","Tate",137
"1003","ILDE","United States","Mississippi","28","Tippah",139
"1004","ILDE","United States","Mississippi","28","Tishomingo",141
"1005","ILDE","United States","Mississippi","28","Tunica",143
"1006","ILDE","United States","Mississippi","28","Warren",149
"1007","ILDE","United States","Mississippi","28","Washington",151
"1008","ILDE","United States","Mississippi","28","Wayne",153
"1009","ILDE","United States","Mississippi","28","Webster",155
"1010","ILDE","United States","Mississippi","28","Wilkinson",157
"1011","ILDE","United States","Mississippi","28","Winston",159
"1012","ILDE","United States","Mississippi","28","Yazoo",163
"1013","ILDE","United States","Missouri","29","",NA
"1014","ILDE","United States","Missouri","29","Barry",9
"1015","ILDE","United States","Missouri","29","Barton",11
"1016","ILDE","United States","Missouri","29","Bates",13
"1017","ILDE","United States","Missouri","29","Benton",15
"1018","ILDE","United States","Missouri","29","Bollinger",17
"1019","ILDE","United States","Missouri","29","Butler",23
"1020","ILDE","United States","Missouri","29","Camden",29
"1021","ILDE","United States","Missouri","29","Cape Girardeau",31
"1022","ILDE","United States","Missouri","29","Carter",35
"1023","ILDE","United States","Missouri","29","Cass",37
"1024","ILDE","United States","Missouri","29","Christian",43
"1025","ILDE","United States","Missouri","29","Cole",51
"1026","ILDE","United States","Missouri","29","Douglas",67
"1027","ILDE","United States","Missouri","29","Dunklin",69
"1028","ILDE","United States","Missouri","29","Franklin",71
"1029","ILDE","United States","Missouri","29","Gasconade",73
"1030","ILDE","United States","Missouri","29","Henry",83
"1031","ILDE","United States","Missouri","29","Howell",91
"1032","ILDE","United States","Missouri","29","Iron",93
"1033","ILDE","United States","Missouri","29","Jasper",97
"1034","ILDE","United States","Missouri","29","Jefferson",99
"1035","ILDE","United States","Missouri","29","Johnson",101
"1036","ILDE","United States","Missouri","29","Lewis",111
"1037","ILDE","United States","Missouri","29","Lincoln",113
"1038","ILDE","United States","Missouri","29","Madison",123
"1039","ILDE","United States","Missouri","29","Marion",127
"1040","ILDE","United States","Missouri","29","Miller",131
"1041","ILDE","United States","Missouri","29","Mississippi",133
"1042","ILDE","United States","Missouri","29","Montgomery",139
"1043","ILDE","United States","Missouri","29","New Madrid",143
"1044","ILDE","United States","Missouri","29","Newton",145
"1045","ILDE","United States","Missouri","29","Oregon",149
"1046","ILDE","United States","Missouri","29","Osage",151
"1047","ILDE","United States","Missouri","29","Ozark",153
"1048","ILDE","United States","Missouri","29","Pemiscot",155
"1049","ILDE","United States","Missouri","29","Perry",157
"1050","ILDE","United States","Missouri","29","Pettis",159
"1051","ILDE","United States","Missouri","29","Pike",163
"1052","ILDE","United States","Missouri","29","Ralls",173
"1053","ILDE","United States","Missouri","29","Ripley",181
"1054","ILDE","United States","Missouri","29","Scott",201
"1055","ILDE","United States","Missouri","29","Shannon",203
"1056","ILDE","United States","Missouri","29","St. Charles",183
"1057","ILDE","United States","Missouri","29","St. Clair",185
"1058","ILDE","United States","Missouri","29","St. Francois",187
"1059","ILDE","United States","Missouri","29","St. Louis",189
"1060","ILDE","United States","Missouri","29","Ste. Genevieve",186
"1061","ILDE","United States","Missouri","29","Stoddard",207
"1062","ILDE","United States","Missouri","29","Stone",209
"1063","ILDE","United States","Missouri","29","Taney",213
"1064","ILDE","United States","Missouri","29","Vernon",217
"1065","ILDE","United States","Missouri","29","Warren",219
"1066","ILDE","United States","Missouri","29","Washington",221
"1067","ILDE","United States","Missouri","29","Wayne",223
"1068","ILDE","United States","Missouri","29","Wright",229
"1069","ILDE","United States","North Carolina","37","",NA
"1070","ILDE","United States","North Carolina","37","Anson",7
"1071","ILDE","United States","North Carolina","37","Bertie",15
"1072","ILDE","United States","North Carolina","37","Bladen",17
"1073","ILDE","United States","North Carolina","37","Cabarrus",25
"1074","ILDE","United States","North Carolina","37","Chatham",37
"1075","ILDE","United States","North Carolina","37","Craven",49
"1076","ILDE","United States","North Carolina","37","Cumberland",51
"1077","ILDE","United States","North Carolina","37","Davie",59
"1078","ILDE","United States","North Carolina","37","Durham",63
"1079","ILDE","United States","North Carolina","37","Forsyth",67
"1080","ILDE","United States","North Carolina","37","Franklin",69
"1081","ILDE","United States","North Carolina","37","Gaston",71
"1082","ILDE","United States","North Carolina","37","Gates",73
"1083","ILDE","United States","North Carolina","37","Granville",77
"1084","ILDE","United States","North Carolina","37","Greene",79
"1085","ILDE","United States","North Carolina","37","Guilford",81
"1086","ILDE","United States","North Carolina","37","Halifax",83
"1087","ILDE","United States","North Carolina","37","Hertford",91
"1088","ILDE","United States","North Carolina","37","Hoke",93
"1089","ILDE","United States","North Carolina","37","Iredell",97
"1090","ILDE","United States","North Carolina","37","Johnston",101
"1091","ILDE","United States","North Carolina","37","Lee",105
"1092","ILDE","United States","North Carolina","37","Lenoir",107
"1093","ILDE","United States","North Carolina","37","Moore",125
"1094","ILDE","United States","North Carolina","37","Nash",127
"1095","ILDE","United States","North Carolina","37","Northampton",131
"1096","ILDE","United States","North Carolina","37","Orange",135
"1097","ILDE","United States","North Carolina","37","Person",145
"1098","ILDE","United States","North Carolina","37","Pitt",147
"1099","ILDE","United States","North Carolina","37","Randolph",151
"1100","ILDE","United States","North Carolina","37","Richmond",153
"1101","ILDE","United States","North Carolina","37","Stanly",167
"1102","ILDE","United States","North Carolina","37","Swain",173
"1103","ILDE","United States","North Carolina","37","Union",179
"1104","ILDE","United States","North Carolina","37","Wake",183
"1105","ILDE","United States","North Carolina","37","Warren",185
"1106","ILDE","United States","North Carolina","37","Wayne",191
"1107","ILDE","United States","North Carolina","37","Wilson",195
"1108","ILDE","United States","Oklahoma","40","",NA
"1109","ILDE","United States","Oklahoma","40","Adair",1
"1110","ILDE","United States","Oklahoma","40","Bryan",13
"1111","ILDE","United States","Oklahoma","40","Cherokee",21
"1112","ILDE","United States","Oklahoma","40","Choctaw",23
"1113","ILDE","United States","Oklahoma","40","Haskell",61
"1114","ILDE","United States","Oklahoma","40","Johnston",69
"1115","ILDE","United States","Oklahoma","40","Latimer",77
"1116","ILDE","United States","Oklahoma","40","Le Flore",79
"1117","ILDE","United States","Oklahoma","40","Lincoln",81
"1118","ILDE","United States","Oklahoma","40","Marshall",95
"1119","ILDE","United States","Oklahoma","40","Mayes",97
"1120","ILDE","United States","Oklahoma","40","McCurtain",89
"1121","ILDE","United States","Oklahoma","40","Muskogee",101
"1122","ILDE","United States","Oklahoma","40","Okmulgee",111
"1123","ILDE","United States","Oklahoma","40","Ottawa",115
"1124","ILDE","United States","Oklahoma","40","Payne",119
"1125","ILDE","United States","Oklahoma","40","Sequoyah",135
"1126","ILDE","United States","Oklahoma","40","Tulsa",143
"1127","ILDE","United States","South Carolina","45","",NA
"1128","ILDE","United States","South Carolina","45","Abbeville",1
"1129","ILDE","United States","South Carolina","45","Aiken",3
"1130","ILDE","United States","South Carolina","45","Allendale",5
"1131","ILDE","United States","South Carolina","45","Barnwell",11
"1132","ILDE","United States","South Carolina","45","Berkeley",15
"1133","ILDE","United States","South Carolina","45","Calhoun",17
"1134","ILDE","United States","South Carolina","45","Charleston",19
"1135","ILDE","United States","South Carolina","45","Chesterfield",25
"1136","ILDE","United States","South Carolina","45","Darlington",31
"1137","ILDE","United States","South Carolina","45","Dillon",33
"1138","ILDE","United States","South Carolina","45","Dorchester",35
"1139","ILDE","United States","South Carolina","45","Fairfield",39
"1140","ILDE","United States","South Carolina","45","Greenwood",47
"1141","ILDE","United States","South Carolina","45","Horry",51
"1142","ILDE","United States","South Carolina","45","Jasper",53
"1143","ILDE","United States","South Carolina","45","Kershaw",55
"1144","ILDE","United States","South Carolina","45","Lancaster",57
"1145","ILDE","United States","South Carolina","45","Laurens",59
"1146","ILDE","United States","South Carolina","45","Lee",61
"1147","ILDE","United States","South Carolina","45","Lexington",63
"1148","ILDE","United States","South Carolina","45","Marion",67
"1149","ILDE","United States","South Carolina","45","Marlboro",69
"1150","ILDE","United States","South Carolina","45","McCormick",65
"1151","ILDE","United States","South Carolina","45","Newberry",71
"1152","ILDE","United States","South Carolina","45","Richland",79
"1153","ILDE","United States","South Carolina","45","Saluda",81
"1154","ILDE","United States","South Carolina","45","Spartanburg",83
"1155","ILDE","United States","South Carolina","45","Sumter",85
"1156","ILDE","United States","South Carolina","45","Williamsburg",89
"1157","ILDE","United States","Tennessee","47","",NA
"1158","ILDE","United States","Tennessee","47","Bedford",3
"1159","ILDE","United States","Tennessee","47","Benton",5
"1160","ILDE","United States","Tennessee","47","Bledsoe",7
"1161","ILDE","United States","Tennessee","47","Carroll",17
"1162","ILDE","United States","Tennessee","47","Crockett",33
"1163","ILDE","United States","Tennessee","47","Decatur",39
"1164","ILDE","United States","Tennessee","47","Dyer",45
"1165","ILDE","United States","Tennessee","47","Fayette",47
"1166","ILDE","United States","Tennessee","47","Franklin",51
"1167","ILDE","United States","Tennessee","47","Giles",55
"1168","ILDE","United States","Tennessee","47","Grundy",61
"1169","ILDE","United States","Tennessee","47","Hamilton",65
"1170","ILDE","United States","Tennessee","47","Hardeman",69
"1171","ILDE","United States","Tennessee","47","Hardin",71
"1172","ILDE","United States","Tennessee","47","Haywood",75
"1173","ILDE","United States","Tennessee","47","Henderson",77
"1174","ILDE","United States","Tennessee","47","Henry",79
"1175","ILDE","United States","Tennessee","47","Houston",83
"1176","ILDE","United States","Tennessee","47","Lake",95
"1177","ILDE","United States","Tennessee","47","Lauderdale",97
"1178","ILDE","United States","Tennessee","47","Lawrence",99
"1179","ILDE","United States","Tennessee","47","Lewis",101
"1180","ILDE","United States","Tennessee","47","Madison",113
"1181","ILDE","United States","Tennessee","47","Marion",115
"1182","ILDE","United States","Tennessee","47","McNairy",109
"1183","ILDE","United States","Tennessee","47","Montgomery",125
"1184","ILDE","United States","Tennessee","47","Obion",131
"1185","ILDE","United States","Tennessee","47","Perry",135
"1186","ILDE","United States","Tennessee","47","Shelby",157
"1187","ILDE","United States","Tennessee","47","Stewart",161
"1188","ILDE","United States","Tennessee","47","Tipton",167
"1189","ILDE","United States","Tennessee","47","Van Buren",175
"1190","ILDE","United States","Tennessee","47","Wayne",181
"1191","ILDE","United States","Tennessee","47","Weakley",183
"1192","ILDE","United States","Tennessee","47","White",185
"1193","ILDE","United States","Texas","48","",NA
"1194","ILDE","United States","Texas","48","Anderson",1
"1195","ILDE","United States","Texas","48","Angelina",5
"1196","ILDE","United States","Texas","48","Bastrop",21
"1197","ILDE","United States","Texas","48","Bee",25
"1198","ILDE","United States","Texas","48","Bell",27
"1199","ILDE","United States","Texas","48","Bexar",29
"1200","ILDE","United States","Texas","48","Blanco",31
"1201","ILDE","United States","Texas","48","Bowie",37
"1202","ILDE","United States","Texas","48","Brazoria",39
"1203","ILDE","United States","Texas","48","Brazos",41
"1204","ILDE","United States","Texas","48","Chambers",71
"1205","ILDE","United States","Texas","48","Cherokee",73
"1206","ILDE","United States","Texas","48","Collin",85
"1207","ILDE","United States","Texas","48","Colorado",89
"1208","ILDE","United States","Texas","48","Comal",91
"1209","ILDE","United States","Texas","48","Comanche",93
"1210","ILDE","United States","Texas","48","Coryell",99
"1211","ILDE","United States","Texas","48","Dallas",113
"1212","ILDE","United States","Texas","48","Denton",121
"1213","ILDE","United States","Texas","48","DeWitt",123
"1214","ILDE","United States","Texas","48","Ellis",139
"1215","ILDE","United States","Texas","48","Falls",145
"1216","ILDE","United States","Texas","48","Fannin",147
"1217","ILDE","United States","Texas","48","Fayette",149
"1218","ILDE","United States","Texas","48","Fort Bend",157
"1219","ILDE","United States","Texas","48","Freestone",161
"1220","ILDE","United States","Texas","48","Galveston",167
"1221","ILDE","United States","Texas","48","Gillespie",171
"1222","ILDE","United States","Texas","48","Gonzales",177
"1223","ILDE","United States","Texas","48","Grayson",181
"1224","ILDE","United States","Texas","48","Gregg",183
"1225","ILDE","United States","Texas","48","Grimes",185
"1226","ILDE","United States","Texas","48","Hardin",199
"1227","ILDE","United States","Texas","48","Harrison",203
"1228","ILDE","United States","Texas","48","Hays",209
"1229","ILDE","United States","Texas","48","Henderson",213
"1230","ILDE","United States","Texas","48","Jackson",239
"1231","ILDE","United States","Texas","48","Jasper",241
"1232","ILDE","United States","Texas","48","Jefferson",245
"1233","ILDE","United States","Texas","48","Johnson",251
"1234","ILDE","United States","Texas","48","Kaufman",257
"1235","ILDE","United States","Texas","48","Kendall",259
"1236","ILDE","United States","Texas","48","Kerr",265
"1237","ILDE","United States","Texas","48","Lamar",277
"1238","ILDE","United States","Texas","48","Lee",287
"1239","ILDE","United States","Texas","48","Leon",289
"1240","ILDE","United States","Texas","48","Limestone",293
"1241","ILDE","United States","Texas","48","McLennan",309
"1242","ILDE","United States","Texas","48","Mills",333
"1243","ILDE","United States","Texas","48","Montgomery",339
"1244","ILDE","United States","Texas","48","Nacogdoches",347
"1245","ILDE","United States","Texas","48","Newton",351
"1246","ILDE","United States","Texas","48","Parker",367
"1247","ILDE","United States","Texas","48","Polk",373
"1248","ILDE","United States","Texas","48","Real",385
"1249","ILDE","United States","Texas","48","Red River",387
"1250","ILDE","United States","Texas","48","San Augustine",405
"1251","ILDE","United States","Texas","48","San Jacinto",407
"1252","ILDE","United States","Texas","48","Somervell",425
"1253","ILDE","United States","Texas","48","Tarrant",439
"1254","ILDE","United States","Texas","48","Travis",453
"1255","ILDE","United States","Texas","48","Trinity",455
"1256","ILDE","United States","Texas","48","Tyler",457
"1257","ILDE","United States","Texas","48","Upshur",459
"1258","ILDE","United States","Texas","48","Walker",471
"1259","ILDE","United States","Texas","48","Waller",473
"1260","ILDE","United States","Texas","48","Washington",477
"1261","ILDE","United States","Texas","48","Williamson",491
"1262","ILDE","United States","Texas","48","Wilson",493
"1263","ILDE","United States","Virginia","51","",NA
"1264","ILDE","United States","Virginia","51","Amelia",7
"1265","ILDE","United States","Virginia","51","Brunswick",25
"1266","ILDE","United States","Virginia","51","Caroline",33
"1267","ILDE","United States","Virginia","51","Charles City",36
"1268","ILDE","United States","Virginia","51","Charlotte",37
"1269","ILDE","United States","Virginia","51","Chesterfield",41
"1270","ILDE","United States","Virginia","51","Culpeper",47
"1271","ILDE","United States","Virginia","51","Cumberland",49
"1272","ILDE","United States","Virginia","51","Dinwiddie",53
"1273","ILDE","United States","Virginia","51","Fairfax",59
"1274","ILDE","United States","Virginia","51","Gloucester",73
"1275","ILDE","United States","Virginia","51","Goochland",75
"1276","ILDE","United States","Virginia","51","Greensville",81
"1277","ILDE","United States","Virginia","51","Halifax",83
"1278","ILDE","United States","Virginia","51","Hanover",85
"1279","ILDE","United States","Virginia","51","Henrico",87
"1280","ILDE","United States","Virginia","51","Isle of Wight",93
"1281","ILDE","United States","Virginia","51","James City",95
"1282","ILDE","United States","Virginia","51","King and Queen",97
"1283","ILDE","United States","Virginia","51","King William",101
"1284","ILDE","United States","Virginia","51","Louisa",109
"1285","ILDE","United States","Virginia","51","Mathews",115
"1286","ILDE","United States","Virginia","51","Mecklenburg",117
"1287","ILDE","United States","Virginia","51","Middlesex",119
"1288","ILDE","United States","Virginia","51","New Kent",127
"1289","ILDE","United States","Virginia","51","Pittsylvania",143
"1290","ILDE","United States","Virginia","51","Powhatan",145
"1291","ILDE","United States","Virginia","51","Prince Edward",147
"1292","ILDE","United States","Virginia","51","Prince George",149
"1293","ILDE","United States","Virginia","51","Southampton",175
"1294","ILDE","United States","Virginia","51","Suffolk ",800
"1295","ILDE","United States","Virginia","51","Surry",181
"1296","ILDE","United States","Virginia","51","Sussex",183
"1297","ILGL","United States","Alabama","1","",NA
"1298","ILGL","United States","Alabama","1","Baldwin",3
"1299","ILGL","United States","Alabama","1","Barbour",5
"1300","ILGL","United States","Alabama","1","Bullock",11
"1301","ILGL","United States","Alabama","1","Butler",13
"1302","ILGL","United States","Alabama","1","Coffee",31
"1303","ILGL","United States","Alabama","1","Conecuh",35
"1304","ILGL","United States","Alabama","1","Covington",39
"1305","ILGL","United States","Alabama","1","Crenshaw",41
"1306","ILGL","United States","Alabama","1","Escambia",53
"1307","ILGL","United States","Alabama","1","Geneva",61
"1308","ILGL","United States","Alabama","1","Henry",67
"1309","ILGL","United States","Alabama","1","Houston",69
"1310","ILGL","United States","Alabama","1","Lee",81
"1311","ILGL","United States","Alabama","1","Mobile",97
"1312","ILGL","United States","Alabama","1","Monroe",99
"1313","ILGL","United States","Alabama","1","Pike",109
"1314","ILGL","United States","Alabama","1","Russell",113
"1315","ILGL","United States","Alabama","1","Washington",129
"1316","ILGL","United States","Arkansas","5","",NA
"1317","ILGL","Canada","Nova Scotia","7","",NA
"1318","ILGL","United States","Connecticut","9","",NA
"1319","ILGL","United States","Connecticut","9","New London",11
"1320","ILGL","United States","Delaware","10","",NA
"1321","ILGL","United States","Delaware","10","Sussex",5
"1322","ILGL","United States","Florida","12","",NA
"1323","ILGL","United States","Florida","12","Alachua",1
"1324","ILGL","United States","Florida","12","Baker",3
"1325","ILGL","United States","Florida","12","Bay",5
"1326","ILGL","United States","Florida","12","Bradford",7
"1327","ILGL","United States","Florida","12","Brevard",9
"1328","ILGL","United States","Florida","12","Broward",11
"1329","ILGL","United States","Florida","12","Calhoun",13
"1330","ILGL","United States","Florida","12","Charlotte",15
"1331","ILGL","United States","Florida","12","Citrus",17
"1332","ILGL","United States","Florida","12","Clay",19
"1333","ILGL","United States","Florida","12","Collier",21
"1334","ILGL","United States","Florida","12","Columbia",23
"1335","ILGL","United States","Florida","12","DeSoto",27
"1336","ILGL","United States","Florida","12","Dixie",29
"1337","ILGL","United States","Florida","12","Duval",31
"1338","ILGL","United States","Florida","12","Escambia",33
"1339","ILGL","United States","Florida","12","Flagler",35
"1340","ILGL","United States","Florida","12","Franklin",37
"1341","ILGL","United States","Florida","12","Gadsden",39
"1342","ILGL","United States","Florida","12","Gilchrist",41
"1343","ILGL","United States","Florida","12","Glades",43
"1344","ILGL","United States","Florida","12","Gulf",45
"1345","ILGL","United States","Florida","12","Hamilton",47
"1346","ILGL","United States","Florida","12","Hardee",49
"1347","ILGL","United States","Florida","12","Hendry",51
"1348","ILGL","United States","Florida","12","Hernando",53
"1349","ILGL","United States","Florida","12","Highlands",55
"1350","ILGL","United States","Florida","12","Hillsborough",57
"1351","ILGL","United States","Florida","12","Holmes",59
"1352","ILGL","United States","Florida","12","Indian River",61
"1353","ILGL","United States","Florida","12","Jackson",63
"1354","ILGL","United States","Florida","12","Jefferson",65
"1355","ILGL","United States","Florida","12","Lafayette",67
"1356","ILGL","United States","Florida","12","Lake",69
"1357","ILGL","United States","Florida","12","Lee",71
"1358","ILGL","United States","Florida","12","Leon",73
"1359","ILGL","United States","Florida","12","Levy",75
"1360","ILGL","United States","Florida","12","Liberty",77
"1361","ILGL","United States","Florida","12","Madison",79
"1362","ILGL","United States","Florida","12","Manatee",81
"1363","ILGL","United States","Florida","12","Marion",83
"1364","ILGL","United States","Florida","12","Martin",85
"1365","ILGL","United States","Florida","12","Miami-Dade",86
"1366","ILGL","United States","Florida","12","Monroe",87
"1367","ILGL","United States","Florida","12","Nassau",89
"1368","ILGL","United States","Florida","12","Okaloosa",91
"1369","ILGL","United States","Florida","12","Okeechobee",93
"1370","ILGL","United States","Florida","12","Orange",95
"1371","ILGL","United States","Florida","12","Osceola",97
"1372","ILGL","United States","Florida","12","Palm Beach",99
"1373","ILGL","United States","Florida","12","Pasco",101
"1374","ILGL","United States","Florida","12","Pinellas",103
"1375","ILGL","United States","Florida","12","Polk",105
"1376","ILGL","United States","Florida","12","Putnam",107
"1377","ILGL","United States","Florida","12","Santa Rosa",113
"1378","ILGL","United States","Florida","12","Sarasota",115
"1379","ILGL","United States","Florida","12","Seminole",117
"1380","ILGL","United States","Florida","12","St. Johns",109
"1381","ILGL","United States","Florida","12","St. Lucie",111
"1382","ILGL","United States","Florida","12","Sumter",119
"1383","ILGL","United States","Florida","12","Suwannee",121
"1384","ILGL","United States","Florida","12","Taylor",123
"1385","ILGL","United States","Florida","12","Union",125
"1386","ILGL","United States","Florida","12","Volusia",127
"1387","ILGL","United States","Florida","12","Wakulla",129
"1388","ILGL","United States","Florida","12","Walton",131
"1389","ILGL","United States","Florida","12","Washington",133
"1390","ILGL","United States","Georgia","13","",NA
"1391","ILGL","United States","Georgia","13","Baker",7
"1392","ILGL","United States","Georgia","13","Bartow",15
"1393","ILGL","United States","Georgia","13","Ben Hill",17
"1394","ILGL","United States","Georgia","13","Bulloch",31
"1395","ILGL","United States","Georgia","13","Camden",39
"1396","ILGL","United States","Georgia","13","Candler",43
"1397","ILGL","United States","Georgia","13","Charlton",49
"1398","ILGL","United States","Georgia","13","Chatham",51
"1399","ILGL","United States","Georgia","13","Coffee",69
"1400","ILGL","United States","Georgia","13","Crisp",81
"1401","ILGL","United States","Georgia","13","Dodge",91
"1402","ILGL","United States","Georgia","13","Dougherty",95
"1403","ILGL","United States","Georgia","13","Early",99
"1404","ILGL","United States","Georgia","13","Emanuel",107
"1405","ILGL","United States","Georgia","13","Glascock",125
"1406","ILGL","United States","Georgia","13","Hancock",141
"1407","ILGL","United States","Georgia","13","Harris",145
"1408","ILGL","United States","Georgia","13","Irwin",155
"1409","ILGL","United States","Georgia","13","Lanier",173
"1410","ILGL","United States","Georgia","13","Long",183
"1411","ILGL","United States","Georgia","13","Lowndes",185
"1412","ILGL","United States","Georgia","13","McDuffie",189
"1413","ILGL","United States","Georgia","13","Mitchell",205
"1414","ILGL","United States","Georgia","13","Pike",231
"1415","ILGL","United States","Georgia","13","Pulaski",235
"1416","ILGL","United States","Georgia","13","Screven",251
"1417","ILGL","United States","Georgia","13","Sumter",261
"1418","ILGL","United States","Georgia","13","Talbot",263
"1419","ILGL","United States","Georgia","13","Tattnall",267
"1420","ILGL","United States","Georgia","13","Taylor",269
"1421","ILGL","United States","Georgia","13","Telfair",271
"1422","ILGL","United States","Georgia","13","Thomas",275
"1423","ILGL","United States","Georgia","13","Tift",277
"1424","ILGL","United States","Georgia","13","Toombs",279
"1425","ILGL","United States","Georgia","13","Treutlen",283
"1426","ILGL","United States","Georgia","13","Turner",287
"1427","ILGL","United States","Georgia","13","Ware",299
"1428","ILGL","United States","Georgia","13","Wheeler",309
"1429","ILGL","United States","Georgia","13","Worth",321
"1430","ILGL","United States","Louisiana","22","",NA
"1431","ILGL","United States","Louisiana","22","East Feliciana",37
"1432","ILGL","United States","Louisiana","22","Ouachita",73
"1433","ILGL","United States","Louisiana","22","Pointe Coupee",77
"1434","ILGL","United States","Louisiana","22","Sabine",85
"1435","ILGL","United States","Louisiana","22","St. Helena",91
"1436","ILGL","United States","Louisiana","22","St. Tammany",103
"1437","ILGL","United States","Louisiana","22","Tangipahoa",105
"1438","ILGL","United States","Louisiana","22","Washington",117
"1439","ILGL","United States","Maine","23","",NA
"1440","ILGL","United States","Maine","23","Knox",13
"1441","ILGL","United States","Maryland","24","",NA
"1442","ILGL","United States","Massachusetts","25","",NA
"1443","ILGL","United States","Massachusetts","25","Barnstable",1
"1444","ILGL","United States","Massachusetts","25","Bristol",5
"1445","ILGL","United States","Massachusetts","25","Dukes",7
"1446","ILGL","United States","Massachusetts","25","Essex",9
"1447","ILGL","United States","Massachusetts","25","Nantucket",19
"1448","ILGL","United States","Massachusetts","25","Norfolk",21
"1449","ILGL","United States","Massachusetts","25","Plymouth",23
"1450","ILGL","United States","Mississippi","28","",NA
"1451","ILGL","United States","Mississippi","28","Covington",31
"1452","ILGL","United States","Mississippi","28","Forrest",35
"1453","ILGL","United States","Mississippi","28","George",39
"1454","ILGL","United States","Mississippi","28","Greene",41
"1455","ILGL","United States","Mississippi","28","Hancock",45
"1456","ILGL","United States","Mississippi","28","Harrison",47
"1457","ILGL","United States","Mississippi","28","Jackson",59
"1458","ILGL","United States","Mississippi","28","Jones",67
"1459","ILGL","United States","Mississippi","28","Lamar",73
"1460","ILGL","United States","Mississippi","28","Marion",91
"1461","ILGL","United States","Mississippi","28","Pearl River",109
"1462","ILGL","United States","Mississippi","28","Perry",111
"1463","ILGL","United States","Mississippi","28","Stone",131
"1464","ILGL","United States","Mississippi","28","Tishomingo",141
"1465","ILGL","United States","Mississippi","28","Wayne",153
"1466","ILGL","United States","New Hampshire","33","",NA
"1467","ILGL","United States","New Hampshire","33","Rockingham",15
"1468","ILGL","United States","New Jersey","34","",NA
"1469","ILGL","United States","New Jersey","34","Atlantic",1
"1470","ILGL","United States","New Jersey","34","Burlington",5
"1471","ILGL","United States","New Jersey","34","Camden",7
"1472","ILGL","United States","New Jersey","34","Cape May",9
"1473","ILGL","United States","New Jersey","34","Cumberland",11
"1474","ILGL","United States","New Jersey","34","Gloucester",15
"1475","ILGL","United States","New Jersey","34","Hudson",17
"1476","ILGL","United States","New Jersey","34","Mercer",21
"1477","ILGL","United States","New Jersey","34","Middlesex",23
"1478","ILGL","United States","New Jersey","34","Monmouth",25
"1479","ILGL","United States","New Jersey","34","Morris",27
"1480","ILGL","United States","New Jersey","34","Ocean",29
"1481","ILGL","United States","New Jersey","34","Salem",33
"1482","ILGL","United States","New York","36","",NA
"1483","ILGL","United States","New York","36","Kings",47
"1484","ILGL","United States","New York","36","Nassau",59
"1485","ILGL","United States","New York","36","Queens",81
"1486","ILGL","United States","New York","36","Richmond",85
"1487","ILGL","United States","New York","36","Suffolk",103
"1488","ILGL","United States","North Carolina","37","",NA
"1489","ILGL","United States","North Carolina","37","Beaufort",13
"1490","ILGL","United States","North Carolina","37","Bertie",15
"1491","ILGL","United States","North Carolina","37","Bladen",17
"1492","ILGL","United States","North Carolina","37","Brunswick",19
"1493","ILGL","United States","North Carolina","37","Carteret",31
"1494","ILGL","United States","North Carolina","37","Chatham",37
"1495","ILGL","United States","North Carolina","37","Chowan",41
"1496","ILGL","United States","North Carolina","37","Columbus",47
"1497","ILGL","United States","North Carolina","37","Craven",49
"1498","ILGL","United States","North Carolina","37","Cumberland",51
"1499","ILGL","United States","North Carolina","37","Dare",55
"1500","ILGL","United States","North Carolina","37","Duplin",61
"1501","ILGL","United States","North Carolina","37","Durham",63
"1502","ILGL","United States","North Carolina","37","Edgecombe",65
"1503","ILGL","United States","North Carolina","37","Gates",73
"1504","ILGL","United States","North Carolina","37","Greene",79
"1505","ILGL","United States","North Carolina","37","Halifax",83
"1506","ILGL","United States","North Carolina","37","Harnett",85
"1507","ILGL","United States","North Carolina","37","Hertford",91
"1508","ILGL","United States","North Carolina","37","Hoke",93
"1509","ILGL","United States","North Carolina","37","Hyde",95
"1510","ILGL","United States","North Carolina","37","Johnston",101
"1511","ILGL","United States","North Carolina","37","Jones",103
"1512","ILGL","United States","North Carolina","37","Lee",105
"1513","ILGL","United States","North Carolina","37","Martin",117
"1514","ILGL","United States","North Carolina","37","Moore",125
"1515","ILGL","United States","North Carolina","37","Nash",127
"1516","ILGL","United States","North Carolina","37","New Hanover",129
"1517","ILGL","United States","North Carolina","37","Northampton",131
"1518","ILGL","United States","North Carolina","37","Onslow",133
"1519","ILGL","United States","North Carolina","37","Orange",135
"1520","ILGL","United States","North Carolina","37","Pamlico",137
"1521","ILGL","United States","North Carolina","37","Pasquotank",139
"1522","ILGL","United States","North Carolina","37","Pender",141
"1523","ILGL","United States","North Carolina","37","Pitt",147
"1524","ILGL","United States","North Carolina","37","Richmond",153
"1525","ILGL","United States","North Carolina","37","Robeson",155
"1526","ILGL","United States","North Carolina","37","Sampson",163
"1527","ILGL","United States","North Carolina","37","Scotland",165
"1528","ILGL","United States","North Carolina","37","Tyrrell",177
"1529","ILGL","United States","North Carolina","37","Vance",181
"1530","ILGL","United States","North Carolina","37","Wake",183
"1531","ILGL","United States","North Carolina","37","Wayne",191
"1532","ILGL","United States","North Carolina","37","Wilson",195
"1533","ILGL","United States","Pennsylvania","42","",NA
"1534","ILGL","United States","Pennsylvania","42","Allegheny",3
"1535","ILGL","United States","Pennsylvania","42","Bucks",17
"1536","ILGL","United States","Pennsylvania","42","Lycoming",81
"1537","ILGL","United States","Rhode Island","44","",NA
"1538","ILGL","United States","Rhode Island","44","Bristol",1
"1539","ILGL","United States","Rhode Island","44","Kent",3
"1540","ILGL","United States","Rhode Island","44","Washington",9
"1541","ILGL","United States","South Carolina","45","",NA
"1542","ILGL","United States","South Carolina","45","Aiken",3
"1543","ILGL","United States","South Carolina","45","Allendale",5
"1544","ILGL","United States","South Carolina","45","Bamberg",9
"1545","ILGL","United States","South Carolina","45","Barnwell",11
"1546","ILGL","United States","South Carolina","45","Beaufort",13
"1547","ILGL","United States","South Carolina","45","Berkeley",15
"1548","ILGL","United States","South Carolina","45","Calhoun",17
"1549","ILGL","United States","South Carolina","45","Charleston",19
"1550","ILGL","United States","South Carolina","45","Chesterfield",25
"1551","ILGL","United States","South Carolina","45","Clarendon",27
"1552","ILGL","United States","South Carolina","45","Colleton",29
"1553","ILGL","United States","South Carolina","45","Darlington",31
"1554","ILGL","United States","South Carolina","45","Dillon",33
"1555","ILGL","United States","South Carolina","45","Dorchester",35
"1556","ILGL","United States","South Carolina","45","Florence",41
"1557","ILGL","United States","South Carolina","45","Georgetown",43
"1558","ILGL","United States","South Carolina","45","Hampton",49
"1559","ILGL","United States","South Carolina","45","Horry",51
"1560","ILGL","United States","South Carolina","45","Jasper",53
"1561","ILGL","United States","South Carolina","45","Kershaw",55
"1562","ILGL","United States","South Carolina","45","Lee",61
"1563","ILGL","United States","South Carolina","45","Lexington",63
"1564","ILGL","United States","South Carolina","45","Marion",67
"1565","ILGL","United States","South Carolina","45","Marlboro",69
"1566","ILGL","United States","South Carolina","45","Orangeburg",75
"1567","ILGL","United States","South Carolina","45","Richland",79
"1568","ILGL","United States","South Carolina","45","Sumter",85
"1569","ILGL","United States","South Carolina","45","Williamsburg",89
"1570","ILGL","United States","Texas","48","",NA
"1571","ILGL","United States","Virginia","51","",NA
"1572","ILGL","United States","Virginia","51","Accomack",1
"1573","ILGL","United States","Virginia","51","Caroline",33
"1574","ILGL","United States","Virginia","51","Charles City",36
"1575","ILGL","United States","Virginia","51","Chesapeake ",550
"1576","ILGL","United States","Virginia","51","Dinwiddie",53
"1577","ILGL","United States","Virginia","51","Gloucester",73
"1578","ILGL","United States","Virginia","51","Greensville",81
"1579","ILGL","United States","Virginia","51","Isle of Wight",93
"1580","ILGL","United States","Virginia","51","James City",95
"1581","ILGL","United States","Virginia","51","King and Queen",97
"1582","ILGL","United States","Virginia","51","New Kent",127
"1583","ILGL","United States","Virginia","51","Northampton",131
"1584","ILGL","United States","Virginia","51","Prince George",149
"1585","ILGL","United States","Virginia","51","Southampton",175
"1586","ILGL","United States","Virginia","51","Suffolk ",800
"1587","ILGL","United States","Virginia","51","Surry",181
"1588","ILGL","United States","Virginia","51","Sussex",183
"1589","ILGL","United States","Virginia","51","Virginia Beach ",810
"1590","ILKR","United States","Florida","12","",NA
"1591","ILKR","United States","Florida","12","Miami-Dade",86
"1592","ILKR","United States","Puerto Rico","72","",NA
"1593","ILLA","United States","Connecticut","9","",NA
"1594","ILLA","United States","Connecticut","9","Fairfield",1
"1595","ILLA","United States","Connecticut","9","Hartford",3
"1596","ILLA","United States","Connecticut","9","Litchfield",5
"1597","ILLA","United States","Connecticut","9","New Haven",9
"1598","ILLA","United States","Connecticut","9","New London",11
"1599","ILLA","United States","Connecticut","9","Tolland",13
"1600","ILLA","United States","Delaware","10","",NA
"1601","ILLA","United States","Delaware","10","Kent",1
"1602","ILLA","United States","Delaware","10","New Castle",3
"1603","ILLA","United States","District of Columbia","11","",NA
"1604","ILLA","United States","District of Columbia","11","District of Columbia",1
"1605","ILLA","United States","Georgia","13","",NA
"1606","ILLA","United States","Maine","23","",NA
"1607","ILLA","United States","Maine","23","Cumberland",5
"1608","ILLA","United States","Maine","23","York",31
"1609","ILLA","United States","Maryland","24","",NA
"1610","ILLA","United States","Massachusetts","25","",NA
"1611","ILLA","United States","Massachusetts","25","Barnstable",1
"1612","ILLA","United States","Massachusetts","25","Berkshire",3
"1613","ILLA","United States","Massachusetts","25","Bristol",5
"1614","ILLA","United States","Massachusetts","25","Essex",9
"1615","ILLA","United States","Massachusetts","25","Franklin",11
"1616","ILLA","United States","Massachusetts","25","Hampden",13
"1617","ILLA","United States","Massachusetts","25","Hampshire",15
"1618","ILLA","United States","Massachusetts","25","Middlesex",17
"1619","ILLA","United States","Massachusetts","25","Norfolk",21
"1620","ILLA","United States","Massachusetts","25","Plymouth",23
"1621","ILLA","United States","Massachusetts","25","Suffolk",25
"1622","ILLA","United States","Massachusetts","25","Worcester",27
"1623","ILLA","United States","New Hampshire","33","",NA
"1624","ILLA","United States","New Hampshire","33","Belknap",1
"1625","ILLA","United States","New Hampshire","33","Carroll",3
"1626","ILLA","United States","New Hampshire","33","Cheshire",5
"1627","ILLA","United States","New Hampshire","33","Hillsborough",11
"1628","ILLA","United States","New Hampshire","33","Merrimack",13
"1629","ILLA","United States","New Hampshire","33","Rockingham",15
"1630","ILLA","United States","New Hampshire","33","Strafford",17
"1631","ILLA","United States","New Hampshire","33","Sullivan",19
"1632","ILLA","United States","New Jersey","34","",NA
"1633","ILLA","United States","New Jersey","34","Atlantic",1
"1634","ILLA","United States","New Jersey","34","Bergen",3
"1635","ILLA","United States","New Jersey","34","Burlington",5
"1636","ILLA","United States","New Jersey","34","Camden",7
"1637","ILLA","United States","New Jersey","34","Cape May",9
"1638","ILLA","United States","New Jersey","34","Cumberland",11
"1639","ILLA","United States","New Jersey","34","Essex",13
"1640","ILLA","United States","New Jersey","34","Gloucester",15
"1641","ILLA","United States","New Jersey","34","Hudson",17
"1642","ILLA","United States","New Jersey","34","Mercer",21
"1643","ILLA","United States","New Jersey","34","Middlesex",23
"1644","ILLA","United States","New Jersey","34","Monmouth",25
"1645","ILLA","United States","New Jersey","34","Morris",27
"1646","ILLA","United States","New Jersey","34","Ocean",29
"1647","ILLA","United States","New Jersey","34","Salem",33
"1648","ILLA","United States","New Jersey","34","Somerset",35
"1649","ILLA","United States","New Jersey","34","Sussex",37
"1650","ILLA","United States","New Jersey","34","Union",39
"1651","ILLA","United States","New Jersey","34","Warren",41
"1652","ILLA","United States","New York","36","",NA
"1653","ILLA","United States","New York","36","Albany",1
"1654","ILLA","United States","New York","36","Bronx",5
"1655","ILLA","United States","New York","36","Columbia",21
"1656","ILLA","United States","New York","36","Delaware",25
"1657","ILLA","United States","New York","36","Greene",39
"1658","ILLA","United States","New York","36","Kings",47
"1659","ILLA","United States","New York","36","Nassau",59
"1660","ILLA","United States","New York","36","Orange",71
"1661","ILLA","United States","New York","36","Putnam",79
"1662","ILLA","United States","New York","36","Queens",81
"1663","ILLA","United States","New York","36","Richmond",85
"1664","ILLA","United States","New York","36","Suffolk",103
"1665","ILLA","United States","New York","36","Sullivan",105
"1666","ILLA","United States","New York","36","Ulster",111
"1667","ILLA","United States","New York","36","Warren",113
"1668","ILLA","United States","New York","36","Washington",115
"1669","ILLA","United States","New York","36","Westchester",119
"1670","ILLA","United States","North Carolina","37","",NA
"1671","ILLA","United States","North Carolina","37","Bladen",17
"1672","ILLA","United States","North Carolina","37","Brunswick",19
"1673","ILLA","United States","North Carolina","37","Chowan",41
"1674","ILLA","United States","North Carolina","37","Craven",49
"1675","ILLA","United States","North Carolina","37","Cumberland",51
"1676","ILLA","United States","North Carolina","37","Gates",73
"1677","ILLA","United States","North Carolina","37","Greene",79
"1678","ILLA","United States","North Carolina","37","Harnett",85
"1679","ILLA","United States","North Carolina","37","Hertford",91
"1680","ILLA","United States","North Carolina","37","Hoke",93
"1681","ILLA","United States","North Carolina","37","Johnston",101
"1682","ILLA","United States","North Carolina","37","Jones",103
"1683","ILLA","United States","North Carolina","37","Lee",105
"1684","ILLA","United States","North Carolina","37","Lenoir",107
"1685","ILLA","United States","North Carolina","37","Montgomery",123
"1686","ILLA","United States","North Carolina","37","Richmond",153
"1687","ILLA","United States","North Carolina","37","Robeson",155
"1688","ILLA","United States","North Carolina","37","Scotland",165
"1689","ILLA","United States","North Carolina","37","Wayne",191
"1690","ILLA","United States","North Carolina","37","Wilson",195
"1691","ILLA","United States","Pennsylvania","42","",NA
"1692","ILLA","United States","Pennsylvania","42","Berks",11
"1693","ILLA","United States","Pennsylvania","42","Bucks",17
"1694","ILLA","United States","Pennsylvania","42","Carbon",25
"1695","ILLA","United States","Pennsylvania","42","Columbia",37
"1696","ILLA","United States","Pennsylvania","42","Fayette",51
"1697","ILLA","United States","Pennsylvania","42","Lackawanna",69
"1698","ILLA","United States","Pennsylvania","42","Lancaster",71
"1699","ILLA","United States","Pennsylvania","42","Lehigh",77
"1700","ILLA","United States","Pennsylvania","42","Luzerne",79
"1701","ILLA","United States","Pennsylvania","42","Monroe",89
"1702","ILLA","United States","Pennsylvania","42","Northampton",95
"1703","ILLA","United States","Pennsylvania","42","Pike",103
"1704","ILLA","United States","Pennsylvania","42","Schuylkill",107
"1705","ILLA","United States","Rhode Island","44","",NA
"1706","ILLA","United States","Rhode Island","44","Kent",3
"1707","ILLA","United States","Rhode Island","44","Newport",5
"1708","ILLA","United States","Rhode Island","44","Washington",9
"1709","ILLA","United States","South Carolina","45","",NA
"1710","ILLA","United States","South Carolina","45","Darlington",31
"1711","ILLA","United States","Virginia","51","",NA
"1712","ILLA","United States","Virginia","51","Caroline",33
"1713","ILLA","United States","Virginia","51","Chesapeake ",550
"1714","ILLA","United States","Virginia","51","Greensville",81
"1715","ILLA","United States","Virginia","51","Isle of Wight",93
"1716","ILLA","United States","Virginia","51","James City",95
"1717","ILLA","United States","Virginia","51","King William",101
"1718","ILLA","United States","Virginia","51","New Kent",127
"1719","ILLA","United States","Virginia","51","Prince George",149
"1720","ILLA","United States","Virginia","51","Southampton",175
"1721","ILLA","United States","Virginia","51","Suffolk ",800
"1722","ILLA","United States","Virginia","51","Virginia Beach ",810
"1723","ILLO","United States","Alabama","1","",NA
"1724","ILLO","United States","Alabama","1","Blount",9
"1725","ILLO","United States","Alabama","1","Butler",13
"1726","ILLO","United States","Alabama","1","Cullman",43
"1727","ILLO","United States","Alabama","1","DeKalb",49
"1728","ILLO","United States","Alabama","1","Monroe",99
"1729","ILLO","United States","Alabama","1","Wilcox",131
"1730","ILLO","United States","Arkansas","5","",NA
"1731","ILLO","United States","Arkansas","5","Garland",51
"1732","ILLO","United States","Arkansas","5","Montgomery",97
"1733","ILLO","United States","Arkansas","5","Pike",109
"1734","ILLO","United States","Arkansas","5","Polk",113
"1735","ILLO","United States","Florida","12","",NA
"1736","ILLO","United States","Florida","12","Jackson",63
"1737","ILLO","United States","Florida","12","Leon",73
"1738","ILLO","United States","Florida","12","Liberty",77
"1739","ILLO","United States","Florida","12","Santa Rosa",113
"1740","ILLO","United States","Florida","12","Walton",131
"1741","ILLO","United States","Florida","12","Washington",133
"1742","ILLO","United States","Georgia","13","",NA
"1743","ILLO","United States","Georgia","13","Catoosa",47
"1744","ILLO","United States","Georgia","13","Columbia",73
"1745","ILLO","United States","Georgia","13","Dade",83
"1746","ILLO","United States","Georgia","13","Floyd",115
"1747","ILLO","United States","Georgia","13","Gordon",129
"1748","ILLO","United States","Louisiana","22","",NA
"1749","ILLO","United States","Louisiana","22","Assumption",7
"1750","ILLO","United States","Louisiana","22","Caddo",17
"1751","ILLO","United States","Louisiana","22","Caldwell",21
"1752","ILLO","United States","Louisiana","22","De Soto",31
"1753","ILLO","United States","Louisiana","22","East Baton Rouge",33
"1754","ILLO","United States","Louisiana","22","East Feliciana",37
"1755","ILLO","United States","Louisiana","22","Natchitoches",69
"1756","ILLO","United States","Louisiana","22","Rapides",79
"1757","ILLO","United States","Louisiana","22","Sabine",85
"1758","ILLO","United States","Louisiana","22","St. Helena",91
"1759","ILLO","United States","Louisiana","22","St. Tammany",103
"1760","ILLO","United States","Louisiana","22","Tangipahoa",105
"1761","ILLO","United States","Louisiana","22","Terrebonne",109
"1762","ILLO","United States","Louisiana","22","Vernon",115
"1763","ILLO","United States","Louisiana","22","Washington",117
"1764","ILLO","United States","Louisiana","22","West Feliciana",125
"1765","ILLO","United States","Mississippi","28","",NA
"1766","ILLO","United States","Mississippi","28","Amite",5
"1767","ILLO","United States","Mississippi","28","Choctaw",19
"1768","ILLO","United States","Mississippi","28","Clarke",23
"1769","ILLO","United States","Mississippi","28","Forrest",35
"1770","ILLO","United States","Mississippi","28","George",39
"1771","ILLO","United States","Mississippi","28","Lamar",73
"1772","ILLO","United States","Mississippi","28","Madison",89
"1773","ILLO","United States","Mississippi","28","Perry",111
"1774","ILLO","United States","Mississippi","28","Walthall",147
"1775","ILLO","United States","Mississippi","28","Webster",155
"1776","ILLO","United States","Mississippi","28","Wilkinson",157
"1777","ILLO","United States","North Carolina","37","",NA
"1778","ILLO","United States","North Carolina","37","Mecklenburg",119
"1779","ILLO","United States","South Carolina","45","",NA
"1780","ILLO","United States","South Carolina","45","Cherokee",21
"1781","ILLO","United States","South Carolina","45","Fairfield",39
"1782","ILLO","United States","South Carolina","45","Lancaster",57
"1783","ILLO","United States","South Carolina","45","Laurens",59
"1784","ILLO","United States","South Carolina","45","Lexington",63
"1785","ILLO","United States","South Carolina","45","Union",87
"1786","ILLO","United States","South Carolina","45","York",91
"1787","ILLO","United States","Tennessee","47","",NA
"1788","ILLO","United States","Tennessee","47","Carroll",17
"1789","ILLO","United States","Tennessee","47","Franklin",51
"1790","ILLO","United States","Tennessee","47","Hamilton",65
"1791","ILLO","United States","Tennessee","47","Hardin",71
"1792","ILLO","United States","Tennessee","47","Lewis",101
"1793","ILLO","United States","Tennessee","47","Marion",115
"1794","ILLO","United States","Tennessee","47","Shelby",157
"1795","ILLO","United States","Tennessee","47","Wayne",181
"1796","ILLO","United States","Texas","48","",NA
"1797","ILLO","United States","Texas","48","Angelina",5
"1798","ILLO","United States","Texas","48","Jasper",241
"1799","ILLO","United States","Texas","48","Montgomery",339
"1800","ILLO","United States","Texas","48","Newton",351
"1801","ILLO","United States","Texas","48","Polk",373
"1802","ILLO","United States","Texas","48","Sabine",403
"1803","ILLO","United States","Texas","48","San Jacinto",407
"1804","ILLO","United States","Texas","48","Trinity",455
"1805","ILLO","United States","Texas","48","Walker",471
"1806","ILLO","United States","Virginia","51","",NA
"1807","ILMO","United States","Alabama","1","",NA
"1808","ILMO","United States","Connecticut","9","",NA
"1809","ILMO","United States","Connecticut","9","New London",11
"1810","ILMO","United States","Georgia","13","",NA
"1811","ILMO","United States","Kentucky","21","",NA
"1812","ILMO","United States","Kentucky","21","Bell",13
"1813","ILMO","United States","Kentucky","21","Edmonson",61
"1814","ILMO","United States","Kentucky","21","Elliott",63
"1815","ILMO","United States","Kentucky","21","Harlan",95
"1816","ILMO","United States","Kentucky","21","Jackson",109
"1817","ILMO","United States","Kentucky","21","Lewis",135
"1818","ILMO","United States","Kentucky","21","McCreary",147
"1819","ILMO","United States","Kentucky","21","Menifee",165
"1820","ILMO","United States","Kentucky","21","Morgan",175
"1821","ILMO","United States","Kentucky","21","Powell",197
"1822","ILMO","United States","Kentucky","21","Rowan",205
"1823","ILMO","United States","Kentucky","21","Wolfe",237
"1824","ILMO","United States","Maryland","24","",NA
"1825","ILMO","United States","Massachusetts","25","",NA
"1826","ILMO","United States","Massachusetts","25","Barnstable",1
"1827","ILMO","United States","Massachusetts","25","Berkshire",3
"1828","ILMO","United States","Massachusetts","25","Bristol",5
"1829","ILMO","United States","Massachusetts","25","Dukes",7
"1830","ILMO","United States","Massachusetts","25","Essex",9
"1831","ILMO","United States","Massachusetts","25","Nantucket",19
"1832","ILMO","United States","Massachusetts","25","Norfolk",21
"1833","ILMO","United States","Massachusetts","25","Plymouth",23
"1834","ILMO","United States","New Jersey","34","",NA
"1835","ILMO","United States","New Jersey","34","Morris",27
"1836","ILMO","United States","New Jersey","34","Passaic",31
"1837","ILMO","United States","New Jersey","34","Sussex",37
"1838","ILMO","United States","New Jersey","34","Warren",41
"1839","ILMO","United States","New York","36","",NA
"1840","ILMO","United States","New York","36","Broome",7
"1841","ILMO","United States","New York","36","Cattaraugus",9
"1842","ILMO","United States","New York","36","Delaware",25
"1843","ILMO","United States","New York","36","Fulton",35
"1844","ILMO","United States","New York","36","Greene",39
"1845","ILMO","United States","New York","36","Nassau",59
"1846","ILMO","United States","New York","36","New York",61
"1847","ILMO","United States","New York","36","Orange",71
"1848","ILMO","United States","New York","36","Rockland",87
"1849","ILMO","United States","New York","36","Suffolk",103
"1850","ILMO","United States","New York","36","Sullivan",105
"1851","ILMO","United States","New York","36","Ulster",111
"1852","ILMO","United States","North Carolina","37","",NA
"1853","ILMO","United States","North Carolina","37","Alexander",3
"1854","ILMO","United States","North Carolina","37","Alleghany",5
"1855","ILMO","United States","North Carolina","37","Ashe",9
"1856","ILMO","United States","North Carolina","37","Avery",11
"1857","ILMO","United States","North Carolina","37","Buncombe",21
"1858","ILMO","United States","North Carolina","37","Burke",23
"1859","ILMO","United States","North Carolina","37","Caldwell",27
"1860","ILMO","United States","North Carolina","37","Catawba",35
"1861","ILMO","United States","North Carolina","37","Cherokee",39
"1862","ILMO","United States","North Carolina","37","Clay",43
"1863","ILMO","United States","North Carolina","37","Cumberland",51
"1864","ILMO","United States","North Carolina","37","Davidson",57
"1865","ILMO","United States","North Carolina","37","Durham",63
"1866","ILMO","United States","North Carolina","37","Edgecombe",65
"1867","ILMO","United States","North Carolina","37","Forsyth",67
"1868","ILMO","United States","North Carolina","37","Graham",75
"1869","ILMO","United States","North Carolina","37","Granville",77
"1870","ILMO","United States","North Carolina","37","Guilford",81
"1871","ILMO","United States","North Carolina","37","Haywood",87
"1872","ILMO","United States","North Carolina","37","Iredell",97
"1873","ILMO","United States","North Carolina","37","Jackson",99
"1874","ILMO","United States","North Carolina","37","Lee",105
"1875","ILMO","United States","North Carolina","37","Lenoir",107
"1876","ILMO","United States","North Carolina","37","Macon",113
"1877","ILMO","United States","North Carolina","37","Madison",115
"1878","ILMO","United States","North Carolina","37","Martin",117
"1879","ILMO","United States","North Carolina","37","McDowell",111
"1880","ILMO","United States","North Carolina","37","Mitchell",121
"1881","ILMO","United States","North Carolina","37","Northampton",131
"1882","ILMO","United States","North Carolina","37","Orange",135
"1883","ILMO","United States","North Carolina","37","Pitt",147
"1884","ILMO","United States","North Carolina","37","Randolph",151
"1885","ILMO","United States","North Carolina","37","Rockingham",157
"1886","ILMO","United States","North Carolina","37","Stokes",169
"1887","ILMO","United States","North Carolina","37","Surry",171
"1888","ILMO","United States","North Carolina","37","Swain",173
"1889","ILMO","United States","North Carolina","37","Transylvania",175
"1890","ILMO","United States","North Carolina","37","Wake",183
"1891","ILMO","United States","North Carolina","37","Watauga",189
"1892","ILMO","United States","North Carolina","37","Wayne",191
"1893","ILMO","United States","North Carolina","37","Wilkes",193
"1894","ILMO","United States","Pennsylvania","42","",NA
"1895","ILMO","United States","Pennsylvania","42","Adams",1
"1896","ILMO","United States","Pennsylvania","42","Allegheny",3
"1897","ILMO","United States","Pennsylvania","42","Bedford",9
"1898","ILMO","United States","Pennsylvania","42","Berks",11
"1899","ILMO","United States","Pennsylvania","42","Blair",13
"1900","ILMO","United States","Pennsylvania","42","Bradford",15
"1901","ILMO","United States","Pennsylvania","42","Butler",19
"1902","ILMO","United States","Pennsylvania","42","Cambria",21
"1903","ILMO","United States","Pennsylvania","42","Cameron",23
"1904","ILMO","United States","Pennsylvania","42","Carbon",25
"1905","ILMO","United States","Pennsylvania","42","Centre",27
"1906","ILMO","United States","Pennsylvania","42","Clarion",31
"1907","ILMO","United States","Pennsylvania","42","Clearfield",33
"1908","ILMO","United States","Pennsylvania","42","Clinton",35
"1909","ILMO","United States","Pennsylvania","42","Columbia",37
"1910","ILMO","United States","Pennsylvania","42","Crawford",39
"1911","ILMO","United States","Pennsylvania","42","Elk",47
"1912","ILMO","United States","Pennsylvania","42","Fayette",51
"1913","ILMO","United States","Pennsylvania","42","Forest",53
"1914","ILMO","United States","Pennsylvania","42","Franklin",55
"1915","ILMO","United States","Pennsylvania","42","Fulton",57
"1916","ILMO","United States","Pennsylvania","42","Greene",59
"1917","ILMO","United States","Pennsylvania","42","Huntingdon",61
"1918","ILMO","United States","Pennsylvania","42","Indiana",63
"1919","ILMO","United States","Pennsylvania","42","Jefferson",65
"1920","ILMO","United States","Pennsylvania","42","Juniata",67
"1921","ILMO","United States","Pennsylvania","42","Lackawanna",69
"1922","ILMO","United States","Pennsylvania","42","Lawrence",73
"1923","ILMO","United States","Pennsylvania","42","Lebanon",75
"1924","ILMO","United States","Pennsylvania","42","Lehigh",77
"1925","ILMO","United States","Pennsylvania","42","Luzerne",79
"1926","ILMO","United States","Pennsylvania","42","Lycoming",81
"1927","ILMO","United States","Pennsylvania","42","McKean",83
"1928","ILMO","United States","Pennsylvania","42","Mercer",85
"1929","ILMO","United States","Pennsylvania","42","Mifflin",87
"1930","ILMO","United States","Pennsylvania","42","Monroe",89
"1931","ILMO","United States","Pennsylvania","42","Northampton",95
"1932","ILMO","United States","Pennsylvania","42","Northumberland",97
"1933","ILMO","United States","Pennsylvania","42","Pike",103
"1934","ILMO","United States","Pennsylvania","42","Potter",105
"1935","ILMO","United States","Pennsylvania","42","Schuylkill",107
"1936","ILMO","United States","Pennsylvania","42","Snyder",109
"1937","ILMO","United States","Pennsylvania","42","Somerset",111
"1938","ILMO","United States","Pennsylvania","42","Sullivan",113
"1939","ILMO","United States","Pennsylvania","42","Susquehanna",115
"1940","ILMO","United States","Pennsylvania","42","Tioga",117
"1941","ILMO","United States","Pennsylvania","42","Union",119
"1942","ILMO","United States","Pennsylvania","42","Venango",121
"1943","ILMO","United States","Pennsylvania","42","Warren",123
"1944","ILMO","United States","Pennsylvania","42","Wayne",127
"1945","ILMO","United States","Pennsylvania","42","Westmoreland",129
"1946","ILMO","United States","Pennsylvania","42","Wyoming",131
"1947","ILMO","United States","South Carolina","45","",NA
"1948","ILMO","United States","South Carolina","45","Aiken",3
"1949","ILMO","United States","South Carolina","45","Cherokee",21
"1950","ILMO","United States","South Carolina","45","Darlington",31
"1951","ILMO","United States","South Carolina","45","Edgefield",37
"1952","ILMO","United States","South Carolina","45","Greenville",45
"1953","ILMO","United States","South Carolina","45","McCormick",65
"1954","ILMO","United States","South Carolina","45","Oconee",73
"1955","ILMO","United States","South Carolina","45","Richland",79
"1956","ILMO","United States","South Carolina","45","Sumter",85
"1957","ILMO","United States","Tennessee","47","",NA
"1958","ILMO","United States","Tennessee","47","Anderson",1
"1959","ILMO","United States","Tennessee","47","Blount",9
"1960","ILMO","United States","Tennessee","47","Campbell",13
"1961","ILMO","United States","Tennessee","47","Carter",19
"1962","ILMO","United States","Tennessee","47","Cocke",29
"1963","ILMO","United States","Tennessee","47","Cumberland",35
"1964","ILMO","United States","Tennessee","47","Fentress",49
"1965","ILMO","United States","Tennessee","47","Franklin",51
"1966","ILMO","United States","Tennessee","47","Grainger",57
"1967","ILMO","United States","Tennessee","47","Greene",59
"1968","ILMO","United States","Tennessee","47","Grundy",61
"1969","ILMO","United States","Tennessee","47","Hardin",71
"1970","ILMO","United States","Tennessee","47","Hawkins",73
"1971","ILMO","United States","Tennessee","47","Johnson",91
"1972","ILMO","United States","Tennessee","47","Knox",93
"1973","ILMO","United States","Tennessee","47","Monroe",123
"1974","ILMO","United States","Tennessee","47","Morgan",129
"1975","ILMO","United States","Tennessee","47","Overton",133
"1976","ILMO","United States","Tennessee","47","Polk",139
"1977","ILMO","United States","Tennessee","47","Rhea",143
"1978","ILMO","United States","Tennessee","47","Sequatchie",153
"1979","ILMO","United States","Tennessee","47","Sevier",155
"1980","ILMO","United States","Tennessee","47","Sullivan",163
"1981","ILMO","United States","Tennessee","47","Unicoi",171
"1982","ILMO","United States","Tennessee","47","Union",173
"1983","ILMO","United States","Tennessee","47","Van Buren",175
"1984","ILMO","United States","Tennessee","47","Warren",177
"1985","ILMO","United States","Tennessee","47","Washington",179
"1986","ILMO","United States","Virginia","51","",NA
"1987","ILMO","United States","Virginia","51","Albemarle",3
"1988","ILMO","United States","Virginia","51","Alleghany",5
"1989","ILMO","United States","Virginia","51","Amherst",9
"1990","ILMO","United States","Virginia","51","Appomattox",11
"1991","ILMO","United States","Virginia","51","Augusta",15
"1992","ILMO","United States","Virginia","51","Bath",17
"1993","ILMO","United States","Virginia","51","Bedford",19
"1994","ILMO","United States","Virginia","51","Bland",21
"1995","ILMO","United States","Virginia","51","Botetourt",23
"1996","ILMO","United States","Virginia","51","Buchanan",27
"1997","ILMO","United States","Virginia","51","Buckingham",29
"1998","ILMO","United States","Virginia","51","Carroll",35
"1999","ILMO","United States","Virginia","51","Craig",45
"2000","ILMO","United States","Virginia","51","Dickenson",51
"2001","ILMO","United States","Virginia","51","Fauquier",61
"2002","ILMO","United States","Virginia","51","Floyd",63
"2003","ILMO","United States","Virginia","51","Franklin",67
"2004","ILMO","United States","Virginia","51","Frederick",69
"2005","ILMO","United States","Virginia","51","Giles",71
"2006","ILMO","United States","Virginia","51","Grayson",77
"2007","ILMO","United States","Virginia","51","Greene",79
"2008","ILMO","United States","Virginia","51","Henry",89
"2009","ILMO","United States","Virginia","51","Highland",91
"2010","ILMO","United States","Virginia","51","Lee",105
"2011","ILMO","United States","Virginia","51","Louisa",109
"2012","ILMO","United States","Virginia","51","Madison",113
"2013","ILMO","United States","Virginia","51","Montgomery",121
"2014","ILMO","United States","Virginia","51","Nelson",125
"2015","ILMO","United States","Virginia","51","Page",139
"2016","ILMO","United States","Virginia","51","Patrick",141
"2017","ILMO","United States","Virginia","51","Pittsylvania",143
"2018","ILMO","United States","Virginia","51","Rappahannock",157
"2019","ILMO","United States","Virginia","51","Roanoke",161
"2020","ILMO","United States","Virginia","51","Rockbridge",163
"2021","ILMO","United States","Virginia","51","Rockingham",165
"2022","ILMO","United States","Virginia","51","Russell",167
"2023","ILMO","United States","Virginia","51","Scott",169
"2024","ILMO","United States","Virginia","51","Shenandoah",171
"2025","ILMO","United States","Virginia","51","Smyth",173
"2026","ILMO","United States","Virginia","51","Tazewell",185
"2027","ILMO","United States","Virginia","51","Warren",187
"2028","ILMO","United States","Virginia","51","Washington",191
"2029","ILMO","United States","Virginia","51","Wise",195
"2030","ILMO","United States","Virginia","51","Wythe",197
"2031","ILMO","United States","West Virginia","54","",NA
"2032","ILMO","United States","West Virginia","54","Braxton",7
"2033","ILMO","United States","West Virginia","54","Fayette",19
"2034","ILMO","United States","West Virginia","54","Grant",23
"2035","ILMO","United States","West Virginia","54","Greenbrier",25
"2036","ILMO","United States","West Virginia","54","Hampshire",27
"2037","ILMO","United States","West Virginia","54","Hardy",31
"2038","ILMO","United States","West Virginia","54","Jefferson",37
"2039","ILMO","United States","West Virginia","54","Mercer",55
"2040","ILMO","United States","West Virginia","54","Mineral",57
"2041","ILMO","United States","West Virginia","54","Monongalia",61
"2042","ILMO","United States","West Virginia","54","Nicholas",67
"2043","ILMO","United States","West Virginia","54","Pendleton",71
"2044","ILMO","United States","West Virginia","54","Pocahontas",75
"2045","ILMO","United States","West Virginia","54","Preston",77
"2046","ILMO","United States","West Virginia","54","Raleigh",81
"2047","ILMO","United States","West Virginia","54","Randolph",83
"2048","ILMO","United States","West Virginia","54","Summers",89
"2049","ILMO","United States","West Virginia","54","Tucker",93
"2050","ILMO","United States","West Virginia","54","Webster",101
"2051","ILMU","Canada","New Brunswick","04","",NA
"2052","ILMU","Canada","Nova Scotia","07","",NA
"2053","ILMU","Canada","Ontario","08","",NA
"2054","ILMU","Canada","Prince Edward Island","09","",NA
"2055","ILMU","United States","Connecticut","09","",NA
"2056","ILMU","United States","Connecticut","09","Fairfield",1
"2057","ILMU","United States","Connecticut","09","Hartford",3
"2058","ILMU","United States","Connecticut","09","Litchfield",5
"2059","ILMU","United States","Connecticut","09","Middlesex",7
"2060","ILMU","United States","Connecticut","09","New Haven",9
"2061","ILMU","United States","Connecticut","09","New London",11
"2062","ILMU","United States","Connecticut","09","Tolland",13
"2063","ILMU","United States","Connecticut","09","Windham",15
"2064","ILMU","Canada","Quebec","10","",NA
"2065","ILMU","United States","Illinois","17","",NA
"2066","ILMU","United States","Illinois","17","Cook",31
"2067","ILMU","United States","Indiana","18","",NA
"2068","ILMU","United States","Indiana","18","Allen",3
"2069","ILMU","United States","Indiana","18","Fulton",49
"2070","ILMU","United States","Indiana","18","Kosciusko",85
"2071","ILMU","United States","Indiana","18","Lagrange",87
"2072","ILMU","United States","Indiana","18","Lake",89
"2073","ILMU","United States","Indiana","18","LaPorte",91
"2074","ILMU","United States","Indiana","18","Marshall",99
"2075","ILMU","United States","Indiana","18","Noble",113
"2076","ILMU","United States","Indiana","18","Porter",127
"2077","ILMU","United States","Indiana","18","St. Joseph",141
"2078","ILMU","United States","Indiana","18","Starke",149
"2079","ILMU","United States","Indiana","18","Steuben",151
"2080","ILMU","United States","Indiana","18","Whitley",183
"2081","ILMU","United States","Maine","23","",NA
"2082","ILMU","United States","Maine","23","Androscoggin",1
"2083","ILMU","United States","Maine","23","Aroostook",3
"2084","ILMU","United States","Maine","23","Cumberland",5
"2085","ILMU","United States","Maine","23","Franklin",7
"2086","ILMU","United States","Maine","23","Hancock",9
"2087","ILMU","United States","Maine","23","Kennebec",11
"2088","ILMU","United States","Maine","23","Knox",13
"2089","ILMU","United States","Maine","23","Lincoln",15
"2090","ILMU","United States","Maine","23","Oxford",17
"2091","ILMU","United States","Maine","23","Penobscot",19
"2092","ILMU","United States","Maine","23","Piscataquis",21
"2093","ILMU","United States","Maine","23","Sagadahoc",23
"2094","ILMU","United States","Maine","23","Somerset",25
"2095","ILMU","United States","Maine","23","Waldo",27
"2096","ILMU","United States","Maine","23","Washington",29
"2097","ILMU","United States","Maine","23","York",31
"2098","ILMU","United States","Maryland","24","",NA
"2099","ILMU","United States","Massachusetts","25","",NA
"2100","ILMU","United States","Massachusetts","25","Barnstable",1
"2101","ILMU","United States","Massachusetts","25","Berkshire",3
"2102","ILMU","United States","Massachusetts","25","Bristol",5
"2103","ILMU","United States","Massachusetts","25","Essex",9
"2104","ILMU","United States","Massachusetts","25","Franklin",11
"2105","ILMU","United States","Massachusetts","25","Hampden",13
"2106","ILMU","United States","Massachusetts","25","Hampshire",15
"2107","ILMU","United States","Massachusetts","25","Middlesex",17
"2108","ILMU","United States","Massachusetts","25","Norfolk",21
"2109","ILMU","United States","Massachusetts","25","Plymouth",23
"2110","ILMU","United States","Massachusetts","25","Suffolk",25
"2111","ILMU","United States","Massachusetts","25","Worcester",27
"2112","ILMU","United States","Michigan","26","",NA
"2113","ILMU","United States","Michigan","26","Alcona",1
"2114","ILMU","United States","Michigan","26","Alger",3
"2115","ILMU","United States","Michigan","26","Antrim",9
"2116","ILMU","United States","Michigan","26","Arenac",11
"2117","ILMU","United States","Michigan","26","Baraga",13
"2118","ILMU","United States","Michigan","26","Barry",15
"2119","ILMU","United States","Michigan","26","Benzie",19
"2120","ILMU","United States","Michigan","26","Berrien",21
"2121","ILMU","United States","Michigan","26","Calhoun",25
"2122","ILMU","United States","Michigan","26","Cass",27
"2123","ILMU","United States","Michigan","26","Charlevoix",29
"2124","ILMU","United States","Michigan","26","Cheboygan",31
"2125","ILMU","United States","Michigan","26","Chippewa",33
"2126","ILMU","United States","Michigan","26","Clare",35
"2127","ILMU","United States","Michigan","26","Crawford",39
"2128","ILMU","United States","Michigan","26","Delta",41
"2129","ILMU","United States","Michigan","26","Dickinson",43
"2130","ILMU","United States","Michigan","26","Emmet",47
"2131","ILMU","United States","Michigan","26","Gladwin",51
"2132","ILMU","United States","Michigan","26","Gogebic",53
"2133","ILMU","United States","Michigan","26","Gratiot",57
"2134","ILMU","United States","Michigan","26","Houghton",61
"2135","ILMU","United States","Michigan","26","Huron",63
"2136","ILMU","United States","Michigan","26","Ingham",65
"2137","ILMU","United States","Michigan","26","Iosco",69
"2138","ILMU","United States","Michigan","26","Iron",71
"2139","ILMU","United States","Michigan","26","Jackson",75
"2140","ILMU","United States","Michigan","26","Kalamazoo",77
"2141","ILMU","United States","Michigan","26","Kalkaska",79
"2142","ILMU","United States","Michigan","26","Kent",81
"2143","ILMU","United States","Michigan","26","Keweenaw",83
"2144","ILMU","United States","Michigan","26","Lake",85
"2145","ILMU","United States","Michigan","26","Lapeer",87
"2146","ILMU","United States","Michigan","26","Leelanau",89
"2147","ILMU","United States","Michigan","26","Livingston",93
"2148","ILMU","United States","Michigan","26","Luce",95
"2149","ILMU","United States","Michigan","26","Mackinac",97
"2150","ILMU","United States","Michigan","26","Manistee",101
"2151","ILMU","United States","Michigan","26","Marquette",103
"2152","ILMU","United States","Michigan","26","Mason",105
"2153","ILMU","United States","Michigan","26","Menominee",109
"2154","ILMU","United States","Michigan","26","Midland",111
"2155","ILMU","United States","Michigan","26","Missaukee",113
"2156","ILMU","United States","Michigan","26","Montcalm",117
"2157","ILMU","United States","Michigan","26","Montmorency",119
"2158","ILMU","United States","Michigan","26","Muskegon",121
"2159","ILMU","United States","Michigan","26","Newaygo",123
"2160","ILMU","United States","Michigan","26","Oakland",125
"2161","ILMU","United States","Michigan","26","Oceana",127
"2162","ILMU","United States","Michigan","26","Ontonagon",131
"2163","ILMU","United States","Michigan","26","Osceola",133
"2164","ILMU","United States","Michigan","26","Oscoda",135
"2165","ILMU","United States","Michigan","26","Roscommon",143
"2166","ILMU","United States","Michigan","26","Schoolcraft",153
"2167","ILMU","United States","Michigan","26","St. Clair",147
"2168","ILMU","United States","Michigan","26","St. Joseph",149
"2169","ILMU","United States","Michigan","26","Van Buren",159
"2170","ILMU","United States","Michigan","26","Washtenaw",161
"2171","ILMU","United States","Michigan","26","Wexford",165
"2172","ILMU","United States","Minnesota","27","",NA
"2173","ILMU","United States","Minnesota","27","Anoka",3
"2174","ILMU","United States","Minnesota","27","Carlton",17
"2175","ILMU","United States","Minnesota","27","Chisago",25
"2176","ILMU","United States","Minnesota","27","Hennepin",53
"2177","ILMU","United States","Minnesota","27","Isanti",59
"2178","ILMU","United States","Minnesota","27","Pine",115
"2179","ILMU","United States","Minnesota","27","Ramsey",123
"2180","ILMU","United States","Minnesota","27","Wabasha",157
"2181","ILMU","United States","New Hampshire","33","",NA
"2182","ILMU","United States","New Hampshire","33","Belknap",1
"2183","ILMU","United States","New Hampshire","33","Carroll",3
"2184","ILMU","United States","New Hampshire","33","Cheshire",5
"2185","ILMU","United States","New Hampshire","33","Coos",7
"2186","ILMU","United States","New Hampshire","33","Grafton",9
"2187","ILMU","United States","New Hampshire","33","Hillsborough",11
"2188","ILMU","United States","New Hampshire","33","Merrimack",13
"2189","ILMU","United States","New Hampshire","33","Rockingham",15
"2190","ILMU","United States","New Hampshire","33","Strafford",17
"2191","ILMU","United States","New Hampshire","33","Sullivan",19
"2192","ILMU","United States","New Jersey","34","",NA
"2193","ILMU","United States","New Jersey","34","Atlantic",1
"2194","ILMU","United States","New Jersey","34","Camden",7
"2195","ILMU","United States","New Jersey","34","Cape May",9
"2196","ILMU","United States","New Jersey","34","Essex",13
"2197","ILMU","United States","New Jersey","34","Gloucester",15
"2198","ILMU","United States","New Jersey","34","Hudson",17
"2199","ILMU","United States","New Jersey","34","Hunterdon",19
"2200","ILMU","United States","New Jersey","34","Mercer",21
"2201","ILMU","United States","New Jersey","34","Middlesex",23
"2202","ILMU","United States","New Jersey","34","Monmouth",25
"2203","ILMU","United States","New Jersey","34","Morris",27
"2204","ILMU","United States","New Jersey","34","Ocean",29
"2205","ILMU","United States","New Jersey","34","Passaic",31
"2206","ILMU","United States","New Jersey","34","Somerset",35
"2207","ILMU","United States","New Jersey","34","Sussex",37
"2208","ILMU","United States","New Jersey","34","Union",39
"2209","ILMU","United States","New Jersey","34","Warren",41
"2210","ILMU","United States","New York","36","",NA
"2211","ILMU","United States","New York","36","Albany",1
"2212","ILMU","United States","New York","36","Cattaraugus",9
"2213","ILMU","United States","New York","36","Cayuga",11
"2214","ILMU","United States","New York","36","Chautauqua",13
"2215","ILMU","United States","New York","36","Chemung",15
"2216","ILMU","United States","New York","36","Chenango",17
"2217","ILMU","United States","New York","36","Clinton",19
"2218","ILMU","United States","New York","36","Columbia",21
"2219","ILMU","United States","New York","36","Cortland",23
"2220","ILMU","United States","New York","36","Delaware",25
"2221","ILMU","United States","New York","36","Erie",29
"2222","ILMU","United States","New York","36","Essex",31
"2223","ILMU","United States","New York","36","Franklin",33
"2224","ILMU","United States","New York","36","Genesee",37
"2225","ILMU","United States","New York","36","Greene",39
"2226","ILMU","United States","New York","36","Hamilton",41
"2227","ILMU","United States","New York","36","Lewis",49
"2228","ILMU","United States","New York","36","Madison",53
"2229","ILMU","United States","New York","36","Nassau",59
"2230","ILMU","United States","New York","36","Oneida",65
"2231","ILMU","United States","New York","36","Onondaga",67
"2232","ILMU","United States","New York","36","Ontario",69
"2233","ILMU","United States","New York","36","Orange",71
"2234","ILMU","United States","New York","36","Oswego",75
"2235","ILMU","United States","New York","36","Otsego",77
"2236","ILMU","United States","New York","36","Putnam",79
"2237","ILMU","United States","New York","36","Queens",81
"2238","ILMU","United States","New York","36","Rensselaer",83
"2239","ILMU","United States","New York","36","Richmond",85
"2240","ILMU","United States","New York","36","Rockland",87
"2241","ILMU","United States","New York","36","Schenectady",93
"2242","ILMU","United States","New York","36","St. Lawrence",89
"2243","ILMU","United States","New York","36","Steuben",101
"2244","ILMU","United States","New York","36","Suffolk",103
"2245","ILMU","United States","New York","36","Sullivan",105
"2246","ILMU","United States","New York","36","Tompkins",109
"2247","ILMU","United States","New York","36","Ulster",111
"2248","ILMU","United States","New York","36","Warren",113
"2249","ILMU","United States","New York","36","Washington",115
"2250","ILMU","United States","New York","36","Westchester",119
"2251","ILMU","United States","New York","36","Wyoming",121
"2252","ILMU","United States","Ohio","39","",NA
"2253","ILMU","United States","Ohio","39","Ashland",5
"2254","ILMU","United States","Ohio","39","Ashtabula",7
"2255","ILMU","United States","Ohio","39","Cuyahoga",35
"2256","ILMU","United States","Ohio","39","Defiance",39
"2257","ILMU","United States","Ohio","39","Geauga",55
"2258","ILMU","United States","Ohio","39","Lake",85
"2259","ILMU","United States","Ohio","39","Lorain",93
"2260","ILMU","United States","Ohio","39","Portage",133
"2261","ILMU","United States","Ohio","39","Stark",151
"2262","ILMU","United States","Ohio","39","Summit",153
"2263","ILMU","United States","Ohio","39","Trumbull",155
"2264","ILMU","United States","Ohio","39","Wayne",169
"2265","ILMU","United States","Ohio","39","Williams",171
"2266","ILMU","United States","Pennsylvania","42","",NA
"2267","ILMU","United States","Pennsylvania","42","Adams",1
"2268","ILMU","United States","Pennsylvania","42","Berks",11
"2269","ILMU","United States","Pennsylvania","42","Bradford",15
"2270","ILMU","United States","Pennsylvania","42","Butler",19
"2271","ILMU","United States","Pennsylvania","42","Cameron",23
"2272","ILMU","United States","Pennsylvania","42","Carbon",25
"2273","ILMU","United States","Pennsylvania","42","Centre",27
"2274","ILMU","United States","Pennsylvania","42","Clearfield",33
"2275","ILMU","United States","Pennsylvania","42","Clinton",35
"2276","ILMU","United States","Pennsylvania","42","Columbia",37
"2277","ILMU","United States","Pennsylvania","42","Crawford",39
"2278","ILMU","United States","Pennsylvania","42","Cumberland",41
"2279","ILMU","United States","Pennsylvania","42","Dauphin",43
"2280","ILMU","United States","Pennsylvania","42","Elk",47
"2281","ILMU","United States","Pennsylvania","42","Erie",49
"2282","ILMU","United States","Pennsylvania","42","Fayette",51
"2283","ILMU","United States","Pennsylvania","42","Franklin",55
"2284","ILMU","United States","Pennsylvania","42","Lackawanna",69
"2285","ILMU","United States","Pennsylvania","42","Lehigh",77
"2286","ILMU","United States","Pennsylvania","42","Luzerne",79
"2287","ILMU","United States","Pennsylvania","42","Lycoming",81
"2288","ILMU","United States","Pennsylvania","42","McKean",83
"2289","ILMU","United States","Pennsylvania","42","Mercer",85
"2290","ILMU","United States","Pennsylvania","42","Monroe",89
"2291","ILMU","United States","Pennsylvania","42","Northampton",95
"2292","ILMU","United States","Pennsylvania","42","Pike",103
"2293","ILMU","United States","Pennsylvania","42","Schuylkill",107
"2294","ILMU","United States","Pennsylvania","42","Snyder",109
"2295","ILMU","United States","Pennsylvania","42","Somerset",111
"2296","ILMU","United States","Pennsylvania","42","Sullivan",113
"2297","ILMU","United States","Pennsylvania","42","Susquehanna",115
"2298","ILMU","United States","Pennsylvania","42","Tioga",117
"2299","ILMU","United States","Pennsylvania","42","Union",119
"2300","ILMU","United States","Pennsylvania","42","Warren",123
"2301","ILMU","United States","Pennsylvania","42","Wayne",127
"2302","ILMU","United States","Rhode Island","44","",NA
"2303","ILMU","United States","Rhode Island","44","Kent",3
"2304","ILMU","United States","Rhode Island","44","Providence",7
"2305","ILMU","United States","Rhode Island","44","Washington",9
"2306","ILMU","United States","Vermont","50","",NA
"2307","ILMU","United States","Vermont","50","Addison",1
"2308","ILMU","United States","Vermont","50","Bennington",3
"2309","ILMU","United States","Vermont","50","Caledonia",5
"2310","ILMU","United States","Vermont","50","Chittenden",7
"2311","ILMU","United States","Vermont","50","Essex",9
"2312","ILMU","United States","Vermont","50","Franklin",11
"2313","ILMU","United States","Vermont","50","Lamoille",15
"2314","ILMU","United States","Vermont","50","Orange",17
"2315","ILMU","United States","Vermont","50","Orleans",19
"2316","ILMU","United States","Vermont","50","Rutland",21
"2317","ILMU","United States","Vermont","50","Washington",23
"2318","ILMU","United States","Vermont","50","Windham",25
"2319","ILMU","United States","Vermont","50","Windsor",27
"2320","ILMU","United States","West Virginia","54","",NA
"2321","ILMU","United States","West Virginia","54","Grant",23
"2322","ILMU","United States","West Virginia","54","Mineral",57
"2323","ILMU","United States","West Virginia","54","Pendleton",71
"2324","ILMU","United States","West Virginia","54","Preston",77
"2325","ILMU","United States","West Virginia","54","Randolph",83
"2326","ILMU","United States","West Virginia","54","Tucker",93
"2327","ILMU","United States","Wisconsin","55","",NA
"2328","ILMU","United States","Wisconsin","55","Adams",1
"2329","ILMU","United States","Wisconsin","55","Ashland",3
"2330","ILMU","United States","Wisconsin","55","Barron",5
"2331","ILMU","United States","Wisconsin","55","Bayfield",7
"2332","ILMU","United States","Wisconsin","55","Brown",9
"2333","ILMU","United States","Wisconsin","55","Calumet",15
"2334","ILMU","United States","Wisconsin","55","Chippewa",17
"2335","ILMU","United States","Wisconsin","55","Clark",19
"2336","ILMU","United States","Wisconsin","55","Dodge",27
"2337","ILMU","United States","Wisconsin","55","Door",29
"2338","ILMU","United States","Wisconsin","55","Douglas",31
"2339","ILMU","United States","Wisconsin","55","Florence",37
"2340","ILMU","United States","Wisconsin","55","Fond du Lac",39
"2341","ILMU","United States","Wisconsin","55","Forest",41
"2342","ILMU","United States","Wisconsin","55","Iron",51
"2343","ILMU","United States","Wisconsin","55","Jackson",53
"2344","ILMU","United States","Wisconsin","55","Langlade",67
"2345","ILMU","United States","Wisconsin","55","Lincoln",69
"2346","ILMU","United States","Wisconsin","55","Manitowoc",71
"2347","ILMU","United States","Wisconsin","55","Marinette",75
"2348","ILMU","United States","Wisconsin","55","Menominee",78
"2349","ILMU","United States","Wisconsin","55","Milwaukee",79
"2350","ILMU","United States","Wisconsin","55","Monroe",81
"2351","ILMU","United States","Wisconsin","55","Oconto",83
"2352","ILMU","United States","Wisconsin","55","Oneida",85
"2353","ILMU","United States","Wisconsin","55","Ozaukee",89
"2354","ILMU","United States","Wisconsin","55","Portage",97
"2355","ILMU","United States","Wisconsin","55","Price",99
"2356","ILMU","United States","Wisconsin","55","Rusk",107
"2357","ILMU","United States","Wisconsin","55","Sauk",111
"2358","ILMU","United States","Wisconsin","55","Sawyer",113
"2359","ILMU","United States","Wisconsin","55","Shawano",115
"2360","ILMU","United States","Wisconsin","55","Sheboygan",117
"2361","ILMU","United States","Wisconsin","55","Taylor",119
"2362","ILMU","United States","Wisconsin","55","Trempealeau",121
"2363","ILMU","United States","Wisconsin","55","Vilas",125
"2364","ILMU","United States","Wisconsin","55","Washburn",129
"2365","ILMU","United States","Wisconsin","55","Washington",131
"2366","ILMU","United States","Wisconsin","55","Wood",141
"2367","ILMU","Canada","Newfoundland","NF","",NA
"2368","ILMY","United States","Alabama","1","",NA
"2369","ILMY","United States","Alabama","1","Baldwin",3
"2370","ILMY","United States","Alabama","1","Covington",39
"2371","ILMY","United States","Alabama","1","Geneva",61
"2372","ILMY","United States","Alabama","1","Mobile",97
"2373","ILMY","United States","Florida","12","",NA
"2374","ILMY","United States","Florida","12","Alachua",1
"2375","ILMY","United States","Florida","12","Baker",3
"2376","ILMY","United States","Florida","12","Bay",5
"2377","ILMY","United States","Florida","12","Bradford",7
"2378","ILMY","United States","Florida","12","Calhoun",13
"2379","ILMY","United States","Florida","12","Clay",19
"2380","ILMY","United States","Florida","12","Columbia",23
"2381","ILMY","United States","Florida","12","Duval",31
"2382","ILMY","United States","Florida","12","Escambia",33
"2383","ILMY","United States","Florida","12","Franklin",37
"2384","ILMY","United States","Florida","12","Gadsden",39
"2385","ILMY","United States","Florida","12","Gulf",45
"2386","ILMY","United States","Florida","12","Holmes",59
"2387","ILMY","United States","Florida","12","Jackson",63
"2388","ILMY","United States","Florida","12","Jefferson",65
"2389","ILMY","United States","Florida","12","Lafayette",67
"2390","ILMY","United States","Florida","12","Leon",73
"2391","ILMY","United States","Florida","12","Liberty",77
"2392","ILMY","United States","Florida","12","Madison",79
"2393","ILMY","United States","Florida","12","Nassau",89
"2394","ILMY","United States","Florida","12","Okaloosa",91
"2395","ILMY","United States","Florida","12","Orange",95
"2396","ILMY","United States","Florida","12","Santa Rosa",113
"2397","ILMY","United States","Florida","12","Suwannee",121
"2398","ILMY","United States","Florida","12","Union",125
"2399","ILMY","United States","Florida","12","Wakulla",129
"2400","ILMY","United States","Florida","12","Walton",131
"2401","ILMY","United States","Florida","12","Washington",133
"2402","ILMY","United States","Georgia","13","",NA
"2403","ILMY","United States","Georgia","13","Appling",1
"2404","ILMY","United States","Georgia","13","Bacon",5
"2405","ILMY","United States","Georgia","13","Ben Hill",17
"2406","ILMY","United States","Georgia","13","Berrien",19
"2407","ILMY","United States","Georgia","13","Brantley",25
"2408","ILMY","United States","Georgia","13","Charlton",49
"2409","ILMY","United States","Georgia","13","Chatham",51
"2410","ILMY","United States","Georgia","13","Clay",61
"2411","ILMY","United States","Georgia","13","Clinch",65
"2412","ILMY","United States","Georgia","13","Coffee",69
"2413","ILMY","United States","Georgia","13","Colquitt",71
"2414","ILMY","United States","Georgia","13","Cook",75
"2415","ILMY","United States","Georgia","13","Crisp",81
"2416","ILMY","United States","Georgia","13","Dodge",91
"2417","ILMY","United States","Georgia","13","Dooly",93
"2418","ILMY","United States","Georgia","13","Dougherty",95
"2419","ILMY","United States","Georgia","13","Early",99
"2420","ILMY","United States","Georgia","13","Echols",101
"2421","ILMY","United States","Georgia","13","Irwin",155
"2422","ILMY","United States","Georgia","13","Jefferson",163
"2423","ILMY","United States","Georgia","13","Jenkins",165
"2424","ILMY","United States","Georgia","13","Long",183
"2425","ILMY","United States","Georgia","13","McIntosh",191
"2426","ILMY","United States","Georgia","13","Miller",201
"2427","ILMY","United States","Georgia","13","Pierce",229
"2428","ILMY","United States","Georgia","13","Pulaski",235
"2429","ILMY","United States","Georgia","13","Rabun",241
"2430","ILMY","United States","Georgia","13","Screven",251
"2431","ILMY","United States","Georgia","13","Tattnall",267
"2432","ILMY","United States","Georgia","13","Telfair",271
"2433","ILMY","United States","Georgia","13","Tift",277
"2434","ILMY","United States","Georgia","13","Toombs",279
"2435","ILMY","United States","Georgia","13","Troup",285
"2436","ILMY","United States","Georgia","13","Turner",287
"2437","ILMY","United States","Georgia","13","Ware",299
"2438","ILMY","United States","Georgia","13","Wayne",305
"2439","ILMY","United States","Georgia","13","Wilcox",315
"2440","ILMY","United States","Louisiana","22","",NA
"2441","ILMY","United States","Louisiana","22","Lafayette",55
"2442","ILMY","United States","Louisiana","22","St. Tammany",103
"2443","ILMY","United States","Louisiana","22","Tangipahoa",105
"2444","ILMY","United States","Mississippi","28","",NA
"2445","ILMY","United States","Mississippi","28","George",39
"2446","ILMY","United States","Mississippi","28","Hancock",45
"2447","ILMY","United States","Mississippi","28","Harrison",47
"2448","ILMY","United States","Mississippi","28","Jackson",59
"2449","ILMY","United States","Mississippi","28","Perry",111
"2450","ILMY","United States","Mississippi","28","Stone",131
"2451","ILMY","United States","North Carolina","37","",NA
"2452","ILMY","United States","North Carolina","37","Brunswick",19
"2453","ILMY","United States","North Carolina","37","Columbus",47
"2454","ILMY","United States","North Carolina","37","Craven",49
"2455","ILMY","United States","North Carolina","37","New Hanover",129
"2456","ILMY","United States","North Carolina","37","Onslow",133
"2457","ILMY","United States","North Carolina","37","Pamlico",137
"2458","ILMY","United States","North Carolina","37","Pender",141
"2459","ILMY","United States","South Carolina","45","",NA
"2460","ILMY","United States","South Carolina","45","Allendale",5
"2461","ILMY","United States","South Carolina","45","Bamberg",9
"2462","ILMY","United States","South Carolina","45","Barnwell",11
"2463","ILMY","United States","South Carolina","45","Berkeley",15
"2464","ILMY","United States","South Carolina","45","Calhoun",17
"2465","ILMY","United States","South Carolina","45","Colleton",29
"2466","ILMY","United States","South Carolina","45","Darlington",31
"2467","ILMY","United States","South Carolina","45","Dorchester",35
"2468","ILMY","United States","South Carolina","45","Georgetown",43
"2469","ILMY","United States","South Carolina","45","Hampton",49
"2470","ILMY","United States","South Carolina","45","Horry",51
"2471","ILMY","United States","South Carolina","45","Jasper",53
"2472","ILMY","United States","South Carolina","45","Marion",67
"2473","ILMY","United States","South Carolina","45","Orangeburg",75
"2474","ILMY","United States","South Carolina","45","Sumter",85
"2475","ILMY","United States","South Carolina","45","Williamsburg",89
"2476","ILMY","United States","Texas","48","",NA
"2477","ILOP","United States","Alabama","1","",NA
"2478","ILOP","United States","Alabama","1","Autauga",1
"2479","ILOP","United States","Alabama","1","Baldwin",3
"2480","ILOP","United States","Alabama","1","Barbour",5
"2481","ILOP","United States","Alabama","1","Bibb",7
"2482","ILOP","United States","Alabama","1","Blount",9
"2483","ILOP","United States","Alabama","1","Bullock",11
"2484","ILOP","United States","Alabama","1","Butler",13
"2485","ILOP","United States","Alabama","1","Calhoun",15
"2486","ILOP","United States","Alabama","1","Chambers",17
"2487","ILOP","United States","Alabama","1","Chilton",21
"2488","ILOP","United States","Alabama","1","Choctaw",23
"2489","ILOP","United States","Alabama","1","Clarke",25
"2490","ILOP","United States","Alabama","1","Clay",27
"2491","ILOP","United States","Alabama","1","Cleburne",29
"2492","ILOP","United States","Alabama","1","Coffee",31
"2493","ILOP","United States","Alabama","1","Colbert",33
"2494","ILOP","United States","Alabama","1","Conecuh",35
"2495","ILOP","United States","Alabama","1","Coosa",37
"2496","ILOP","United States","Alabama","1","Covington",39
"2497","ILOP","United States","Alabama","1","Crenshaw",41
"2498","ILOP","United States","Alabama","1","Cullman",43
"2499","ILOP","United States","Alabama","1","Dale",45
"2500","ILOP","United States","Alabama","1","Dallas",47
"2501","ILOP","United States","Alabama","1","DeKalb",49
"2502","ILOP","United States","Alabama","1","Elmore",51
"2503","ILOP","United States","Alabama","1","Escambia",53
"2504","ILOP","United States","Alabama","1","Fayette",57
"2505","ILOP","United States","Alabama","1","Franklin",59
"2506","ILOP","United States","Alabama","1","Geneva",61
"2507","ILOP","United States","Alabama","1","Greene",63
"2508","ILOP","United States","Alabama","1","Hale",65
"2509","ILOP","United States","Alabama","1","Henry",67
"2510","ILOP","United States","Alabama","1","Houston",69
"2511","ILOP","United States","Alabama","1","Jackson",71
"2512","ILOP","United States","Alabama","1","Lamar",75
"2513","ILOP","United States","Alabama","1","Lauderdale",77
"2514","ILOP","United States","Alabama","1","Lawrence",79
"2515","ILOP","United States","Alabama","1","Lee",81
"2516","ILOP","United States","Alabama","1","Lowndes",85
"2517","ILOP","United States","Alabama","1","Macon",87
"2518","ILOP","United States","Alabama","1","Madison",89
"2519","ILOP","United States","Alabama","1","Marengo",91
"2520","ILOP","United States","Alabama","1","Marshall",95
"2521","ILOP","United States","Alabama","1","Mobile",97
"2522","ILOP","United States","Alabama","1","Monroe",99
"2523","ILOP","United States","Alabama","1","Montgomery",101
"2524","ILOP","United States","Alabama","1","Perry",105
"2525","ILOP","United States","Alabama","1","Pickens",107
"2526","ILOP","United States","Alabama","1","Pike",109
"2527","ILOP","United States","Alabama","1","Russell",113
"2528","ILOP","United States","Alabama","1","Tallapoosa",123
"2529","ILOP","United States","Alabama","1","Tuscaloosa",125
"2530","ILOP","United States","Alabama","1","Walker",127
"2531","ILOP","United States","Alabama","1","Washington",129
"2532","ILOP","United States","Alabama","1","Wilcox",131
"2533","ILOP","United States","Alabama","1","Winston",133
"2534","ILOP","United States","Arkansas","5","",NA
"2535","ILOP","United States","Arkansas","5","Arkansas",1
"2536","ILOP","United States","Arkansas","5","Ashley",3
"2537","ILOP","United States","Arkansas","5","Bradley",11
"2538","ILOP","United States","Arkansas","5","Calhoun",13
"2539","ILOP","United States","Arkansas","5","Chicot",17
"2540","ILOP","United States","Arkansas","5","Clark",19
"2541","ILOP","United States","Arkansas","5","Clay",21
"2542","ILOP","United States","Arkansas","5","Cleveland",25
"2543","ILOP","United States","Arkansas","5","Columbia",27
"2544","ILOP","United States","Arkansas","5","Conway",29
"2545","ILOP","United States","Arkansas","5","Craighead",31
"2546","ILOP","United States","Arkansas","5","Crittenden",35
"2547","ILOP","United States","Arkansas","5","Cross",37
"2548","ILOP","United States","Arkansas","5","Dallas",39
"2549","ILOP","United States","Arkansas","5","Desha",41
"2550","ILOP","United States","Arkansas","5","Drew",43
"2551","ILOP","United States","Arkansas","5","Garland",51
"2552","ILOP","United States","Arkansas","5","Grant",53
"2553","ILOP","United States","Arkansas","5","Greene",55
"2554","ILOP","United States","Arkansas","5","Hempstead",57
"2555","ILOP","United States","Arkansas","5","Hot Spring",59
"2556","ILOP","United States","Arkansas","5","Howard",61
"2557","ILOP","United States","Arkansas","5","Jefferson",69
"2558","ILOP","United States","Arkansas","5","Johnson",71
"2559","ILOP","United States","Arkansas","5","Lafayette",73
"2560","ILOP","United States","Arkansas","5","Lee",77
"2561","ILOP","United States","Arkansas","5","Lincoln",79
"2562","ILOP","United States","Arkansas","5","Little River",81
"2563","ILOP","United States","Arkansas","5","Lonoke",85
"2564","ILOP","United States","Arkansas","5","Miller",91
"2565","ILOP","United States","Arkansas","5","Mississippi",93
"2566","ILOP","United States","Arkansas","5","Monroe",95
"2567","ILOP","United States","Arkansas","5","Montgomery",97
"2568","ILOP","United States","Arkansas","5","Nevada",99
"2569","ILOP","United States","Arkansas","5","Ouachita",103
"2570","ILOP","United States","Arkansas","5","Perry",105
"2571","ILOP","United States","Arkansas","5","Phillips",107
"2572","ILOP","United States","Arkansas","5","Pike",109
"2573","ILOP","United States","Arkansas","5","Poinsett",111
"2574","ILOP","United States","Arkansas","5","Polk",113
"2575","ILOP","United States","Arkansas","5","Pulaski",119
"2576","ILOP","United States","Arkansas","5","Saline",125
"2577","ILOP","United States","Arkansas","5","Scott",127
"2578","ILOP","United States","Arkansas","5","Sevier",133
"2579","ILOP","United States","Arkansas","5","St. Francis",123
"2580","ILOP","United States","Arkansas","5","Union",139
"2581","ILOP","United States","Connecticut","9","",NA
"2582","ILOP","United States","Connecticut","9","Fairfield",1
"2583","ILOP","United States","Delaware","10","",NA
"2584","ILOP","United States","Delaware","10","Kent",1
"2585","ILOP","United States","Delaware","10","New Castle",3
"2586","ILOP","United States","District of Columbia","11","",NA
"2587","ILOP","United States","District of Columbia","11","District of Columbia",1
"2588","ILOP","United States","Florida","12","",NA
"2589","ILOP","United States","Florida","12","Alachua",1
"2590","ILOP","United States","Florida","12","Baker",3
"2591","ILOP","United States","Florida","12","Bay",5
"2592","ILOP","United States","Florida","12","Bradford",7
"2593","ILOP","United States","Florida","12","Calhoun",13
"2594","ILOP","United States","Florida","12","Citrus",17
"2595","ILOP","United States","Florida","12","Clay",19
"2596","ILOP","United States","Florida","12","Columbia",23
"2597","ILOP","United States","Florida","12","DeSoto",27
"2598","ILOP","United States","Florida","12","Dixie",29
"2599","ILOP","United States","Florida","12","Duval",31
"2600","ILOP","United States","Florida","12","Escambia",33
"2601","ILOP","United States","Florida","12","Flagler",35
"2602","ILOP","United States","Florida","12","Franklin",37
"2603","ILOP","United States","Florida","12","Gadsden",39
"2604","ILOP","United States","Florida","12","Gilchrist",41
"2605","ILOP","United States","Florida","12","Gulf",45
"2606","ILOP","United States","Florida","12","Hamilton",47
"2607","ILOP","United States","Florida","12","Hernando",53
"2608","ILOP","United States","Florida","12","Highlands",55
"2609","ILOP","United States","Florida","12","Hillsborough",57
"2610","ILOP","United States","Florida","12","Jackson",63
"2611","ILOP","United States","Florida","12","Jefferson",65
"2612","ILOP","United States","Florida","12","Lafayette",67
"2613","ILOP","United States","Florida","12","Lake",69
"2614","ILOP","United States","Florida","12","Lee",71
"2615","ILOP","United States","Florida","12","Leon",73
"2616","ILOP","United States","Florida","12","Levy",75
"2617","ILOP","United States","Florida","12","Liberty",77
"2618","ILOP","United States","Florida","12","Manatee",81
"2619","ILOP","United States","Florida","12","Marion",83
"2620","ILOP","United States","Florida","12","Okaloosa",91
"2621","ILOP","United States","Florida","12","Orange",95
"2622","ILOP","United States","Florida","12","Pinellas",103
"2623","ILOP","United States","Florida","12","Polk",105
"2624","ILOP","United States","Florida","12","Putnam",107
"2625","ILOP","United States","Florida","12","Santa Rosa",113
"2626","ILOP","United States","Florida","12","Seminole",117
"2627","ILOP","United States","Florida","12","St. Johns",109
"2628","ILOP","United States","Florida","12","Sumter",119
"2629","ILOP","United States","Florida","12","Suwannee",121
"2630","ILOP","United States","Florida","12","Taylor",123
"2631","ILOP","United States","Florida","12","Union",125
"2632","ILOP","United States","Florida","12","Volusia",127
"2633","ILOP","United States","Florida","12","Wakulla",129
"2634","ILOP","United States","Florida","12","Walton",131
"2635","ILOP","United States","Florida","12","Washington",133
"2636","ILOP","United States","Georgia","13","",NA
"2637","ILOP","United States","Georgia","13","Atkinson",3
"2638","ILOP","United States","Georgia","13","Baker",7
"2639","ILOP","United States","Georgia","13","Baldwin",9
"2640","ILOP","United States","Georgia","13","Brooks",27
"2641","ILOP","United States","Georgia","13","Bulloch",31
"2642","ILOP","United States","Georgia","13","Camden",39
"2643","ILOP","United States","Georgia","13","Carroll",45
"2644","ILOP","United States","Georgia","13","Charlton",49
"2645","ILOP","United States","Georgia","13","Chatham",51
"2646","ILOP","United States","Georgia","13","Chattooga",55
"2647","ILOP","United States","Georgia","13","Clarke",59
"2648","ILOP","United States","Georgia","13","Coffee",69
"2649","ILOP","United States","Georgia","13","Colquitt",71
"2650","ILOP","United States","Georgia","13","Crisp",81
"2651","ILOP","United States","Georgia","13","Dade",83
"2652","ILOP","United States","Georgia","13","DeKalb",89
"2653","ILOP","United States","Georgia","13","Echols",101
"2654","ILOP","United States","Georgia","13","Elbert",105
"2655","ILOP","United States","Georgia","13","Fannin",111
"2656","ILOP","United States","Georgia","13","Gilmer",123
"2657","ILOP","United States","Georgia","13","Glascock",125
"2658","ILOP","United States","Georgia","13","Glynn",127
"2659","ILOP","United States","Georgia","13","Grady",131
"2660","ILOP","United States","Georgia","13","Habersham",137
"2661","ILOP","United States","Georgia","13","Hall",139
"2662","ILOP","United States","Georgia","13","Jackson",157
"2663","ILOP","United States","Georgia","13","Jefferson",163
"2664","ILOP","United States","Georgia","13","Johnson",167
"2665","ILOP","United States","Georgia","13","Lanier",173
"2666","ILOP","United States","Georgia","13","Laurens",175
"2667","ILOP","United States","Georgia","13","Liberty",179
"2668","ILOP","United States","Georgia","13","Lowndes",185
"2669","ILOP","United States","Georgia","13","Lumpkin",187
"2670","ILOP","United States","Georgia","13","Macon",193
"2671","ILOP","United States","Georgia","13","McDuffie",189
"2672","ILOP","United States","Georgia","13","McIntosh",191
"2673","ILOP","United States","Georgia","13","Mitchell",205
"2674","ILOP","United States","Georgia","13","Morgan",211
"2675","ILOP","United States","Georgia","13","Newton",217
"2676","ILOP","United States","Georgia","13","Oglethorpe",221
"2677","ILOP","United States","Georgia","13","Pickens",227
"2678","ILOP","United States","Georgia","13","Pike",231
"2679","ILOP","United States","Georgia","13","Pulaski",235
"2680","ILOP","United States","Georgia","13","Rabun",241
"2681","ILOP","United States","Georgia","13","Spalding",255
"2682","ILOP","United States","Georgia","13","Sumter",261
"2683","ILOP","United States","Georgia","13","Tattnall",267
"2684","ILOP","United States","Georgia","13","Tift",277
"2685","ILOP","United States","Georgia","13","Towns",281
"2686","ILOP","United States","Georgia","13","Twiggs",289
"2687","ILOP","United States","Georgia","13","Union",291
"2688","ILOP","United States","Georgia","13","Ware",299
"2689","ILOP","United States","Georgia","13","Whitfield",313
"2690","ILOP","United States","Georgia","13","Worth",321
"2691","ILOP","United States","Illinois","17","",NA
"2692","ILOP","United States","Illinois","17","Union",181
"2693","ILOP","United States","Indiana","18","",NA
"2694","ILOP","United States","Kentucky","21","",NA
"2695","ILOP","United States","Kentucky","21","Adair",1
"2696","ILOP","United States","Kentucky","21","Allen",3
"2697","ILOP","United States","Kentucky","21","Anderson",5
"2698","ILOP","United States","Kentucky","21","Barren",9
"2699","ILOP","United States","Kentucky","21","Bath",11
"2700","ILOP","United States","Kentucky","21","Bell",13
"2701","ILOP","United States","Kentucky","21","Bourbon",17
"2702","ILOP","United States","Kentucky","21","Boyd",19
"2703","ILOP","United States","Kentucky","21","Boyle",21
"2704","ILOP","United States","Kentucky","21","Bullitt",29
"2705","ILOP","United States","Kentucky","21","Butler",31
"2706","ILOP","United States","Kentucky","21","Calloway",35
"2707","ILOP","United States","Kentucky","21","Campbell",37
"2708","ILOP","United States","Kentucky","21","Carter",43
"2709","ILOP","United States","Kentucky","21","Casey",45
"2710","ILOP","United States","Kentucky","21","Clay",51
"2711","ILOP","United States","Kentucky","21","Clinton",53
"2712","ILOP","United States","Kentucky","21","Cumberland",57
"2713","ILOP","United States","Kentucky","21","Daviess",59
"2714","ILOP","United States","Kentucky","21","Edmonson",61
"2715","ILOP","United States","Kentucky","21","Elliott",63
"2716","ILOP","United States","Kentucky","21","Estill",65
"2717","ILOP","United States","Kentucky","21","Fayette",67
"2718","ILOP","United States","Kentucky","21","Fleming",69
"2719","ILOP","United States","Kentucky","21","Floyd",71
"2720","ILOP","United States","Kentucky","21","Franklin",73
"2721","ILOP","United States","Kentucky","21","Fulton",75
"2722","ILOP","United States","Kentucky","21","Garrard",79
"2723","ILOP","United States","Kentucky","21","Grayson",85
"2724","ILOP","United States","Kentucky","21","Green",87
"2725","ILOP","United States","Kentucky","21","Hardin",93
"2726","ILOP","United States","Kentucky","21","Harlan",95
"2727","ILOP","United States","Kentucky","21","Hart",99
"2728","ILOP","United States","Kentucky","21","Henry",103
"2729","ILOP","United States","Kentucky","21","Hickman",105
"2730","ILOP","United States","Kentucky","21","Jackson",109
"2731","ILOP","United States","Kentucky","21","Jefferson",111
"2732","ILOP","United States","Kentucky","21","Johnson",115
"2733","ILOP","United States","Kentucky","21","Knott",119
"2734","ILOP","United States","Kentucky","21","Knox",121
"2735","ILOP","United States","Kentucky","21","Larue",123
"2736","ILOP","United States","Kentucky","21","Laurel",125
"2737","ILOP","United States","Kentucky","21","Lawrence",127
"2738","ILOP","United States","Kentucky","21","Lee",129
"2739","ILOP","United States","Kentucky","21","Leslie",131
"2740","ILOP","United States","Kentucky","21","Letcher",133
"2741","ILOP","United States","Kentucky","21","Lewis",135
"2742","ILOP","United States","Kentucky","21","Logan",141
"2743","ILOP","United States","Kentucky","21","Madison",151
"2744","ILOP","United States","Kentucky","21","Magoffin",153
"2745","ILOP","United States","Kentucky","21","Martin",159
"2746","ILOP","United States","Kentucky","21","McCracken",145
"2747","ILOP","United States","Kentucky","21","McCreary",147
"2748","ILOP","United States","Kentucky","21","Menifee",165
"2749","ILOP","United States","Kentucky","21","Metcalfe",169
"2750","ILOP","United States","Kentucky","21","Monroe",171
"2751","ILOP","United States","Kentucky","21","Montgomery",173
"2752","ILOP","United States","Kentucky","21","Morgan",175
"2753","ILOP","United States","Kentucky","21","Ohio",183
"2754","ILOP","United States","Kentucky","21","Oldham",185
"2755","ILOP","United States","Kentucky","21","Owsley",189
"2756","ILOP","United States","Kentucky","21","Perry",193
"2757","ILOP","United States","Kentucky","21","Pike",195
"2758","ILOP","United States","Kentucky","21","Powell",197
"2759","ILOP","United States","Kentucky","21","Pulaski",199
"2760","ILOP","United States","Kentucky","21","Rockcastle",203
"2761","ILOP","United States","Kentucky","21","Rowan",205
"2762","ILOP","United States","Kentucky","21","Russell",207
"2763","ILOP","United States","Kentucky","21","Shelby",211
"2764","ILOP","United States","Kentucky","21","Simpson",213
"2765","ILOP","United States","Kentucky","21","Taylor",217
"2766","ILOP","United States","Kentucky","21","Todd",219
"2767","ILOP","United States","Kentucky","21","Trigg",221
"2768","ILOP","United States","Kentucky","21","Warren",227
"2769","ILOP","United States","Kentucky","21","Wayne",231
"2770","ILOP","United States","Kentucky","21","Whitley",235
"2771","ILOP","United States","Kentucky","21","Wolfe",237
"2772","ILOP","United States","Louisiana","22","",NA
"2773","ILOP","United States","Louisiana","22","Allen",3
"2774","ILOP","United States","Louisiana","22","Avoyelles",9
"2775","ILOP","United States","Louisiana","22","Beauregard",11
"2776","ILOP","United States","Louisiana","22","Bienville",13
"2777","ILOP","United States","Louisiana","22","Bossier",15
"2778","ILOP","United States","Louisiana","22","Caddo",17
"2779","ILOP","United States","Louisiana","22","Calcasieu",19
"2780","ILOP","United States","Louisiana","22","Caldwell",21
"2781","ILOP","United States","Louisiana","22","Cameron",23
"2782","ILOP","United States","Louisiana","22","Catahoula",25
"2783","ILOP","United States","Louisiana","22","Claiborne",27
"2784","ILOP","United States","Louisiana","22","Concordia",29
"2785","ILOP","United States","Louisiana","22","De Soto",31
"2786","ILOP","United States","Louisiana","22","East Baton Rouge",33
"2787","ILOP","United States","Louisiana","22","East Carroll",35
"2788","ILOP","United States","Louisiana","22","East Feliciana",37
"2789","ILOP","United States","Louisiana","22","Evangeline",39
"2790","ILOP","United States","Louisiana","22","Franklin",41
"2791","ILOP","United States","Louisiana","22","Grant",43
"2792","ILOP","United States","Louisiana","22","Jackson",49
"2793","ILOP","United States","Louisiana","22","Jefferson Davis",53
"2794","ILOP","United States","Louisiana","22","LaSalle",59
"2795","ILOP","United States","Louisiana","22","Lincoln",61
"2796","ILOP","United States","Louisiana","22","Livingston",63
"2797","ILOP","United States","Louisiana","22","Morehouse",67
"2798","ILOP","United States","Louisiana","22","Natchitoches",69
"2799","ILOP","United States","Louisiana","22","Ouachita",73
"2800","ILOP","United States","Louisiana","22","Rapides",79
"2801","ILOP","United States","Louisiana","22","Red River",81
"2802","ILOP","United States","Louisiana","22","Richland",83
"2803","ILOP","United States","Louisiana","22","Sabine",85
"2804","ILOP","United States","Louisiana","22","St. Charles",89
"2805","ILOP","United States","Louisiana","22","St. Helena",91
"2806","ILOP","United States","Louisiana","22","St. Landry",97
"2807","ILOP","United States","Louisiana","22","St. Mary",101
"2808","ILOP","United States","Louisiana","22","St. Tammany",103
"2809","ILOP","United States","Louisiana","22","Tangipahoa",105
"2810","ILOP","United States","Louisiana","22","Union",111
"2811","ILOP","United States","Louisiana","22","Vermilion",113
"2812","ILOP","United States","Louisiana","22","Vernon",115
"2813","ILOP","United States","Louisiana","22","Washington",117
"2814","ILOP","United States","Louisiana","22","Webster",119
"2815","ILOP","United States","Louisiana","22","West Carroll",123
"2816","ILOP","United States","Louisiana","22","West Feliciana",125
"2817","ILOP","United States","Louisiana","22","Winn",127
"2818","ILOP","United States","Maryland","24","",NA
"2819","ILOP","United States","Massachusetts","25","",NA
"2820","ILOP","United States","Massachusetts","25","Barnstable",1
"2821","ILOP","United States","Massachusetts","25","Bristol",5
"2822","ILOP","United States","Massachusetts","25","Dukes",7
"2823","ILOP","United States","Massachusetts","25","Essex",9
"2824","ILOP","United States","Massachusetts","25","Nantucket",19
"2825","ILOP","United States","Massachusetts","25","Norfolk",21
"2826","ILOP","United States","Massachusetts","25","Plymouth",23
"2827","ILOP","United States","Mississippi","28","",NA
"2828","ILOP","United States","Mississippi","28","Adams",1
"2829","ILOP","United States","Mississippi","28","Amite",5
"2830","ILOP","United States","Mississippi","28","Attala",7
"2831","ILOP","United States","Mississippi","28","Carroll",15
"2832","ILOP","United States","Mississippi","28","Claiborne",21
"2833","ILOP","United States","Mississippi","28","Clarke",23
"2834","ILOP","United States","Mississippi","28","Copiah",29
"2835","ILOP","United States","Mississippi","28","Covington",31
"2836","ILOP","United States","Mississippi","28","DeSoto",33
"2837","ILOP","United States","Mississippi","28","Forrest",35
"2838","ILOP","United States","Mississippi","28","Franklin",37
"2839","ILOP","United States","Mississippi","28","George",39
"2840","ILOP","United States","Mississippi","28","Greene",41
"2841","ILOP","United States","Mississippi","28","Grenada",43
"2842","ILOP","United States","Mississippi","28","Hancock",45
"2843","ILOP","United States","Mississippi","28","Harrison",47
"2844","ILOP","United States","Mississippi","28","Hinds",49
"2845","ILOP","United States","Mississippi","28","Itawamba",57
"2846","ILOP","United States","Mississippi","28","Jackson",59
"2847","ILOP","United States","Mississippi","28","Jasper",61
"2848","ILOP","United States","Mississippi","28","Jefferson",63
"2849","ILOP","United States","Mississippi","28","Jefferson Davis",65
"2850","ILOP","United States","Mississippi","28","Jones",67
"2851","ILOP","United States","Mississippi","28","Lafayette",71
"2852","ILOP","United States","Mississippi","28","Lamar",73
"2853","ILOP","United States","Mississippi","28","Lauderdale",75
"2854","ILOP","United States","Mississippi","28","Lawrence",77
"2855","ILOP","United States","Mississippi","28","Lee",81
"2856","ILOP","United States","Mississippi","28","Leflore",83
"2857","ILOP","United States","Mississippi","28","Madison",89
"2858","ILOP","United States","Mississippi","28","Marion",91
"2859","ILOP","United States","Mississippi","28","Marshall",93
"2860","ILOP","United States","Mississippi","28","Monroe",95
"2861","ILOP","United States","Mississippi","28","Newton",101
"2862","ILOP","United States","Mississippi","28","Noxubee",103
"2863","ILOP","United States","Mississippi","28","Panola",107
"2864","ILOP","United States","Mississippi","28","Pearl River",109
"2865","ILOP","United States","Mississippi","28","Perry",111
"2866","ILOP","United States","Mississippi","28","Pike",113
"2867","ILOP","United States","Mississippi","28","Rankin",121
"2868","ILOP","United States","Mississippi","28","Scott",123
"2869","ILOP","United States","Mississippi","28","Simpson",127
"2870","ILOP","United States","Mississippi","28","Smith",129
"2871","ILOP","United States","Mississippi","28","Stone",131
"2872","ILOP","United States","Mississippi","28","Tippah",139
"2873","ILOP","United States","Mississippi","28","Tishomingo",141
"2874","ILOP","United States","Mississippi","28","Walthall",147
"2875","ILOP","United States","Mississippi","28","Warren",149
"2876","ILOP","United States","Mississippi","28","Washington",151
"2877","ILOP","United States","Mississippi","28","Wayne",153
"2878","ILOP","United States","Mississippi","28","Wilkinson",157
"2879","ILOP","United States","Mississippi","28","Winston",159
"2880","ILOP","United States","Mississippi","28","Yalobusha",161
"2881","ILOP","United States","Missouri","29","",NA
"2882","ILOP","United States","Missouri","29","Butler",23
"2883","ILOP","United States","Missouri","29","Cape Girardeau",31
"2884","ILOP","United States","Missouri","29","Dunklin",69
"2885","ILOP","United States","Missouri","29","Mississippi",133
"2886","ILOP","United States","Missouri","29","New Madrid",143
"2887","ILOP","United States","Missouri","29","Stoddard",207
"2888","ILOP","United States","Missouri","29","Wayne",223
"2889","ILOP","United States","New Jersey","34","",NA
"2890","ILOP","United States","New Jersey","34","Atlantic",1
"2891","ILOP","United States","New Jersey","34","Bergen",3
"2892","ILOP","United States","New Jersey","34","Burlington",5
"2893","ILOP","United States","New Jersey","34","Camden",7
"2894","ILOP","United States","New Jersey","34","Cape May",9
"2895","ILOP","United States","New Jersey","34","Cumberland",11
"2896","ILOP","United States","New Jersey","34","Essex",13
"2897","ILOP","United States","New Jersey","34","Gloucester",15
"2898","ILOP","United States","New Jersey","34","Mercer",21
"2899","ILOP","United States","New Jersey","34","Middlesex",23
"2900","ILOP","United States","New Jersey","34","Monmouth",25
"2901","ILOP","United States","New Jersey","34","Morris",27
"2902","ILOP","United States","New Jersey","34","Ocean",29
"2903","ILOP","United States","New Jersey","34","Passaic",31
"2904","ILOP","United States","New Jersey","34","Somerset",35
"2905","ILOP","United States","New Jersey","34","Union",39
"2906","ILOP","United States","New Jersey","34","Warren",41
"2907","ILOP","United States","New York","36","",NA
"2908","ILOP","United States","New York","36","Bronx",5
"2909","ILOP","United States","New York","36","Dutchess",27
"2910","ILOP","United States","New York","36","Kings",47
"2911","ILOP","United States","New York","36","Nassau",59
"2912","ILOP","United States","New York","36","New York",61
"2913","ILOP","United States","New York","36","Orange",71
"2914","ILOP","United States","New York","36","Queens",81
"2915","ILOP","United States","New York","36","Richmond",85
"2916","ILOP","United States","New York","36","Rockland",87
"2917","ILOP","United States","New York","36","Suffolk",103
"2918","ILOP","United States","New York","36","Westchester",119
"2919","ILOP","United States","North Carolina","37","",NA
"2920","ILOP","United States","North Carolina","37","Alamance",1
"2921","ILOP","United States","North Carolina","37","Alexander",3
"2922","ILOP","United States","North Carolina","37","Anson",7
"2923","ILOP","United States","North Carolina","37","Ashe",9
"2924","ILOP","United States","North Carolina","37","Beaufort",13
"2925","ILOP","United States","North Carolina","37","Bertie",15
"2926","ILOP","United States","North Carolina","37","Bladen",17
"2927","ILOP","United States","North Carolina","37","Brunswick",19
"2928","ILOP","United States","North Carolina","37","Buncombe",21
"2929","ILOP","United States","North Carolina","37","Cabarrus",25
"2930","ILOP","United States","North Carolina","37","Caldwell",27
"2931","ILOP","United States","North Carolina","37","Carteret",31
"2932","ILOP","United States","North Carolina","37","Caswell",33
"2933","ILOP","United States","North Carolina","37","Catawba",35
"2934","ILOP","United States","North Carolina","37","Chatham",37
"2935","ILOP","United States","North Carolina","37","Cherokee",39
"2936","ILOP","United States","North Carolina","37","Chowan",41
"2937","ILOP","United States","North Carolina","37","Clay",43
"2938","ILOP","United States","North Carolina","37","Cleveland",45
"2939","ILOP","United States","North Carolina","37","Columbus",47
"2940","ILOP","United States","North Carolina","37","Craven",49
"2941","ILOP","United States","North Carolina","37","Cumberland",51
"2942","ILOP","United States","North Carolina","37","Dare",55
"2943","ILOP","United States","North Carolina","37","Davidson",57
"2944","ILOP","United States","North Carolina","37","Davie",59
"2945","ILOP","United States","North Carolina","37","Duplin",61
"2946","ILOP","United States","North Carolina","37","Durham",63
"2947","ILOP","United States","North Carolina","37","Forsyth",67
"2948","ILOP","United States","North Carolina","37","Franklin",69
"2949","ILOP","United States","North Carolina","37","Gaston",71
"2950","ILOP","United States","North Carolina","37","Gates",73
"2951","ILOP","United States","North Carolina","37","Graham",75
"2952","ILOP","United States","North Carolina","37","Granville",77
"2953","ILOP","United States","North Carolina","37","Greene",79
"2954","ILOP","United States","North Carolina","37","Guilford",81
"2955","ILOP","United States","North Carolina","37","Halifax",83
"2956","ILOP","United States","North Carolina","37","Harnett",85
"2957","ILOP","United States","North Carolina","37","Haywood",87
"2958","ILOP","United States","North Carolina","37","Henderson",89
"2959","ILOP","United States","North Carolina","37","Hertford",91
"2960","ILOP","United States","North Carolina","37","Iredell",97
"2961","ILOP","United States","North Carolina","37","Jackson",99
"2962","ILOP","United States","North Carolina","37","Johnston",101
"2963","ILOP","United States","North Carolina","37","Jones",103
"2964","ILOP","United States","North Carolina","37","Lee",105
"2965","ILOP","United States","North Carolina","37","Lenoir",107
"2966","ILOP","United States","North Carolina","37","Lincoln",109
"2967","ILOP","United States","North Carolina","37","Macon",113
"2968","ILOP","United States","North Carolina","37","Madison",115
"2969","ILOP","United States","North Carolina","37","Martin",117
"2970","ILOP","United States","North Carolina","37","McDowell",111
"2971","ILOP","United States","North Carolina","37","Montgomery",123
"2972","ILOP","United States","North Carolina","37","Nash",127
"2973","ILOP","United States","North Carolina","37","New Hanover",129
"2974","ILOP","United States","North Carolina","37","Northampton",131
"2975","ILOP","United States","North Carolina","37","Onslow",133
"2976","ILOP","United States","North Carolina","37","Orange",135
"2977","ILOP","United States","North Carolina","37","Pasquotank",139
"2978","ILOP","United States","North Carolina","37","Pender",141
"2979","ILOP","United States","North Carolina","37","Perquimans",143
"2980","ILOP","United States","North Carolina","37","Pitt",147
"2981","ILOP","United States","North Carolina","37","Polk",149
"2982","ILOP","United States","North Carolina","37","Randolph",151
"2983","ILOP","United States","North Carolina","37","Richmond",153
"2984","ILOP","United States","North Carolina","37","Robeson",155
"2985","ILOP","United States","North Carolina","37","Rockingham",157
"2986","ILOP","United States","North Carolina","37","Rowan",159
"2987","ILOP","United States","North Carolina","37","Sampson",163
"2988","ILOP","United States","North Carolina","37","Scotland",165
"2989","ILOP","United States","North Carolina","37","Stanly",167
"2990","ILOP","United States","North Carolina","37","Stokes",169
"2991","ILOP","United States","North Carolina","37","Surry",171
"2992","ILOP","United States","North Carolina","37","Swain",173
"2993","ILOP","United States","North Carolina","37","Transylvania",175
"2994","ILOP","United States","North Carolina","37","Tyrrell",177
"2995","ILOP","United States","North Carolina","37","Union",179
"2996","ILOP","United States","North Carolina","37","Wake",183
"2997","ILOP","United States","North Carolina","37","Warren",185
"2998","ILOP","United States","North Carolina","37","Washington",187
"2999","ILOP","United States","North Carolina","37","Wayne",191
"3000","ILOP","United States","North Carolina","37","Wilkes",193
"3001","ILOP","United States","North Carolina","37","Wilson",195
"3002","ILOP","United States","North Carolina","37","Yadkin",197
"3003","ILOP","United States","Ohio","39","",NA
"3004","ILOP","United States","Ohio","39","Fairfield",45
"3005","ILOP","United States","Ohio","39","Jackson",79
"3006","ILOP","United States","Ohio","39","Lawrence",87
"3007","ILOP","United States","Ohio","39","Licking",89
"3008","ILOP","United States","Ohio","39","Meigs",105
"3009","ILOP","United States","Ohio","39","Scioto",145
"3010","ILOP","United States","Ohio","39","Tuscarawas",157
"3011","ILOP","United States","Oklahoma","40","",NA
"3012","ILOP","United States","Pennsylvania","42","",NA
"3013","ILOP","United States","Pennsylvania","42","Allegheny",3
"3014","ILOP","United States","Pennsylvania","42","Berks",11
"3015","ILOP","United States","Pennsylvania","42","Bucks",17
"3016","ILOP","United States","Pennsylvania","42","Chester",29
"3017","ILOP","United States","Pennsylvania","42","Dauphin",43
"3018","ILOP","United States","Pennsylvania","42","Delaware",45
"3019","ILOP","United States","Pennsylvania","42","Franklin",55
"3020","ILOP","United States","Pennsylvania","42","Lancaster",71
"3021","ILOP","United States","Pennsylvania","42","Lebanon",75
"3022","ILOP","United States","Pennsylvania","42","Mercer",85
"3023","ILOP","United States","Pennsylvania","42","Montgomery",91
"3024","ILOP","United States","Pennsylvania","42","Perry",99
"3025","ILOP","United States","Pennsylvania","42","Philadelphia",101
"3026","ILOP","United States","Pennsylvania","42","Pike",103
"3027","ILOP","United States","Pennsylvania","42","York",133
"3028","ILOP","United States","Rhode Island","44","",NA
"3029","ILOP","United States","Rhode Island","44","Kent",3
"3030","ILOP","United States","Rhode Island","44","Newport",5
"3031","ILOP","United States","Rhode Island","44","Providence",7
"3032","ILOP","United States","Rhode Island","44","Washington",9
"3033","ILOP","United States","South Carolina","45","",NA
"3034","ILOP","United States","South Carolina","45","Abbeville",1
"3035","ILOP","United States","South Carolina","45","Aiken",3
"3036","ILOP","United States","South Carolina","45","Allendale",5
"3037","ILOP","United States","South Carolina","45","Anderson",7
"3038","ILOP","United States","South Carolina","45","Bamberg",9
"3039","ILOP","United States","South Carolina","45","Barnwell",11
"3040","ILOP","United States","South Carolina","45","Beaufort",13
"3041","ILOP","United States","South Carolina","45","Berkeley",15
"3042","ILOP","United States","South Carolina","45","Calhoun",17
"3043","ILOP","United States","South Carolina","45","Charleston",19
"3044","ILOP","United States","South Carolina","45","Cherokee",21
"3045","ILOP","United States","South Carolina","45","Chesterfield",25
"3046","ILOP","United States","South Carolina","45","Colleton",29
"3047","ILOP","United States","South Carolina","45","Darlington",31
"3048","ILOP","United States","South Carolina","45","Dillon",33
"3049","ILOP","United States","South Carolina","45","Dorchester",35
"3050","ILOP","United States","South Carolina","45","Fairfield",39
"3051","ILOP","United States","South Carolina","45","Florence",41
"3052","ILOP","United States","South Carolina","45","Georgetown",43
"3053","ILOP","United States","South Carolina","45","Hampton",49
"3054","ILOP","United States","South Carolina","45","Horry",51
"3055","ILOP","United States","South Carolina","45","Jasper",53
"3056","ILOP","United States","South Carolina","45","Kershaw",55
"3057","ILOP","United States","South Carolina","45","Lancaster",57
"3058","ILOP","United States","South Carolina","45","Laurens",59
"3059","ILOP","United States","South Carolina","45","Lexington",63
"3060","ILOP","United States","South Carolina","45","Marlboro",69
"3061","ILOP","United States","South Carolina","45","Newberry",71
"3062","ILOP","United States","South Carolina","45","Oconee",73
"3063","ILOP","United States","South Carolina","45","Orangeburg",75
"3064","ILOP","United States","South Carolina","45","Pickens",77
"3065","ILOP","United States","South Carolina","45","Richland",79
"3066","ILOP","United States","South Carolina","45","Saluda",81
"3067","ILOP","United States","South Carolina","45","Spartanburg",83
"3068","ILOP","United States","South Carolina","45","Sumter",85
"3069","ILOP","United States","South Carolina","45","Union",87
"3070","ILOP","United States","South Carolina","45","Williamsburg",89
"3071","ILOP","United States","Tennessee","47","",NA
"3072","ILOP","United States","Tennessee","47","Benton",5
"3073","ILOP","United States","Tennessee","47","Bledsoe",7
"3074","ILOP","United States","Tennessee","47","Blount",9
"3075","ILOP","United States","Tennessee","47","Campbell",13
"3076","ILOP","United States","Tennessee","47","Carroll",17
"3077","ILOP","United States","Tennessee","47","Carter",19
"3078","ILOP","United States","Tennessee","47","Chester",23
"3079","ILOP","United States","Tennessee","47","Clay",27
"3080","ILOP","United States","Tennessee","47","Cocke",29
"3081","ILOP","United States","Tennessee","47","Cumberland",35
"3082","ILOP","United States","Tennessee","47","Decatur",39
"3083","ILOP","United States","Tennessee","47","Fentress",49
"3084","ILOP","United States","Tennessee","47","Franklin",51
"3085","ILOP","United States","Tennessee","47","Grundy",61
"3086","ILOP","United States","Tennessee","47","Hamilton",65
"3087","ILOP","United States","Tennessee","47","Hardeman",69
"3088","ILOP","United States","Tennessee","47","Hardin",71
"3089","ILOP","United States","Tennessee","47","Hawkins",73
"3090","ILOP","United States","Tennessee","47","Haywood",75
"3091","ILOP","United States","Tennessee","47","Henderson",77
"3092","ILOP","United States","Tennessee","47","Henry",79
"3093","ILOP","United States","Tennessee","47","Johnson",91
"3094","ILOP","United States","Tennessee","47","Knox",93
"3095","ILOP","United States","Tennessee","47","Lake",95
"3096","ILOP","United States","Tennessee","47","Lauderdale",97
"3097","ILOP","United States","Tennessee","47","Madison",113
"3098","ILOP","United States","Tennessee","47","Marion",115
"3099","ILOP","United States","Tennessee","47","McNairy",109
"3100","ILOP","United States","Tennessee","47","Meigs",121
"3101","ILOP","United States","Tennessee","47","Monroe",123
"3102","ILOP","United States","Tennessee","47","Montgomery",125
"3103","ILOP","United States","Tennessee","47","Morgan",129
"3104","ILOP","United States","Tennessee","47","Overton",133
"3105","ILOP","United States","Tennessee","47","Polk",139
"3106","ILOP","United States","Tennessee","47","Rhea",143
"3107","ILOP","United States","Tennessee","47","Scott",151
"3108","ILOP","United States","Tennessee","47","Sequatchie",153
"3109","ILOP","United States","Tennessee","47","Sevier",155
"3110","ILOP","United States","Tennessee","47","Shelby",157
"3111","ILOP","United States","Tennessee","47","Smith",159
"3112","ILOP","United States","Tennessee","47","Stewart",161
"3113","ILOP","United States","Tennessee","47","Unicoi",171
"3114","ILOP","United States","Tennessee","47","Van Buren",175
"3115","ILOP","United States","Tennessee","47","Wayne",181
"3116","ILOP","United States","Tennessee","47","Weakley",183
"3117","ILOP","United States","Texas","48","",NA
"3118","ILOP","United States","Texas","48","Anderson",1
"3119","ILOP","United States","Texas","48","Angelina",5
"3120","ILOP","United States","Texas","48","Bowie",37
"3121","ILOP","United States","Texas","48","Brazoria",39
"3122","ILOP","United States","Texas","48","Brazos",41
"3123","ILOP","United States","Texas","48","Chambers",71
"3124","ILOP","United States","Texas","48","Cherokee",73
"3125","ILOP","United States","Texas","48","Franklin",159
"3126","ILOP","United States","Texas","48","Freestone",161
"3127","ILOP","United States","Texas","48","Galveston",167
"3128","ILOP","United States","Texas","48","Gonzales",177
"3129","ILOP","United States","Texas","48","Gregg",183
"3130","ILOP","United States","Texas","48","Grimes",185
"3131","ILOP","United States","Texas","48","Guadalupe",187
"3132","ILOP","United States","Texas","48","Hardin",199
"3133","ILOP","United States","Texas","48","Harris",201
"3134","ILOP","United States","Texas","48","Houston",225
"3135","ILOP","United States","Texas","48","Jackson",239
"3136","ILOP","United States","Texas","48","Jasper",241
"3137","ILOP","United States","Texas","48","Jefferson",245
"3138","ILOP","United States","Texas","48","Liberty",291
"3139","ILOP","United States","Texas","48","Montgomery",339
"3140","ILOP","United States","Texas","48","Nacogdoches",347
"3141","ILOP","United States","Texas","48","Newton",351
"3142","ILOP","United States","Texas","48","Orange",361
"3143","ILOP","United States","Texas","48","Polk",373
"3144","ILOP","United States","Texas","48","Robertson",395
"3145","ILOP","United States","Texas","48","Sabine",403
"3146","ILOP","United States","Texas","48","San Augustine",405
"3147","ILOP","United States","Texas","48","San Jacinto",407
"3148","ILOP","United States","Texas","48","Shelby",419
"3149","ILOP","United States","Texas","48","Trinity",455
"3150","ILOP","United States","Texas","48","Tyler",457
"3151","ILOP","United States","Texas","48","Upshur",459
"3152","ILOP","United States","Texas","48","Van Zandt",467
"3153","ILOP","United States","Texas","48","Walker",471
"3154","ILOP","United States","Texas","48","Wood",499
"3155","ILOP","United States","Virginia","51","",NA
"3156","ILOP","United States","Virginia","51","Accomack",1
"3157","ILOP","United States","Virginia","51","Albemarle",3
"3158","ILOP","United States","Virginia","51","Amelia",7
"3159","ILOP","United States","Virginia","51","Amherst",9
"3160","ILOP","United States","Virginia","51","Appomattox",11
"3161","ILOP","United States","Virginia","51","Arlington",13
"3162","ILOP","United States","Virginia","51","Bland",21
"3163","ILOP","United States","Virginia","51","Brunswick",25
"3164","ILOP","United States","Virginia","51","Buchanan",27
"3165","ILOP","United States","Virginia","51","Buckingham",29
"3166","ILOP","United States","Virginia","51","Caroline",33
"3167","ILOP","United States","Virginia","51","Carroll",35
"3168","ILOP","United States","Virginia","51","Charles City",36
"3169","ILOP","United States","Virginia","51","Charlotte",37
"3170","ILOP","United States","Virginia","51","Chesapeake ",550
"3171","ILOP","United States","Virginia","51","Chesterfield",41
"3172","ILOP","United States","Virginia","51","Craig",45
"3173","ILOP","United States","Virginia","51","Culpeper",47
"3174","ILOP","United States","Virginia","51","Cumberland",49
"3175","ILOP","United States","Virginia","51","Dickenson",51
"3176","ILOP","United States","Virginia","51","Dinwiddie",53
"3177","ILOP","United States","Virginia","51","Essex",57
"3178","ILOP","United States","Virginia","51","Fairfax",59
"3179","ILOP","United States","Virginia","51","Fauquier",61
"3180","ILOP","United States","Virginia","51","Fluvanna",65
"3181","ILOP","United States","Virginia","51","Frederick",69
"3182","ILOP","United States","Virginia","51","Giles",71
"3183","ILOP","United States","Virginia","51","Gloucester",73
"3184","ILOP","United States","Virginia","51","Goochland",75
"3185","ILOP","United States","Virginia","51","Greene",79
"3186","ILOP","United States","Virginia","51","Greensville",81
"3187","ILOP","United States","Virginia","51","Halifax",83
"3188","ILOP","United States","Virginia","51","Hampton ",650
"3189","ILOP","United States","Virginia","51","Hanover",85
"3190","ILOP","United States","Virginia","51","Henrico",87
"3191","ILOP","United States","Virginia","51","Henry",89
"3192","ILOP","United States","Virginia","51","Isle of Wight",93
"3193","ILOP","United States","Virginia","51","James City",95
"3194","ILOP","United States","Virginia","51","King and Queen",97
"3195","ILOP","United States","Virginia","51","King George",99
"3196","ILOP","United States","Virginia","51","King William",101
"3197","ILOP","United States","Virginia","51","Lancaster",103
"3198","ILOP","United States","Virginia","51","Lee",105
"3199","ILOP","United States","Virginia","51","Loudoun",107
"3200","ILOP","United States","Virginia","51","Louisa",109
"3201","ILOP","United States","Virginia","51","Lunenburg",111
"3202","ILOP","United States","Virginia","51","Madison",113
"3203","ILOP","United States","Virginia","51","Mathews",115
"3204","ILOP","United States","Virginia","51","Mecklenburg",117
"3205","ILOP","United States","Virginia","51","Middlesex",119
"3206","ILOP","United States","Virginia","51","New Kent",127
"3207","ILOP","United States","Virginia","51","Newport News ",700
"3208","ILOP","United States","Virginia","51","Northampton",131
"3209","ILOP","United States","Virginia","51","Northumberland",133
"3210","ILOP","United States","Virginia","51","Nottoway",135
"3211","ILOP","United States","Virginia","51","Orange",137
"3212","ILOP","United States","Virginia","51","Page",139
"3213","ILOP","United States","Virginia","51","Patrick",141
"3214","ILOP","United States","Virginia","51","Pittsylvania",143
"3215","ILOP","United States","Virginia","51","Powhatan",145
"3216","ILOP","United States","Virginia","51","Prince Edward",147
"3217","ILOP","United States","Virginia","51","Prince George",149
"3218","ILOP","United States","Virginia","51","Prince William",153
"3219","ILOP","United States","Virginia","51","Richmond",159
"3220","ILOP","United States","Virginia","51","Rockingham",165
"3221","ILOP","United States","Virginia","51","Scott",169
"3222","ILOP","United States","Virginia","51","Shenandoah",171
"3223","ILOP","United States","Virginia","51","Smyth",173
"3224","ILOP","United States","Virginia","51","Southampton",175
"3225","ILOP","United States","Virginia","51","Spotsylvania",177
"3226","ILOP","United States","Virginia","51","Stafford",179
"3227","ILOP","United States","Virginia","51","Suffolk ",800
"3228","ILOP","United States","Virginia","51","Surry",181
"3229","ILOP","United States","Virginia","51","Sussex",183
"3230","ILOP","United States","Virginia","51","Tazewell",185
"3231","ILOP","United States","Virginia","51","Virginia Beach ",810
"3232","ILOP","United States","Virginia","51","Warren",187
"3233","ILOP","United States","Virginia","51","Washington",191
"3234","ILOP","United States","Virginia","51","Westmoreland",193
"3235","ILOP","United States","Virginia","51","Wise",195
"3236","ILOP","United States","Virginia","51","York",199
"3237","ILOP","United States","West Virginia","54","",NA
"3238","ILOP","United States","West Virginia","54","Barbour",1
"3239","ILOP","United States","West Virginia","54","Boone",5
"3240","ILOP","United States","West Virginia","54","Braxton",7
"3241","ILOP","United States","West Virginia","54","Clay",15
"3242","ILOP","United States","West Virginia","54","Fayette",19
"3243","ILOP","United States","West Virginia","54","Greenbrier",25
"3244","ILOP","United States","West Virginia","54","Hampshire",27
"3245","ILOP","United States","West Virginia","54","Kanawha",39
"3246","ILOP","United States","West Virginia","54","Logan",45
"3247","ILOP","United States","West Virginia","54","Marion",49
"3248","ILOP","United States","West Virginia","54","McDowell",47
"3249","ILOP","United States","West Virginia","54","Mercer",55
"3250","ILOP","United States","West Virginia","54","Mingo",59
"3251","ILOP","United States","West Virginia","54","Nicholas",67
"3252","ILOP","United States","West Virginia","54","Pocahontas",75
"3253","ILOP","United States","West Virginia","54","Putnam",79
"3254","ILOP","United States","West Virginia","54","Raleigh",81
"3255","ILOP","United States","West Virginia","54","Randolph",83
"3256","ILOP","United States","West Virginia","54","Summers",89
"3257","ILOP","United States","West Virginia","54","Tucker",93
"3258","ILOP","United States","West Virginia","54","Upshur",97
"3259","ILOP","United States","West Virginia","54","Webster",101
"3260","ILOP","United States","West Virginia","54","Wyoming",109
"3261","ILOPA","United States","Florida","12","",NA
"3262","ILOPA","United States","Florida","12","Baker",3
"3263","ILOPA","United States","Florida","12","Clay",19
"3264","ILOPA","United States","Florida","12","DeSoto",27
"3265","ILOPA","United States","Florida","12","Flagler",35
"3266","ILOPA","United States","Florida","12","Highlands",55
"3267","ILOPA","United States","Florida","12","Hillsborough",57
"3268","ILOPA","United States","Florida","12","Lake",69
"3269","ILOPA","United States","Florida","12","Manatee",81
"3270","ILOPA","United States","Florida","12","Marion",83
"3271","ILOPA","United States","Florida","12","Orange",95
"3272","ILOPA","United States","Florida","12","Polk",105
"3273","ILOPA","United States","Florida","12","Putnam",107
"3274","ILOPA","United States","Florida","12","Seminole",117
"3275","ILOPA","United States","Florida","12","Volusia",127
"3276","ILVE","United States","Alabama","01","",NA
"3277","ILVE","United States","Alabama","01","Autauga",1
"3278","ILVE","United States","Alabama","01","Baldwin",3
"3279","ILVE","United States","Alabama","01","Bibb",7
"3280","ILVE","United States","Alabama","01","Calhoun",15
"3281","ILVE","United States","Alabama","01","Chambers",17
"3282","ILVE","United States","Alabama","01","Chilton",21
"3283","ILVE","United States","Alabama","01","Clarke",25
"3284","ILVE","United States","Alabama","01","Clay",27
"3285","ILVE","United States","Alabama","01","Cleburne",29
"3286","ILVE","United States","Alabama","01","Coffee",31
"3287","ILVE","United States","Alabama","01","Conecuh",35
"3288","ILVE","United States","Alabama","01","Coosa",37
"3289","ILVE","United States","Alabama","01","Cullman",43
"3290","ILVE","United States","Alabama","01","Dallas",47
"3291","ILVE","United States","Alabama","01","DeKalb",49
"3292","ILVE","United States","Alabama","01","Elmore",51
"3293","ILVE","United States","Alabama","01","Greene",63
"3294","ILVE","United States","Alabama","01","Jackson",71
"3295","ILVE","United States","Alabama","01","Lamar",75
"3296","ILVE","United States","Alabama","01","Lauderdale",77
"3297","ILVE","United States","Alabama","01","Lee",81
"3298","ILVE","United States","Alabama","01","Lowndes",85
"3299","ILVE","United States","Alabama","01","Monroe",99
"3300","ILVE","United States","Alabama","01","Montgomery",101
"3301","ILVE","United States","Alabama","01","Randolph",111
"3302","ILVE","United States","Alabama","01","Talladega",121
"3303","ILVE","United States","Alabama","01","Tallapoosa",123
"3304","ILVE","United States","Alabama","01","Tuscaloosa",125
"3305","ILVE","United States","Alabama","01","Walker",127
"3306","ILVE","United States","Alabama","01","Winston",133
"3307","ILVE","Canada","New Brunswick","04","",NA
"3308","ILVE","United States","Arkansas","05","",NA
"3309","ILVE","United States","Arkansas","05","Ashley",3
"3310","ILVE","United States","Arkansas","05","Faulkner",45
"3311","ILVE","United States","Arkansas","05","Independence",63
"3312","ILVE","United States","Arkansas","05","Poinsett",111
"3313","ILVE","United States","Arkansas","05","Pulaski",119
"3314","ILVE","United States","Arkansas","05","Saline",125
"3315","ILVE","Canada","Nova Scotia","07","",NA
"3316","ILVE","Canada","Ontario","08","",NA
"3317","ILVE","Canada","Prince Edward Island","09","",NA
"3318","ILVE","United States","Connecticut","09","",NA
"3319","ILVE","United States","Connecticut","09","Fairfield",1
"3320","ILVE","United States","Connecticut","09","Hartford",3
"3321","ILVE","United States","Connecticut","09","Litchfield",5
"3322","ILVE","United States","Connecticut","09","Middlesex",7
"3323","ILVE","United States","Connecticut","09","New Haven",9
"3324","ILVE","United States","Connecticut","09","New London",11
"3325","ILVE","United States","Connecticut","09","Tolland",13
"3326","ILVE","United States","Connecticut","09","Windham",15
"3327","ILVE","Canada","Quebec","10","",NA
"3328","ILVE","United States","Delaware","10","",NA
"3329","ILVE","United States","Delaware","10","New Castle",3
"3330","ILVE","United States","District of Columbia","11","",NA
"3331","ILVE","United States","District of Columbia","11","District of Columbia",1
"3332","ILVE","United States","Florida","12","",NA
"3333","ILVE","United States","Florida","12","Escambia",33
"3334","ILVE","United States","Florida","12","Holmes",59
"3335","ILVE","United States","Florida","12","Liberty",77
"3336","ILVE","United States","Florida","12","Okaloosa",91
"3337","ILVE","United States","Florida","12","Wakulla",129
"3338","ILVE","United States","Florida","12","Washington",133
"3339","ILVE","United States","Georgia","13","",NA
"3340","ILVE","United States","Georgia","13","Barrow",13
"3341","ILVE","United States","Georgia","13","Bartow",15
"3342","ILVE","United States","Georgia","13","Bibb",21
"3343","ILVE","United States","Georgia","13","Carroll",45
"3344","ILVE","United States","Georgia","13","Clarke",59
"3345","ILVE","United States","Georgia","13","Clayton",63
"3346","ILVE","United States","Georgia","13","Dawson",85
"3347","ILVE","United States","Georgia","13","Early",99
"3348","ILVE","United States","Georgia","13","Forsyth",117
"3349","ILVE","United States","Georgia","13","Gwinnett",135
"3350","ILVE","United States","Georgia","13","Hall",139
"3351","ILVE","United States","Georgia","13","Harris",145
"3352","ILVE","United States","Georgia","13","Lamar",171
"3353","ILVE","United States","Georgia","13","Marion",197
"3354","ILVE","United States","Georgia","13","Meriwether",199
"3355","ILVE","United States","Georgia","13","Oglethorpe",221
"3356","ILVE","United States","Georgia","13","Pickens",227
"3357","ILVE","United States","Georgia","13","Rabun",241
"3358","ILVE","United States","Georgia","13","Rockdale",247
"3359","ILVE","United States","Georgia","13","Walton",297
"3360","ILVE","United States","Illinois","17","",NA
"3361","ILVE","United States","Illinois","17","Clark",23
"3362","ILVE","United States","Illinois","17","Cook",31
"3363","ILVE","United States","Illinois","17","DuPage",43
"3364","ILVE","United States","Illinois","17","Grundy",63
"3365","ILVE","United States","Illinois","17","Iroquois",75
"3366","ILVE","United States","Illinois","17","Johnson",87
"3367","ILVE","United States","Illinois","17","Kankakee",91
"3368","ILVE","United States","Illinois","17","Lake",97
"3369","ILVE","United States","Illinois","17","LaSalle",99
"3370","ILVE","United States","Illinois","17","Lawrence",101
"3371","ILVE","United States","Illinois","17","Lee",103
"3372","ILVE","United States","Illinois","17","McHenry",111
"3373","ILVE","United States","Illinois","17","Ogle",141
"3374","ILVE","United States","Illinois","17","Pope",151
"3375","ILVE","United States","Illinois","17","Saline",165
"3376","ILVE","United States","Illinois","17","Union",181
"3377","ILVE","United States","Illinois","17","Wabash",185
"3378","ILVE","United States","Illinois","17","Will",197
"3379","ILVE","United States","Illinois","17","Winnebago",201
"3380","ILVE","United States","Indiana","18","",NA
"3381","ILVE","United States","Indiana","18","Adams",1
"3382","ILVE","United States","Indiana","18","Allen",3
"3383","ILVE","United States","Indiana","18","Bartholomew",5
"3384","ILVE","United States","Indiana","18","Clay",21
"3385","ILVE","United States","Indiana","18","Crawford",25
"3386","ILVE","United States","Indiana","18","Daviess",27
"3387","ILVE","United States","Indiana","18","Decatur",31
"3388","ILVE","United States","Indiana","18","DeKalb",33
"3389","ILVE","United States","Indiana","18","Delaware",35
"3390","ILVE","United States","Indiana","18","Dubois",37
"3391","ILVE","United States","Indiana","18","Elkhart",39
"3392","ILVE","United States","Indiana","18","Fountain",45
"3393","ILVE","United States","Indiana","18","Franklin",47
"3394","ILVE","United States","Indiana","18","Fulton",49
"3395","ILVE","United States","Indiana","18","Grant",53
"3396","ILVE","United States","Indiana","18","Hamilton",57
"3397","ILVE","United States","Indiana","18","Harrison",61
"3398","ILVE","United States","Indiana","18","Hendricks",63
"3399","ILVE","United States","Indiana","18","Henry",65
"3400","ILVE","United States","Indiana","18","Howard",67
"3401","ILVE","United States","Indiana","18","Huntington",69
"3402","ILVE","United States","Indiana","18","Jackson",71
"3403","ILVE","United States","Indiana","18","Jasper",73
"3404","ILVE","United States","Indiana","18","Jefferson",77
"3405","ILVE","United States","Indiana","18","Jennings",79
"3406","ILVE","United States","Indiana","18","Kosciusko",85
"3407","ILVE","United States","Indiana","18","Lagrange",87
"3408","ILVE","United States","Indiana","18","Lake",89
"3409","ILVE","United States","Indiana","18","LaPorte",91
"3410","ILVE","United States","Indiana","18","Lawrence",93
"3411","ILVE","United States","Indiana","18","Marion",97
"3412","ILVE","United States","Indiana","18","Marshall",99
"3413","ILVE","United States","Indiana","18","Monroe",105
"3414","ILVE","United States","Indiana","18","Montgomery",107
"3415","ILVE","United States","Indiana","18","Newton",111
"3416","ILVE","United States","Indiana","18","Noble",113
"3417","ILVE","United States","Indiana","18","Owen",119
"3418","ILVE","United States","Indiana","18","Parke",121
"3419","ILVE","United States","Indiana","18","Porter",127
"3420","ILVE","United States","Indiana","18","Posey",129
"3421","ILVE","United States","Indiana","18","Pulaski",131
"3422","ILVE","United States","Indiana","18","Randolph",135
"3423","ILVE","United States","Indiana","18","Ripley",137
"3424","ILVE","United States","Indiana","18","Scott",143
"3425","ILVE","United States","Indiana","18","St. Joseph",141
"3426","ILVE","United States","Indiana","18","Starke",149
"3427","ILVE","United States","Indiana","18","Steuben",151
"3428","ILVE","United States","Indiana","18","Sullivan",153
"3429","ILVE","United States","Indiana","18","Switzerland",155
"3430","ILVE","United States","Indiana","18","Tippecanoe",157
"3431","ILVE","United States","Indiana","18","Wayne",177
"3432","ILVE","United States","Indiana","18","Wells",179
"3433","ILVE","United States","Indiana","18","White",181
"3434","ILVE","United States","Indiana","18","Whitley",183
"3435","ILVE","United States","Iowa","19","",NA
"3436","ILVE","United States","Kentucky","21","",NA
"3437","ILVE","United States","Kentucky","21","Adair",1
"3438","ILVE","United States","Kentucky","21","Bath",11
"3439","ILVE","United States","Kentucky","21","Calloway",35
"3440","ILVE","United States","Kentucky","21","Casey",45
"3441","ILVE","United States","Kentucky","21","Clinton",53
"3442","ILVE","United States","Kentucky","21","Edmonson",61
"3443","ILVE","United States","Kentucky","21","Estill",65
"3444","ILVE","United States","Kentucky","21","Fleming",69
"3445","ILVE","United States","Kentucky","21","Graves",83
"3446","ILVE","United States","Kentucky","21","Hardin",93
"3447","ILVE","United States","Kentucky","21","Jackson",109
"3448","ILVE","United States","Kentucky","21","Jefferson",111
"3449","ILVE","United States","Kentucky","21","Knox",121
"3450","ILVE","United States","Kentucky","21","Laurel",125
"3451","ILVE","United States","Kentucky","21","Lee",129
"3452","ILVE","United States","Kentucky","21","Lewis",135
"3453","ILVE","United States","Kentucky","21","Lincoln",137
"3454","ILVE","United States","Kentucky","21","Madison",151
"3455","ILVE","United States","Kentucky","21","McCreary",147
"3456","ILVE","United States","Kentucky","21","Menifee",165
"3457","ILVE","United States","Kentucky","21","Metcalfe",169
"3458","ILVE","United States","Kentucky","21","Montgomery",173
"3459","ILVE","United States","Kentucky","21","Nelson",179
"3460","ILVE","United States","Kentucky","21","Owen",187
"3461","ILVE","United States","Kentucky","21","Owsley",189
"3462","ILVE","United States","Kentucky","21","Pike",195
"3463","ILVE","United States","Kentucky","21","Powell",197
"3464","ILVE","United States","Kentucky","21","Pulaski",199
"3465","ILVE","United States","Kentucky","21","Rockcastle",203
"3466","ILVE","United States","Kentucky","21","Rowan",205
"3467","ILVE","United States","Kentucky","21","Russell",207
"3468","ILVE","United States","Kentucky","21","Warren",227
"3469","ILVE","United States","Kentucky","21","Whitley",235
"3470","ILVE","United States","Kentucky","21","Wolfe",237
"3471","ILVE","United States","Louisiana","22","",NA
"3472","ILVE","United States","Louisiana","22","Bienville",13
"3473","ILVE","United States","Louisiana","22","De Soto",31
"3474","ILVE","United States","Louisiana","22","East Feliciana",37
"3475","ILVE","United States","Louisiana","22","Evangeline",39
"3476","ILVE","United States","Louisiana","22","Livingston",63
"3477","ILVE","United States","Louisiana","22","Natchitoches",69
"3478","ILVE","United States","Louisiana","22","Rapides",79
"3479","ILVE","United States","Louisiana","22","St. Charles",89
"3480","ILVE","United States","Louisiana","22","St. Helena",91
"3481","ILVE","United States","Louisiana","22","St. John the Baptist",95
"3482","ILVE","United States","Louisiana","22","St. Mary",101
"3483","ILVE","United States","Louisiana","22","St. Tammany",103
"3484","ILVE","United States","Louisiana","22","Tangipahoa",105
"3485","ILVE","United States","Louisiana","22","Union",111
"3486","ILVE","United States","Louisiana","22","Washington",117
"3487","ILVE","United States","Louisiana","22","West Feliciana",125
"3488","ILVE","United States","Maine","23","",NA
"3489","ILVE","United States","Maine","23","Androscoggin",1
"3490","ILVE","United States","Maine","23","Aroostook",3
"3491","ILVE","United States","Maine","23","Cumberland",5
"3492","ILVE","United States","Maine","23","Franklin",7
"3493","ILVE","United States","Maine","23","Hancock",9
"3494","ILVE","United States","Maine","23","Kennebec",11
"3495","ILVE","United States","Maine","23","Knox",13
"3496","ILVE","United States","Maine","23","Lincoln",15
"3497","ILVE","United States","Maine","23","Oxford",17
"3498","ILVE","United States","Maine","23","Penobscot",19
"3499","ILVE","United States","Maine","23","Piscataquis",21
"3500","ILVE","United States","Maine","23","Sagadahoc",23
"3501","ILVE","United States","Maine","23","Somerset",25
"3502","ILVE","United States","Maine","23","Waldo",27
"3503","ILVE","United States","Maine","23","Washington",29
"3504","ILVE","United States","Maine","23","York",31
"3505","ILVE","United States","Maryland","24","",NA
"3506","ILVE","United States","Maryland","24","Queen Anne's",35
"3507","ILVE","United States","Maryland","24","Worcester",47
"3508","ILVE","United States","Massachusetts","25","",NA
"3509","ILVE","United States","Massachusetts","25","Barnstable",1
"3510","ILVE","United States","Massachusetts","25","Berkshire",3
"3511","ILVE","United States","Massachusetts","25","Bristol",5
"3512","ILVE","United States","Massachusetts","25","Dukes",7
"3513","ILVE","United States","Massachusetts","25","Essex",9
"3514","ILVE","United States","Massachusetts","25","Franklin",11
"3515","ILVE","United States","Massachusetts","25","Hampden",13
"3516","ILVE","United States","Massachusetts","25","Hampshire",15
"3517","ILVE","United States","Massachusetts","25","Middlesex",17
"3518","ILVE","United States","Massachusetts","25","Nantucket",19
"3519","ILVE","United States","Massachusetts","25","Norfolk",21
"3520","ILVE","United States","Massachusetts","25","Plymouth",23
"3521","ILVE","United States","Massachusetts","25","Suffolk",25
"3522","ILVE","United States","Massachusetts","25","Worcester",27
"3523","ILVE","United States","Michigan","26","",NA
"3524","ILVE","United States","Michigan","26","Alger",3
"3525","ILVE","United States","Michigan","26","Allegan",5
"3526","ILVE","United States","Michigan","26","Alpena",7
"3527","ILVE","United States","Michigan","26","Antrim",9
"3528","ILVE","United States","Michigan","26","Arenac",11
"3529","ILVE","United States","Michigan","26","Baraga",13
"3530","ILVE","United States","Michigan","26","Barry",15
"3531","ILVE","United States","Michigan","26","Bay",17
"3532","ILVE","United States","Michigan","26","Benzie",19
"3533","ILVE","United States","Michigan","26","Berrien",21
"3534","ILVE","United States","Michigan","26","Calhoun",25
"3535","ILVE","United States","Michigan","26","Cass",27
"3536","ILVE","United States","Michigan","26","Charlevoix",29
"3537","ILVE","United States","Michigan","26","Cheboygan",31
"3538","ILVE","United States","Michigan","26","Chippewa",33
"3539","ILVE","United States","Michigan","26","Clare",35
"3540","ILVE","United States","Michigan","26","Clinton",37
"3541","ILVE","United States","Michigan","26","Delta",41
"3542","ILVE","United States","Michigan","26","Eaton",45
"3543","ILVE","United States","Michigan","26","Emmet",47
"3544","ILVE","United States","Michigan","26","Gladwin",51
"3545","ILVE","United States","Michigan","26","Gogebic",53
"3546","ILVE","United States","Michigan","26","Grand Traverse",55
"3547","ILVE","United States","Michigan","26","Gratiot",57
"3548","ILVE","United States","Michigan","26","Houghton",61
"3549","ILVE","United States","Michigan","26","Huron",63
"3550","ILVE","United States","Michigan","26","Ingham",65
"3551","ILVE","United States","Michigan","26","Iosco",69
"3552","ILVE","United States","Michigan","26","Iron",71
"3553","ILVE","United States","Michigan","26","Isabella",73
"3554","ILVE","United States","Michigan","26","Jackson",75
"3555","ILVE","United States","Michigan","26","Kalamazoo",77
"3556","ILVE","United States","Michigan","26","Kalkaska",79
"3557","ILVE","United States","Michigan","26","Kent",81
"3558","ILVE","United States","Michigan","26","Keweenaw",83
"3559","ILVE","United States","Michigan","26","Lake",85
"3560","ILVE","United States","Michigan","26","Lapeer",87
"3561","ILVE","United States","Michigan","26","Leelanau",89
"3562","ILVE","United States","Michigan","26","Livingston",93
"3563","ILVE","United States","Michigan","26","Mackinac",97
"3564","ILVE","United States","Michigan","26","Macomb",99
"3565","ILVE","United States","Michigan","26","Manistee",101
"3566","ILVE","United States","Michigan","26","Marquette",103
"3567","ILVE","United States","Michigan","26","Mason",105
"3568","ILVE","United States","Michigan","26","Mecosta",107
"3569","ILVE","United States","Michigan","26","Menominee",109
"3570","ILVE","United States","Michigan","26","Midland",111
"3571","ILVE","United States","Michigan","26","Missaukee",113
"3572","ILVE","United States","Michigan","26","Montcalm",117
"3573","ILVE","United States","Michigan","26","Muskegon",121
"3574","ILVE","United States","Michigan","26","Newaygo",123
"3575","ILVE","United States","Michigan","26","Oakland",125
"3576","ILVE","United States","Michigan","26","Oceana",127
"3577","ILVE","United States","Michigan","26","Ogemaw",129
"3578","ILVE","United States","Michigan","26","Ontonagon",131
"3579","ILVE","United States","Michigan","26","Osceola",133
"3580","ILVE","United States","Michigan","26","Oscoda",135
"3581","ILVE","United States","Michigan","26","Otsego",137
"3582","ILVE","United States","Michigan","26","Ottawa",139
"3583","ILVE","United States","Michigan","26","Presque Isle",141
"3584","ILVE","United States","Michigan","26","Roscommon",143
"3585","ILVE","United States","Michigan","26","Schoolcraft",153
"3586","ILVE","United States","Michigan","26","Shiawassee",155
"3587","ILVE","United States","Michigan","26","St. Clair",147
"3588","ILVE","United States","Michigan","26","St. Joseph",149
"3589","ILVE","United States","Michigan","26","Tuscola",157
"3590","ILVE","United States","Michigan","26","Van Buren",159
"3591","ILVE","United States","Michigan","26","Washtenaw",161
"3592","ILVE","United States","Michigan","26","Wayne",163
"3593","ILVE","United States","Michigan","26","Wexford",165
"3594","ILVE","United States","Minnesota","27","",NA
"3595","ILVE","United States","Minnesota","27","Aitkin",1
"3596","ILVE","United States","Minnesota","27","Anoka",3
"3597","ILVE","United States","Minnesota","27","Benton",9
"3598","ILVE","United States","Minnesota","27","Carlton",17
"3599","ILVE","United States","Minnesota","27","Cass",21
"3600","ILVE","United States","Minnesota","27","Chisago",25
"3601","ILVE","United States","Minnesota","27","Crow Wing",35
"3602","ILVE","United States","Minnesota","27","Dakota",37
"3603","ILVE","United States","Minnesota","27","Fillmore",45
"3604","ILVE","United States","Minnesota","27","Goodhue",49
"3605","ILVE","United States","Minnesota","27","Hennepin",53
"3606","ILVE","United States","Minnesota","27","Houston",55
"3607","ILVE","United States","Minnesota","27","Isanti",59
"3608","ILVE","United States","Minnesota","27","Itasca",61
"3609","ILVE","United States","Minnesota","27","Kanabec",65
"3610","ILVE","United States","Minnesota","27","Lake",75
"3611","ILVE","United States","Minnesota","27","Mille Lacs",95
"3612","ILVE","United States","Minnesota","27","Morrison",97
"3613","ILVE","United States","Minnesota","27","Mower",99
"3614","ILVE","United States","Minnesota","27","Pine",115
"3615","ILVE","United States","Minnesota","27","Ramsey",123
"3616","ILVE","United States","Minnesota","27","Rice",131
"3617","ILVE","United States","Minnesota","27","Sherburne",141
"3618","ILVE","United States","Minnesota","27","St. Louis",137
"3619","ILVE","United States","Minnesota","27","Stearns",145
"3620","ILVE","United States","Minnesota","27","Wabasha",157
"3621","ILVE","United States","Minnesota","27","Washington",163
"3622","ILVE","United States","Minnesota","27","Wright",171
"3623","ILVE","United States","Mississippi","28","",NA
"3624","ILVE","United States","Mississippi","28","Amite",5
"3625","ILVE","United States","Mississippi","28","Calhoun",13
"3626","ILVE","United States","Mississippi","28","Forrest",35
"3627","ILVE","United States","Mississippi","28","Lafayette",71
"3628","ILVE","United States","Mississippi","28","Madison",89
"3629","ILVE","United States","Mississippi","28","Marshall",93
"3630","ILVE","United States","Mississippi","28","Pike",113
"3631","ILVE","United States","Mississippi","28","Scott",123
"3632","ILVE","United States","Mississippi","28","Tishomingo",141
"3633","ILVE","United States","Missouri","29","",NA
"3634","ILVE","United States","Missouri","29","Iron",93
"3635","ILVE","United States","Missouri","29","Madison",123
"3636","ILVE","United States","Missouri","29","Reynolds",179
"3637","ILVE","United States","Missouri","29","St. Francois",187
"3638","ILVE","United States","Missouri","29","Ste. Genevieve",186
"3639","ILVE","United States","New Hampshire","33","",NA
"3640","ILVE","United States","New Hampshire","33","Belknap",1
"3641","ILVE","United States","New Hampshire","33","Carroll",3
"3642","ILVE","United States","New Hampshire","33","Cheshire",5
"3643","ILVE","United States","New Hampshire","33","Coos",7
"3644","ILVE","United States","New Hampshire","33","Grafton",9
"3645","ILVE","United States","New Hampshire","33","Hillsborough",11
"3646","ILVE","United States","New Hampshire","33","Merrimack",13
"3647","ILVE","United States","New Hampshire","33","Rockingham",15
"3648","ILVE","United States","New Hampshire","33","Strafford",17
"3649","ILVE","United States","New Hampshire","33","Sullivan",19
"3650","ILVE","United States","New Jersey","34","",NA
"3651","ILVE","United States","New Jersey","34","Atlantic",1
"3652","ILVE","United States","New Jersey","34","Bergen",3
"3653","ILVE","United States","New Jersey","34","Burlington",5
"3654","ILVE","United States","New Jersey","34","Camden",7
"3655","ILVE","United States","New Jersey","34","Cape May",9
"3656","ILVE","United States","New Jersey","34","Cumberland",11
"3657","ILVE","United States","New Jersey","34","Essex",13
"3658","ILVE","United States","New Jersey","34","Gloucester",15
"3659","ILVE","United States","New Jersey","34","Hudson",17
"3660","ILVE","United States","New Jersey","34","Hunterdon",19
"3661","ILVE","United States","New Jersey","34","Mercer",21
"3662","ILVE","United States","New Jersey","34","Middlesex",23
"3663","ILVE","United States","New Jersey","34","Monmouth",25
"3664","ILVE","United States","New Jersey","34","Morris",27
"3665","ILVE","United States","New Jersey","34","Ocean",29
"3666","ILVE","United States","New Jersey","34","Passaic",31
"3667","ILVE","United States","New Jersey","34","Salem",33
"3668","ILVE","United States","New Jersey","34","Somerset",35
"3669","ILVE","United States","New Jersey","34","Sussex",37
"3670","ILVE","United States","New Jersey","34","Union",39
"3671","ILVE","United States","New Jersey","34","Warren",41
"3672","ILVE","United States","New York","36","",NA
"3673","ILVE","United States","New York","36","Albany",1
"3674","ILVE","United States","New York","36","Bronx",5
"3675","ILVE","United States","New York","36","Broome",7
"3676","ILVE","United States","New York","36","Cattaraugus",9
"3677","ILVE","United States","New York","36","Chautauqua",13
"3678","ILVE","United States","New York","36","Chemung",15
"3679","ILVE","United States","New York","36","Chenango",17
"3680","ILVE","United States","New York","36","Clinton",19
"3681","ILVE","United States","New York","36","Columbia",21
"3682","ILVE","United States","New York","36","Cortland",23
"3683","ILVE","United States","New York","36","Delaware",25
"3684","ILVE","United States","New York","36","Dutchess",27
"3685","ILVE","United States","New York","36","Erie",29
"3686","ILVE","United States","New York","36","Essex",31
"3687","ILVE","United States","New York","36","Genesee",37
"3688","ILVE","United States","New York","36","Greene",39
"3689","ILVE","United States","New York","36","Hamilton",41
"3690","ILVE","United States","New York","36","Herkimer",43
"3691","ILVE","United States","New York","36","Kings",47
"3692","ILVE","United States","New York","36","Lewis",49
"3693","ILVE","United States","New York","36","Madison",53
"3694","ILVE","United States","New York","36","Monroe",55
"3695","ILVE","United States","New York","36","Nassau",59
"3696","ILVE","United States","New York","36","New York",61
"3697","ILVE","United States","New York","36","Niagara",63
"3698","ILVE","United States","New York","36","Oneida",65
"3699","ILVE","United States","New York","36","Onondaga",67
"3700","ILVE","United States","New York","36","Ontario",69
"3701","ILVE","United States","New York","36","Orange",71
"3702","ILVE","United States","New York","36","Oswego",75
"3703","ILVE","United States","New York","36","Putnam",79
"3704","ILVE","United States","New York","36","Queens",81
"3705","ILVE","United States","New York","36","Rensselaer",83
"3706","ILVE","United States","New York","36","Richmond",85
"3707","ILVE","United States","New York","36","Rockland",87
"3708","ILVE","United States","New York","36","Saratoga",91
"3709","ILVE","United States","New York","36","Schenectady",93
"3710","ILVE","United States","New York","36","St. Lawrence",89
"3711","ILVE","United States","New York","36","Suffolk",103
"3712","ILVE","United States","New York","36","Sullivan",105
"3713","ILVE","United States","New York","36","Tioga",107
"3714","ILVE","United States","New York","36","Tompkins",109
"3715","ILVE","United States","New York","36","Ulster",111
"3716","ILVE","United States","New York","36","Warren",113
"3717","ILVE","United States","New York","36","Washington",115
"3718","ILVE","United States","New York","36","Westchester",119
"3719","ILVE","United States","New York","36","Wyoming",121
"3720","ILVE","United States","North Carolina","37","",NA
"3721","ILVE","United States","North Carolina","37","Alexander",3
"3722","ILVE","United States","North Carolina","37","Alleghany",5
"3723","ILVE","United States","North Carolina","37","Anson",7
"3724","ILVE","United States","North Carolina","37","Avery",11
"3725","ILVE","United States","North Carolina","37","Beaufort",13
"3726","ILVE","United States","North Carolina","37","Bertie",15
"3727","ILVE","United States","North Carolina","37","Bladen",17
"3728","ILVE","United States","North Carolina","37","Brunswick",19
"3729","ILVE","United States","North Carolina","37","Burke",23
"3730","ILVE","United States","North Carolina","37","Chatham",37
"3731","ILVE","United States","North Carolina","37","Cherokee",39
"3732","ILVE","United States","North Carolina","37","Chowan",41
"3733","ILVE","United States","North Carolina","37","Clay",43
"3734","ILVE","United States","North Carolina","37","Cleveland",45
"3735","ILVE","United States","North Carolina","37","Columbus",47
"3736","ILVE","United States","North Carolina","37","Davidson",57
"3737","ILVE","United States","North Carolina","37","Durham",63
"3738","ILVE","United States","North Carolina","37","Forsyth",67
"3739","ILVE","United States","North Carolina","37","Franklin",69
"3740","ILVE","United States","North Carolina","37","Gates",73
"3741","ILVE","United States","North Carolina","37","Graham",75
"3742","ILVE","United States","North Carolina","37","Granville",77
"3743","ILVE","United States","North Carolina","37","Guilford",81
"3744","ILVE","United States","North Carolina","37","Halifax",83
"3745","ILVE","United States","North Carolina","37","Harnett",85
"3746","ILVE","United States","North Carolina","37","Haywood",87
"3747","ILVE","United States","North Carolina","37","Henderson",89
"3748","ILVE","United States","North Carolina","37","Hertford",91
"3749","ILVE","United States","North Carolina","37","Iredell",97
"3750","ILVE","United States","North Carolina","37","Jackson",99
"3751","ILVE","United States","North Carolina","37","Johnston",101
"3752","ILVE","United States","North Carolina","37","Lee",105
"3753","ILVE","United States","North Carolina","37","Lincoln",109
"3754","ILVE","United States","North Carolina","37","Macon",113
"3755","ILVE","United States","North Carolina","37","Mitchell",121
"3756","ILVE","United States","North Carolina","37","Montgomery",123
"3757","ILVE","United States","North Carolina","37","Moore",125
"3758","ILVE","United States","North Carolina","37","Nash",127
"3759","ILVE","United States","North Carolina","37","Northampton",131
"3760","ILVE","United States","North Carolina","37","Orange",135
"3761","ILVE","United States","North Carolina","37","Pender",141
"3762","ILVE","United States","North Carolina","37","Pitt",147
"3763","ILVE","United States","North Carolina","37","Randolph",151
"3764","ILVE","United States","North Carolina","37","Robeson",155
"3765","ILVE","United States","North Carolina","37","Rockingham",157
"3766","ILVE","United States","North Carolina","37","Rowan",159
"3767","ILVE","United States","North Carolina","37","Stanly",167
"3768","ILVE","United States","North Carolina","37","Stokes",169
"3769","ILVE","United States","North Carolina","37","Surry",171
"3770","ILVE","United States","North Carolina","37","Swain",173
"3771","ILVE","United States","North Carolina","37","Transylvania",175
"3772","ILVE","United States","North Carolina","37","Union",179
"3773","ILVE","United States","North Carolina","37","Vance",181
"3774","ILVE","United States","North Carolina","37","Wake",183
"3775","ILVE","United States","North Carolina","37","Watauga",189
"3776","ILVE","United States","North Carolina","37","Wilkes",193
"3777","ILVE","United States","North Carolina","37","Yancey",199
"3778","ILVE","United States","Ohio","39","",NA
"3779","ILVE","United States","Ohio","39","Adams",1
"3780","ILVE","United States","Ohio","39","Allen",3
"3781","ILVE","United States","Ohio","39","Ashland",5
"3782","ILVE","United States","Ohio","39","Ashtabula",7
"3783","ILVE","United States","Ohio","39","Athens",9
"3784","ILVE","United States","Ohio","39","Auglaize",11
"3785","ILVE","United States","Ohio","39","Carroll",19
"3786","ILVE","United States","Ohio","39","Champaign",21
"3787","ILVE","United States","Ohio","39","Clermont",25
"3788","ILVE","United States","Ohio","39","Clinton",27
"3789","ILVE","United States","Ohio","39","Columbiana",29
"3790","ILVE","United States","Ohio","39","Coshocton",31
"3791","ILVE","United States","Ohio","39","Crawford",33
"3792","ILVE","United States","Ohio","39","Cuyahoga",35
"3793","ILVE","United States","Ohio","39","Defiance",39
"3794","ILVE","United States","Ohio","39","Delaware",41
"3795","ILVE","United States","Ohio","39","Erie",43
"3796","ILVE","United States","Ohio","39","Fairfield",45
"3797","ILVE","United States","Ohio","39","Franklin",49
"3798","ILVE","United States","Ohio","39","Fulton",51
"3799","ILVE","United States","Ohio","39","Gallia",53
"3800","ILVE","United States","Ohio","39","Geauga",55
"3801","ILVE","United States","Ohio","39","Hamilton",61
"3802","ILVE","United States","Ohio","39","Hancock",63
"3803","ILVE","United States","Ohio","39","Hardin",65
"3804","ILVE","United States","Ohio","39","Harrison",67
"3805","ILVE","United States","Ohio","39","Henry",69
"3806","ILVE","United States","Ohio","39","Highland",71
"3807","ILVE","United States","Ohio","39","Hocking",73
"3808","ILVE","United States","Ohio","39","Holmes",75
"3809","ILVE","United States","Ohio","39","Huron",77
"3810","ILVE","United States","Ohio","39","Jackson",79
"3811","ILVE","United States","Ohio","39","Knox",83
"3812","ILVE","United States","Ohio","39","Lake",85
"3813","ILVE","United States","Ohio","39","Lawrence",87
"3814","ILVE","United States","Ohio","39","Licking",89
"3815","ILVE","United States","Ohio","39","Logan",91
"3816","ILVE","United States","Ohio","39","Lorain",93
"3817","ILVE","United States","Ohio","39","Lucas",95
"3818","ILVE","United States","Ohio","39","Mahoning",99
"3819","ILVE","United States","Ohio","39","Marion",101
"3820","ILVE","United States","Ohio","39","Medina",103
"3821","ILVE","United States","Ohio","39","Meigs",105
"3822","ILVE","United States","Ohio","39","Morrow",117
"3823","ILVE","United States","Ohio","39","Muskingum",119
"3824","ILVE","United States","Ohio","39","Ottawa",123
"3825","ILVE","United States","Ohio","39","Paulding",125
"3826","ILVE","United States","Ohio","39","Perry",127
"3827","ILVE","United States","Ohio","39","Pickaway",129
"3828","ILVE","United States","Ohio","39","Pike",131
"3829","ILVE","United States","Ohio","39","Portage",133
"3830","ILVE","United States","Ohio","39","Putnam",137
"3831","ILVE","United States","Ohio","39","Richland",139
"3832","ILVE","United States","Ohio","39","Ross",141
"3833","ILVE","United States","Ohio","39","Sandusky",143
"3834","ILVE","United States","Ohio","39","Scioto",145
"3835","ILVE","United States","Ohio","39","Seneca",147
"3836","ILVE","United States","Ohio","39","Shelby",149
"3837","ILVE","United States","Ohio","39","Stark",151
"3838","ILVE","United States","Ohio","39","Summit",153
"3839","ILVE","United States","Ohio","39","Trumbull",155
"3840","ILVE","United States","Ohio","39","Tuscarawas",157
"3841","ILVE","United States","Ohio","39","Union",159
"3842","ILVE","United States","Ohio","39","Vinton",163
"3843","ILVE","United States","Ohio","39","Warren",165
"3844","ILVE","United States","Ohio","39","Wayne",169
"3845","ILVE","United States","Ohio","39","Williams",171
"3846","ILVE","United States","Ohio","39","Wood",173
"3847","ILVE","United States","Ohio","39","Wyandot",175
"3848","ILVE","United States","Pennsylvania","42","",NA
"3849","ILVE","United States","Pennsylvania","42","Adams",1
"3850","ILVE","United States","Pennsylvania","42","Allegheny",3
"3851","ILVE","United States","Pennsylvania","42","Beaver",7
"3852","ILVE","United States","Pennsylvania","42","Bedford",9
"3853","ILVE","United States","Pennsylvania","42","Berks",11
"3854","ILVE","United States","Pennsylvania","42","Blair",13
"3855","ILVE","United States","Pennsylvania","42","Bradford",15
"3856","ILVE","United States","Pennsylvania","42","Bucks",17
"3857","ILVE","United States","Pennsylvania","42","Butler",19
"3858","ILVE","United States","Pennsylvania","42","Cambria",21
"3859","ILVE","United States","Pennsylvania","42","Cameron",23
"3860","ILVE","United States","Pennsylvania","42","Carbon",25
"3861","ILVE","United States","Pennsylvania","42","Centre",27
"3862","ILVE","United States","Pennsylvania","42","Chester",29
"3863","ILVE","United States","Pennsylvania","42","Clarion",31
"3864","ILVE","United States","Pennsylvania","42","Clearfield",33
"3865","ILVE","United States","Pennsylvania","42","Clinton",35
"3866","ILVE","United States","Pennsylvania","42","Columbia",37
"3867","ILVE","United States","Pennsylvania","42","Crawford",39
"3868","ILVE","United States","Pennsylvania","42","Cumberland",41
"3869","ILVE","United States","Pennsylvania","42","Dauphin",43
"3870","ILVE","United States","Pennsylvania","42","Delaware",45
"3871","ILVE","United States","Pennsylvania","42","Elk",47
"3872","ILVE","United States","Pennsylvania","42","Erie",49
"3873","ILVE","United States","Pennsylvania","42","Fayette",51
"3874","ILVE","United States","Pennsylvania","42","Forest",53
"3875","ILVE","United States","Pennsylvania","42","Franklin",55
"3876","ILVE","United States","Pennsylvania","42","Fulton",57
"3877","ILVE","United States","Pennsylvania","42","Greene",59
"3878","ILVE","United States","Pennsylvania","42","Huntingdon",61
"3879","ILVE","United States","Pennsylvania","42","Indiana",63
"3880","ILVE","United States","Pennsylvania","42","Jefferson",65
"3881","ILVE","United States","Pennsylvania","42","Juniata",67
"3882","ILVE","United States","Pennsylvania","42","Lackawanna",69
"3883","ILVE","United States","Pennsylvania","42","Lancaster",71
"3884","ILVE","United States","Pennsylvania","42","Lawrence",73
"3885","ILVE","United States","Pennsylvania","42","Lebanon",75
"3886","ILVE","United States","Pennsylvania","42","Lehigh",77
"3887","ILVE","United States","Pennsylvania","42","Luzerne",79
"3888","ILVE","United States","Pennsylvania","42","Lycoming",81
"3889","ILVE","United States","Pennsylvania","42","McKean",83
"3890","ILVE","United States","Pennsylvania","42","Mercer",85
"3891","ILVE","United States","Pennsylvania","42","Mifflin",87
"3892","ILVE","United States","Pennsylvania","42","Monroe",89
"3893","ILVE","United States","Pennsylvania","42","Montgomery",91
"3894","ILVE","United States","Pennsylvania","42","Montour",93
"3895","ILVE","United States","Pennsylvania","42","Northampton",95
"3896","ILVE","United States","Pennsylvania","42","Northumberland",97
"3897","ILVE","United States","Pennsylvania","42","Perry",99
"3898","ILVE","United States","Pennsylvania","42","Philadelphia",101
"3899","ILVE","United States","Pennsylvania","42","Pike",103
"3900","ILVE","United States","Pennsylvania","42","Schuylkill",107
"3901","ILVE","United States","Pennsylvania","42","Snyder",109
"3902","ILVE","United States","Pennsylvania","42","Somerset",111
"3903","ILVE","United States","Pennsylvania","42","Sullivan",113
"3904","ILVE","United States","Pennsylvania","42","Susquehanna",115
"3905","ILVE","United States","Pennsylvania","42","Tioga",117
"3906","ILVE","United States","Pennsylvania","42","Union",119
"3907","ILVE","United States","Pennsylvania","42","Venango",121
"3908","ILVE","United States","Pennsylvania","42","Warren",123
"3909","ILVE","United States","Pennsylvania","42","Washington",125
"3910","ILVE","United States","Pennsylvania","42","Wayne",127
"3911","ILVE","United States","Pennsylvania","42","Westmoreland",129
"3912","ILVE","United States","Pennsylvania","42","York",133
"3913","ILVE","United States","Rhode Island","44","",NA
"3914","ILVE","United States","Rhode Island","44","Bristol",1
"3915","ILVE","United States","Rhode Island","44","Kent",3
"3916","ILVE","United States","Rhode Island","44","Newport",5
"3917","ILVE","United States","Rhode Island","44","Providence",7
"3918","ILVE","United States","Rhode Island","44","Washington",9
"3919","ILVE","United States","South Carolina","45","",NA
"3920","ILVE","United States","South Carolina","45","Allendale",5
"3921","ILVE","United States","South Carolina","45","Barnwell",11
"3922","ILVE","United States","South Carolina","45","Berkeley",15
"3923","ILVE","United States","South Carolina","45","Calhoun",17
"3924","ILVE","United States","South Carolina","45","Clarendon",27
"3925","ILVE","United States","South Carolina","45","Georgetown",43
"3926","ILVE","United States","South Carolina","45","Greenwood",47
"3927","ILVE","United States","South Carolina","45","Jasper",53
"3928","ILVE","United States","South Carolina","45","Kershaw",55
"3929","ILVE","United States","South Carolina","45","Lancaster",57
"3930","ILVE","United States","South Carolina","45","Marion",67
"3931","ILVE","United States","South Carolina","45","Oconee",73
"3932","ILVE","United States","South Carolina","45","Richland",79
"3933","ILVE","United States","South Carolina","45","Spartanburg",83
"3934","ILVE","United States","South Carolina","45","Williamsburg",89
"3935","ILVE","United States","South Carolina","45","York",91
"3936","ILVE","United States","Tennessee","47","",NA
"3937","ILVE","United States","Tennessee","47","Anderson",1
"3938","ILVE","United States","Tennessee","47","Benton",5
"3939","ILVE","United States","Tennessee","47","Blount",9
"3940","ILVE","United States","Tennessee","47","Carroll",17
"3941","ILVE","United States","Tennessee","47","Carter",19
"3942","ILVE","United States","Tennessee","47","Chester",23
"3943","ILVE","United States","Tennessee","47","Coffee",31
"3944","ILVE","United States","Tennessee","47","Cumberland",35
"3945","ILVE","United States","Tennessee","47","Fentress",49
"3946","ILVE","United States","Tennessee","47","Grundy",61
"3947","ILVE","United States","Tennessee","47","Hamilton",65
"3948","ILVE","United States","Tennessee","47","Hardeman",69
"3949","ILVE","United States","Tennessee","47","Hardin",71
"3950","ILVE","United States","Tennessee","47","Henry",79
"3951","ILVE","United States","Tennessee","47","Johnson",91
"3952","ILVE","United States","Tennessee","47","Lincoln",103
"3953","ILVE","United States","Tennessee","47","Marion",115
"3954","ILVE","United States","Tennessee","47","McNairy",109
"3955","ILVE","United States","Tennessee","47","Monroe",123
"3956","ILVE","United States","Tennessee","47","Morgan",129
"3957","ILVE","United States","Tennessee","47","Polk",139
"3958","ILVE","United States","Tennessee","47","Putnam",141
"3959","ILVE","United States","Tennessee","47","Rhea",143
"3960","ILVE","United States","Tennessee","47","Scott",151
"3961","ILVE","United States","Tennessee","47","Sequatchie",153
"3962","ILVE","United States","Tennessee","47","Shelby",157
"3963","ILVE","United States","Tennessee","47","Sumner",165
"3964","ILVE","United States","Tennessee","47","Unicoi",171
"3965","ILVE","United States","Tennessee","47","Warren",177
"3966","ILVE","United States","Tennessee","47","Wayne",181
"3967","ILVE","United States","Tennessee","47","Weakley",183
"3968","ILVE","United States","Tennessee","47","White",185
"3969","ILVE","United States","Texas","48","",NA
"3970","ILVE","United States","Texas","48","Orange",361
"3971","ILVE","United States","Vermont","50","",NA
"3972","ILVE","United States","Vermont","50","Addison",1
"3973","ILVE","United States","Vermont","50","Bennington",3
"3974","ILVE","United States","Vermont","50","Chittenden",7
"3975","ILVE","United States","Vermont","50","Essex",9
"3976","ILVE","United States","Vermont","50","Franklin",11
"3977","ILVE","United States","Vermont","50","Grand Isle",13
"3978","ILVE","United States","Vermont","50","Orleans",19
"3979","ILVE","United States","Vermont","50","Rutland",21
"3980","ILVE","United States","Vermont","50","Windham",25
"3981","ILVE","United States","Vermont","50","Windsor",27
"3982","ILVE","United States","Virginia","51","",NA
"3983","ILVE","United States","Virginia","51","Accomack",1
"3984","ILVE","United States","Virginia","51","Albemarle",3
"3985","ILVE","United States","Virginia","51","Alleghany",5
"3986","ILVE","United States","Virginia","51","Amelia",7
"3987","ILVE","United States","Virginia","51","Amherst",9
"3988","ILVE","United States","Virginia","51","Appomattox",11
"3989","ILVE","United States","Virginia","51","Arlington",13
"3990","ILVE","United States","Virginia","51","Augusta",15
"3991","ILVE","United States","Virginia","51","Bath",17
"3992","ILVE","United States","Virginia","51","Bedford",19
"3993","ILVE","United States","Virginia","51","Botetourt",23
"3994","ILVE","United States","Virginia","51","Brunswick",25
"3995","ILVE","United States","Virginia","51","Buckingham",29
"3996","ILVE","United States","Virginia","51","Campbell",31
"3997","ILVE","United States","Virginia","51","Caroline",33
"3998","ILVE","United States","Virginia","51","Carroll",35
"3999","ILVE","United States","Virginia","51","Charles City",36
"4000","ILVE","United States","Virginia","51","Charlotte",37
"4001","ILVE","United States","Virginia","51","Chesapeake ",550
"4002","ILVE","United States","Virginia","51","Chesterfield",41
"4003","ILVE","United States","Virginia","51","Clarke",43
"4004","ILVE","United States","Virginia","51","Craig",45
"4005","ILVE","United States","Virginia","51","Culpeper",47
"4006","ILVE","United States","Virginia","51","Cumberland",49
"4007","ILVE","United States","Virginia","51","Dickenson",51
"4008","ILVE","United States","Virginia","51","Dinwiddie",53
"4009","ILVE","United States","Virginia","51","Essex",57
"4010","ILVE","United States","Virginia","51","Fairfax",59
"4011","ILVE","United States","Virginia","51","Fauquier",61
"4012","ILVE","United States","Virginia","51","Floyd",63
"4013","ILVE","United States","Virginia","51","Fluvanna",65
"4014","ILVE","United States","Virginia","51","Franklin",67
"4015","ILVE","United States","Virginia","51","Frederick",69
"4016","ILVE","United States","Virginia","51","Giles",71
"4017","ILVE","United States","Virginia","51","Gloucester",73
"4018","ILVE","United States","Virginia","51","Goochland",75
"4019","ILVE","United States","Virginia","51","Grayson",77
"4020","ILVE","United States","Virginia","51","Greene",79
"4021","ILVE","United States","Virginia","51","Greensville",81
"4022","ILVE","United States","Virginia","51","Hanover",85
"4023","ILVE","United States","Virginia","51","Henrico",87
"4024","ILVE","United States","Virginia","51","Henry",89
"4025","ILVE","United States","Virginia","51","Highland",91
"4026","ILVE","United States","Virginia","51","Isle of Wight",93
"4027","ILVE","United States","Virginia","51","James City",95
"4028","ILVE","United States","Virginia","51","King and Queen",97
"4029","ILVE","United States","Virginia","51","King George",99
"4030","ILVE","United States","Virginia","51","King William",101
"4031","ILVE","United States","Virginia","51","Lancaster",103
"4032","ILVE","United States","Virginia","51","Loudoun",107
"4033","ILVE","United States","Virginia","51","Louisa",109
"4034","ILVE","United States","Virginia","51","Lunenburg",111
"4035","ILVE","United States","Virginia","51","Madison",113
"4036","ILVE","United States","Virginia","51","Mathews",115
"4037","ILVE","United States","Virginia","51","Mecklenburg",117
"4038","ILVE","United States","Virginia","51","Middlesex",119
"4039","ILVE","United States","Virginia","51","Montgomery",121
"4040","ILVE","United States","Virginia","51","Nelson",125
"4041","ILVE","United States","Virginia","51","New Kent",127
"4042","ILVE","United States","Virginia","51","Newport News ",700
"4043","ILVE","United States","Virginia","51","Northampton",131
"4044","ILVE","United States","Virginia","51","Northumberland",133
"4045","ILVE","United States","Virginia","51","Nottoway",135
"4046","ILVE","United States","Virginia","51","Orange",137
"4047","ILVE","United States","Virginia","51","Page",139
"4048","ILVE","United States","Virginia","51","Patrick",141
"4049","ILVE","United States","Virginia","51","Pittsylvania",143
"4050","ILVE","United States","Virginia","51","Powhatan",145
"4051","ILVE","United States","Virginia","51","Prince Edward",147
"4052","ILVE","United States","Virginia","51","Prince George",149
"4053","ILVE","United States","Virginia","51","Prince William",153
"4054","ILVE","United States","Virginia","51","Pulaski",155
"4055","ILVE","United States","Virginia","51","Rappahannock",157
"4056","ILVE","United States","Virginia","51","Richmond",159
"4057","ILVE","United States","Virginia","51","Roanoke",161
"4058","ILVE","United States","Virginia","51","Rockbridge",163
"4059","ILVE","United States","Virginia","51","Rockingham",165
"4060","ILVE","United States","Virginia","51","Scott",169
"4061","ILVE","United States","Virginia","51","Shenandoah",171
"4062","ILVE","United States","Virginia","51","Smyth",173
"4063","ILVE","United States","Virginia","51","Southampton",175
"4064","ILVE","United States","Virginia","51","Spotsylvania",177
"4065","ILVE","United States","Virginia","51","Stafford",179
"4066","ILVE","United States","Virginia","51","Suffolk ",800
"4067","ILVE","United States","Virginia","51","Surry",181
"4068","ILVE","United States","Virginia","51","Sussex",183
"4069","ILVE","United States","Virginia","51","Tazewell",185
"4070","ILVE","United States","Virginia","51","Virginia Beach ",810
"4071","ILVE","United States","Virginia","51","Washington",191
"4072","ILVE","United States","Virginia","51","Westmoreland",193
"4073","ILVE","United States","Virginia","51","Wise",195
"4074","ILVE","United States","Virginia","51","Wythe",197
"4075","ILVE","United States","West Virginia","54","",NA
"4076","ILVE","United States","West Virginia","54","Barbour",1
"4077","ILVE","United States","West Virginia","54","Braxton",7
"4078","ILVE","United States","West Virginia","54","Fayette",19
"4079","ILVE","United States","West Virginia","54","Grant",23
"4080","ILVE","United States","West Virginia","54","Greenbrier",25
"4081","ILVE","United States","West Virginia","54","Hampshire",27
"4082","ILVE","United States","West Virginia","54","Marion",49
"4083","ILVE","United States","West Virginia","54","Mason",53
"4084","ILVE","United States","West Virginia","54","Mercer",55
"4085","ILVE","United States","West Virginia","54","Mineral",57
"4086","ILVE","United States","West Virginia","54","Monongalia",61
"4087","ILVE","United States","West Virginia","54","Morgan",65
"4088","ILVE","United States","West Virginia","54","Nicholas",67
"4089","ILVE","United States","West Virginia","54","Pendleton",71
"4090","ILVE","United States","West Virginia","54","Pocahontas",75
"4091","ILVE","United States","West Virginia","54","Preston",77
"4092","ILVE","United States","West Virginia","54","Putnam",79
"4093","ILVE","United States","West Virginia","54","Raleigh",81
"4094","ILVE","United States","West Virginia","54","Randolph",83
"4095","ILVE","United States","West Virginia","54","Summers",89
"4096","ILVE","United States","West Virginia","54","Taylor",91
"4097","ILVE","United States","West Virginia","54","Tucker",93
"4098","ILVE","United States","West Virginia","54","Upshur",97
"4099","ILVE","United States","West Virginia","54","Webster",101
"4100","ILVE","United States","West Virginia","54","Wyoming",109
"4101","ILVE","United States","Wisconsin","55","",NA
"4102","ILVE","United States","Wisconsin","55","Adams",1
"4103","ILVE","United States","Wisconsin","55","Ashland",3
"4104","ILVE","United States","Wisconsin","55","Bayfield",7
"4105","ILVE","United States","Wisconsin","55","Brown",9
"4106","ILVE","United States","Wisconsin","55","Buffalo",11
"4107","ILVE","United States","Wisconsin","55","Chippewa",17
"4108","ILVE","United States","Wisconsin","55","Clark",19
"4109","ILVE","United States","Wisconsin","55","Columbia",21
"4110","ILVE","United States","Wisconsin","55","Dane",25
"4111","ILVE","United States","Wisconsin","55","Dodge",27
"4112","ILVE","United States","Wisconsin","55","Door",29
"4113","ILVE","United States","Wisconsin","55","Douglas",31
"4114","ILVE","United States","Wisconsin","55","Dunn",33
"4115","ILVE","United States","Wisconsin","55","Eau Claire",35
"4116","ILVE","United States","Wisconsin","55","Florence",37
"4117","ILVE","United States","Wisconsin","55","Fond du Lac",39
"4118","ILVE","United States","Wisconsin","55","Forest",41
"4119","ILVE","United States","Wisconsin","55","Grant",43
"4120","ILVE","United States","Wisconsin","55","Green",45
"4121","ILVE","United States","Wisconsin","55","Iowa",49
"4122","ILVE","United States","Wisconsin","55","Iron",51
"4123","ILVE","United States","Wisconsin","55","Jackson",53
"4124","ILVE","United States","Wisconsin","55","Jefferson",55
"4125","ILVE","United States","Wisconsin","55","La Crosse",63
"4126","ILVE","United States","Wisconsin","55","Lafayette",65
"4127","ILVE","United States","Wisconsin","55","Langlade",67
"4128","ILVE","United States","Wisconsin","55","Lincoln",69
"4129","ILVE","United States","Wisconsin","55","Manitowoc",71
"4130","ILVE","United States","Wisconsin","55","Marathon",73
"4131","ILVE","United States","Wisconsin","55","Marinette",75
"4132","ILVE","United States","Wisconsin","55","Marquette",77
"4133","ILVE","United States","Wisconsin","55","Menominee",78
"4134","ILVE","United States","Wisconsin","55","Milwaukee",79
"4135","ILVE","United States","Wisconsin","55","Monroe",81
"4136","ILVE","United States","Wisconsin","55","Oconto",83
"4137","ILVE","United States","Wisconsin","55","Oneida",85
"4138","ILVE","United States","Wisconsin","55","Outagamie",87
"4139","ILVE","United States","Wisconsin","55","Ozaukee",89
"4140","ILVE","United States","Wisconsin","55","Polk",95
"4141","ILVE","United States","Wisconsin","55","Portage",97
"4142","ILVE","United States","Wisconsin","55","Price",99
"4143","ILVE","United States","Wisconsin","55","Racine",101
"4144","ILVE","United States","Wisconsin","55","Richland",103
"4145","ILVE","United States","Wisconsin","55","Rock",105
"4146","ILVE","United States","Wisconsin","55","Rusk",107
"4147","ILVE","United States","Wisconsin","55","Sauk",111
"4148","ILVE","United States","Wisconsin","55","Sawyer",113
"4149","ILVE","United States","Wisconsin","55","Shawano",115
"4150","ILVE","United States","Wisconsin","55","Sheboygan",117
"4151","ILVE","United States","Wisconsin","55","Taylor",119
"4152","ILVE","United States","Wisconsin","55","Trempealeau",121
"4153","ILVE","United States","Wisconsin","55","Vernon",123
"4154","ILVE","United States","Wisconsin","55","Vilas",125
"4155","ILVE","United States","Wisconsin","55","Walworth",127
"4156","ILVE","United States","Wisconsin","55","Washburn",129
"4157","ILVE","United States","Wisconsin","55","Washington",131
"4158","ILVE","United States","Wisconsin","55","Waukesha",133
"4159","ILVE","United States","Wisconsin","55","Waupaca",135
"4160","ILVE","United States","Wisconsin","55","Waushara",137
"4161","ILVE","United States","Wisconsin","55","Winnebago",139
"4162","ILVE","United States","Wisconsin","55","Wood",141
"4163","ILVE","Canada","Newfoundland","NF","",NA
"4164","ILVO","United States","Alabama","1","",NA
"4165","ILVO","United States","Alabama","1","Autauga",1
"4166","ILVO","United States","Alabama","1","Baldwin",3
"4167","ILVO","United States","Alabama","1","Blount",9
"4168","ILVO","United States","Alabama","1","Chilton",21
"4169","ILVO","United States","Alabama","1","Choctaw",23
"4170","ILVO","United States","Alabama","1","Clarke",25
"4171","ILVO","United States","Alabama","1","Coffee",31
"4172","ILVO","United States","Alabama","1","Conecuh",35
"4173","ILVO","United States","Alabama","1","Coosa",37
"4174","ILVO","United States","Alabama","1","Covington",39
"4175","ILVO","United States","Alabama","1","Crenshaw",41
"4176","ILVO","United States","Alabama","1","Dale",45
"4177","ILVO","United States","Alabama","1","Dallas",47
"4178","ILVO","United States","Alabama","1","Escambia",53
"4179","ILVO","United States","Alabama","1","Geneva",61
"4180","ILVO","United States","Alabama","1","Greene",63
"4181","ILVO","United States","Alabama","1","Lee",81
"4182","ILVO","United States","Alabama","1","Macon",87
"4183","ILVO","United States","Alabama","1","Marengo",91
"4184","ILVO","United States","Alabama","1","Mobile",97
"4185","ILVO","United States","Alabama","1","Monroe",99
"4186","ILVO","United States","Alabama","1","Pickens",107
"4187","ILVO","United States","Alabama","1","Sumter",119
"4188","ILVO","United States","Alabama","1","Tuscaloosa",125
"4189","ILVO","United States","Alabama","1","Washington",129
"4190","ILVO","United States","Alabama","1","Wilcox",131
"4191","ILVO","United States","Arkansas","5","",NA
"4192","ILVO","United States","Arkansas","5","Clark",19
"4193","ILVO","United States","Arkansas","5","Drew",43
"4194","ILVO","United States","Arkansas","5","Garland",51
"4195","ILVO","United States","Arkansas","5","Hempstead",57
"4196","ILVO","United States","Arkansas","5","Hot Spring",59
"4197","ILVO","United States","Arkansas","5","Montgomery",97
"4198","ILVO","United States","Arkansas","5","Pike",109
"4199","ILVO","United States","Arkansas","5","Polk",113
"4200","ILVO","United States","Arkansas","5","Pulaski",119
"4201","ILVO","United States","Arkansas","5","Sevier",133
"4202","ILVO","United States","Florida","12","",NA
"4203","ILVO","United States","Florida","12","Alachua",1
"4204","ILVO","United States","Florida","12","Baker",3
"4205","ILVO","United States","Florida","12","Bay",5
"4206","ILVO","United States","Florida","12","Brevard",9
"4207","ILVO","United States","Florida","12","Citrus",17
"4208","ILVO","United States","Florida","12","Clay",19
"4209","ILVO","United States","Florida","12","Dixie",29
"4210","ILVO","United States","Florida","12","Duval",31
"4211","ILVO","United States","Florida","12","Escambia",33
"4212","ILVO","United States","Florida","12","Flagler",35
"4213","ILVO","United States","Florida","12","Franklin",37
"4214","ILVO","United States","Florida","12","Gadsden",39
"4215","ILVO","United States","Florida","12","Gulf",45
"4216","ILVO","United States","Florida","12","Hernando",53
"4217","ILVO","United States","Florida","12","Highlands",55
"4218","ILVO","United States","Florida","12","Hillsborough",57
"4219","ILVO","United States","Florida","12","Holmes",59
"4220","ILVO","United States","Florida","12","Jackson",63
"4221","ILVO","United States","Florida","12","Jefferson",65
"4222","ILVO","United States","Florida","12","Levy",75
"4223","ILVO","United States","Florida","12","Liberty",77
"4224","ILVO","United States","Florida","12","Manatee",81
"4225","ILVO","United States","Florida","12","Marion",83
"4226","ILVO","United States","Florida","12","Nassau",89
"4227","ILVO","United States","Florida","12","Okaloosa",91
"4228","ILVO","United States","Florida","12","Pasco",101
"4229","ILVO","United States","Florida","12","Pinellas",103
"4230","ILVO","United States","Florida","12","Polk",105
"4231","ILVO","United States","Florida","12","Santa Rosa",113
"4232","ILVO","United States","Florida","12","Sarasota",115
"4233","ILVO","United States","Florida","12","St. Johns",109
"4234","ILVO","United States","Florida","12","Suwannee",121
"4235","ILVO","United States","Florida","12","Taylor",123
"4236","ILVO","United States","Florida","12","Volusia",127
"4237","ILVO","United States","Florida","12","Wakulla",129
"4238","ILVO","United States","Florida","12","Walton",131
"4239","ILVO","United States","Florida","12","Washington",133
"4240","ILVO","United States","Georgia","13","",NA
"4241","ILVO","United States","Georgia","13","Baker",7
"4242","ILVO","United States","Georgia","13","Ben Hill",17
"4243","ILVO","United States","Georgia","13","Brantley",25
"4244","ILVO","United States","Georgia","13","Bryan",29
"4245","ILVO","United States","Georgia","13","Bulloch",31
"4246","ILVO","United States","Georgia","13","Camden",39
"4247","ILVO","United States","Georgia","13","Candler",43
"4248","ILVO","United States","Georgia","13","Charlton",49
"4249","ILVO","United States","Georgia","13","Chatham",51
"4250","ILVO","United States","Georgia","13","Clay",61
"4251","ILVO","United States","Georgia","13","Crisp",81
"4252","ILVO","United States","Georgia","13","Echols",101
"4253","ILVO","United States","Georgia","13","Glynn",127
"4254","ILVO","United States","Georgia","13","Harris",145
"4255","ILVO","United States","Georgia","13","Lee",177
"4256","ILVO","United States","Georgia","13","Liberty",179
"4257","ILVO","United States","Georgia","13","Long",183
"4258","ILVO","United States","Georgia","13","McIntosh",191
"4259","ILVO","United States","Georgia","13","Morgan",211
"4260","ILVO","United States","Georgia","13","Screven",251
"4261","ILVO","United States","Georgia","13","Talbot",263
"4262","ILVO","United States","Georgia","13","Tattnall",267
"4263","ILVO","United States","Georgia","13","Toombs",279
"4264","ILVO","United States","Georgia","13","Wayne",305
"4265","ILVO","United States","Georgia","13","Worth",321
"4266","ILVO","United States","Louisiana","22","",NA
"4267","ILVO","United States","Louisiana","22","Acadia",1
"4268","ILVO","United States","Louisiana","22","Allen",3
"4269","ILVO","United States","Louisiana","22","Ascension",5
"4270","ILVO","United States","Louisiana","22","Avoyelles",9
"4271","ILVO","United States","Louisiana","22","Beauregard",11
"4272","ILVO","United States","Louisiana","22","Bienville",13
"4273","ILVO","United States","Louisiana","22","Bossier",15
"4274","ILVO","United States","Louisiana","22","Caddo",17
"4275","ILVO","United States","Louisiana","22","Calcasieu",19
"4276","ILVO","United States","Louisiana","22","Caldwell",21
"4277","ILVO","United States","Louisiana","22","Cameron",23
"4278","ILVO","United States","Louisiana","22","Catahoula",25
"4279","ILVO","United States","Louisiana","22","Claiborne",27
"4280","ILVO","United States","Louisiana","22","De Soto",31
"4281","ILVO","United States","Louisiana","22","East Baton Rouge",33
"4282","ILVO","United States","Louisiana","22","East Feliciana",37
"4283","ILVO","United States","Louisiana","22","Evangeline",39
"4284","ILVO","United States","Louisiana","22","Franklin",41
"4285","ILVO","United States","Louisiana","22","Grant",43
"4286","ILVO","United States","Louisiana","22","Iberia",45
"4287","ILVO","United States","Louisiana","22","Iberville",47
"4288","ILVO","United States","Louisiana","22","Jackson",49
"4289","ILVO","United States","Louisiana","22","Jefferson",51
"4290","ILVO","United States","Louisiana","22","Jefferson Davis",53
"4291","ILVO","United States","Louisiana","22","Lafayette",55
"4292","ILVO","United States","Louisiana","22","Lafourche",57
"4293","ILVO","United States","Louisiana","22","LaSalle",59
"4294","ILVO","United States","Louisiana","22","Lincoln",61
"4295","ILVO","United States","Louisiana","22","Livingston",63
"4296","ILVO","United States","Louisiana","22","Madison",65
"4297","ILVO","United States","Louisiana","22","Morehouse",67
"4298","ILVO","United States","Louisiana","22","Natchitoches",69
"4299","ILVO","United States","Louisiana","22","Orleans",71
"4300","ILVO","United States","Louisiana","22","Ouachita",73
"4301","ILVO","United States","Louisiana","22","Plaquemines",75
"4302","ILVO","United States","Louisiana","22","Pointe Coupee",77
"4303","ILVO","United States","Louisiana","22","Rapides",79
"4304","ILVO","United States","Louisiana","22","Red River",81
"4305","ILVO","United States","Louisiana","22","Richland",83
"4306","ILVO","United States","Louisiana","22","Sabine",85
"4307","ILVO","United States","Louisiana","22","St. Bernard",87
"4308","ILVO","United States","Louisiana","22","St. Charles",89
"4309","ILVO","United States","Louisiana","22","St. Helena",91
"4310","ILVO","United States","Louisiana","22","St. Landry",97
"4311","ILVO","United States","Louisiana","22","St. Mary",101
"4312","ILVO","United States","Louisiana","22","St. Tammany",103
"4313","ILVO","United States","Louisiana","22","Tangipahoa",105
"4314","ILVO","United States","Louisiana","22","Terrebonne",109
"4315","ILVO","United States","Louisiana","22","Union",111
"4316","ILVO","United States","Louisiana","22","Vermilion",113
"4317","ILVO","United States","Louisiana","22","Vernon",115
"4318","ILVO","United States","Louisiana","22","Washington",117
"4319","ILVO","United States","Louisiana","22","Webster",119
"4320","ILVO","United States","Louisiana","22","West Feliciana",125
"4321","ILVO","United States","Louisiana","22","Winn",127
"4322","ILVO","United States","Mississippi","28","",NA
"4323","ILVO","United States","Mississippi","28","Amite",5
"4324","ILVO","United States","Mississippi","28","Clarke",23
"4325","ILVO","United States","Mississippi","28","Covington",31
"4326","ILVO","United States","Mississippi","28","Forrest",35
"4327","ILVO","United States","Mississippi","28","Franklin",37
"4328","ILVO","United States","Mississippi","28","George",39
"4329","ILVO","United States","Mississippi","28","Greene",41
"4330","ILVO","United States","Mississippi","28","Hancock",45
"4331","ILVO","United States","Mississippi","28","Harrison",47
"4332","ILVO","United States","Mississippi","28","Jackson",59
"4333","ILVO","United States","Mississippi","28","Jefferson Davis",65
"4334","ILVO","United States","Mississippi","28","Jones",67
"4335","ILVO","United States","Mississippi","28","Lamar",73
"4336","ILVO","United States","Mississippi","28","Lauderdale",75
"4337","ILVO","United States","Mississippi","28","Lawrence",77
"4338","ILVO","United States","Mississippi","28","Lincoln",85
"4339","ILVO","United States","Mississippi","28","Madison",89
"4340","ILVO","United States","Mississippi","28","Marion",91
"4341","ILVO","United States","Mississippi","28","Pearl River",109
"4342","ILVO","United States","Mississippi","28","Perry",111
"4343","ILVO","United States","Mississippi","28","Pike",113
"4344","ILVO","United States","Mississippi","28","Simpson",127
"4345","ILVO","United States","Mississippi","28","Smith",129
"4346","ILVO","United States","Mississippi","28","Stone",131
"4347","ILVO","United States","Mississippi","28","Walthall",147
"4348","ILVO","United States","Mississippi","28","Washington",151
"4349","ILVO","United States","Mississippi","28","Wayne",153
"4350","ILVO","United States","North Carolina","37","",NA
"4351","ILVO","United States","North Carolina","37","Brunswick",19
"4352","ILVO","United States","North Carolina","37","Camden",29
"4353","ILVO","United States","North Carolina","37","Carteret",31
"4354","ILVO","United States","North Carolina","37","Currituck",53
"4355","ILVO","United States","North Carolina","37","Dare",55
"4356","ILVO","United States","North Carolina","37","Hyde",95
"4357","ILVO","United States","North Carolina","37","New Hanover",129
"4358","ILVO","United States","North Carolina","37","Onslow",133
"4359","ILVO","United States","North Carolina","37","Pender",141
"4360","ILVO","United States","North Carolina","37","Pitt",147
"4361","ILVO","United States","Oklahoma","40","",NA
"4362","ILVO","United States","South Carolina","45","",NA
"4363","ILVO","United States","South Carolina","45","Aiken",3
"4364","ILVO","United States","South Carolina","45","Beaufort",13
"4365","ILVO","United States","South Carolina","45","Berkeley",15
"4366","ILVO","United States","South Carolina","45","Calhoun",17
"4367","ILVO","United States","South Carolina","45","Charleston",19
"4368","ILVO","United States","South Carolina","45","Georgetown",43
"4369","ILVO","United States","South Carolina","45","Hampton",49
"4370","ILVO","United States","South Carolina","45","Horry",51
"4371","ILVO","United States","South Carolina","45","Jasper",53
"4372","ILVO","United States","South Carolina","45","Lexington",63
"4373","ILVO","United States","Texas","48","",NA
"4374","ILVO","United States","Texas","48","Angelina",5
"4375","ILVO","United States","Texas","48","Aransas",7
"4376","ILVO","United States","Texas","48","Austin",15
"4377","ILVO","United States","Texas","48","Bastrop",21
"4378","ILVO","United States","Texas","48","Blanco",31
"4379","ILVO","United States","Texas","48","Brazoria",39
"4380","ILVO","United States","Texas","48","Brazos",41
"4381","ILVO","United States","Texas","48","Caldwell",55
"4382","ILVO","United States","Texas","48","Calhoun",57
"4383","ILVO","United States","Texas","48","Chambers",71
"4384","ILVO","United States","Texas","48","Colorado",89
"4385","ILVO","United States","Texas","48","Comal",91
"4386","ILVO","United States","Texas","48","Dallas",113
"4387","ILVO","United States","Texas","48","DeWitt",123
"4388","ILVO","United States","Texas","48","Fannin",147
"4389","ILVO","United States","Texas","48","Fayette",149
"4390","ILVO","United States","Texas","48","Freestone",161
"4391","ILVO","United States","Texas","48","Galveston",167
"4392","ILVO","United States","Texas","48","Gonzales",177
"4393","ILVO","United States","Texas","48","Hardin",199
"4394","ILVO","United States","Texas","48","Harris",201
"4395","ILVO","United States","Texas","48","Houston",225
"4396","ILVO","United States","Texas","48","Jackson",239
"4397","ILVO","United States","Texas","48","Jasper",241
"4398","ILVO","United States","Texas","48","Jefferson",245
"4399","ILVO","United States","Texas","48","Karnes",255
"4400","ILVO","United States","Texas","48","Lamar",277
"4401","ILVO","United States","Texas","48","Liberty",291
"4402","ILVO","United States","Texas","48","Matagorda",321
"4403","ILVO","United States","Texas","48","McLennan",309
"4404","ILVO","United States","Texas","48","Montgomery",339
"4405","ILVO","United States","Texas","48","Newton",351
"4406","ILVO","United States","Texas","48","Nueces",355
"4407","ILVO","United States","Texas","48","Orange",361
"4408","ILVO","United States","Texas","48","Polk",373
"4409","ILVO","United States","Texas","48","Robertson",395
"4410","ILVO","United States","Texas","48","Sabine",403
"4411","ILVO","United States","Texas","48","San Augustine",405
"4412","ILVO","United States","Texas","48","San Jacinto",407
"4413","ILVO","United States","Texas","48","San Patricio",409
"4414","ILVO","United States","Texas","48","Smith",423
"4415","ILVO","United States","Texas","48","Tarrant",439
"4416","ILVO","United States","Texas","48","Travis",453
"4417","ILVO","United States","Texas","48","Tyler",457
"4418","ILVO","United States","Texas","48","Upshur",459
"4419","ILVO","United States","Texas","48","Victoria",469
"4420","ILVO","United States","Texas","48","Walker",471
"4421","ILVO","United States","Texas","48","Waller",473
"4422","ILVO","United States","Texas","48","Washington",477
"4423","ILVO","United States","Texas","48","Wharton",481
"4424","ILVO","United States","Virginia","51","",NA
"4425","ILVO","United States","Virginia","51","Chesapeake",550
"4426","ILVO","United States","Virginia","51","Mathews",115
"4427","ILVO","United States","Virginia","51","Northampton",131
"4428","ILVO","United States","Virginia","51","Virginia Beach",810
