"","ILAM","ILAM2","ILCA","ILCO2","ILCO","ILCU3","ILDE","ILGL","ILKR","ILLA","ILLO","ILMO","ILMU","ILMY","ILOP","ILOPA","ILVE","ILVO","OID","State","County","sum"
"1",1,0,0,0,0,0,1,0,0,0,0,0,0,0,1,0,1,1,"3043","Alabama","Autauga",5
"2",1,1,1,0,1,0,1,1,0,0,0,0,0,1,1,0,1,1,"40","Alabama","Baldwin",10
"3",0,0,0,0,1,0,1,1,0,0,0,0,0,0,1,0,0,0,"3044","Alabama","Barbour",4
"4",1,0,0,0,0,0,1,0,0,0,0,0,0,0,1,0,1,0,"2822","Alabama","Bibb",4
"5",1,0,0,0,0,0,1,0,0,0,1,0,0,0,1,0,0,1,"774","Alabama","Blount",5
"6",0,0,0,0,0,0,1,1,0,0,0,0,0,0,1,0,0,0,"1822","Alabama","Bullock",3
"7",0,0,0,0,0,0,1,1,0,0,1,0,0,0,1,0,0,0,"696","Alabama","Butler",4
"8",0,0,0,0,0,0,0,0,0,0,0,0,0,0,1,0,1,0,"3035","Alabama","Calhoun",2
"9",0,0,0,0,0,0,0,0,0,0,0,0,0,0,1,0,1,0,"2589","Alabama","Chambers",2
"10",0,0,0,0,0,0,0,0,0,0,0,0,0,0,0,0,0,0,"3098","Alabama","Cherokee",0
"11",1,0,0,0,0,0,1,0,0,0,0,0,0,0,1,0,1,1,"3073","Alabama","Chilton",5
"12",1,0,0,0,0,0,1,0,0,0,0,0,0,0,1,0,0,1,"1047","Alabama","Choctaw",4
"13",0,0,0,0,1,0,1,0,0,0,0,0,0,0,1,0,1,1,"2076","Alabama","Clarke",5
"14",1,0,0,0,0,0,1,0,0,0,0,0,0,0,1,0,1,0,"910","Alabama","Clay",4
"15",0,0,0,0,0,0,0,0,0,0,0,0,0,0,1,0,1,0,"2957","Alabama","Cleburne",2
"16",0,0,1,0,1,0,1,1,0,0,0,0,0,0,1,0,1,1,"2785","Alabama","Coffee",7
"17",0,0,0,0,0,0,1,0,0,0,0,0,0,0,1,0,0,0,"983","Alabama","Colbert",2
"18",1,0,0,0,1,0,1,1,0,0,0,0,0,0,1,0,1,1,"2425","Alabama","Conecuh",7
"19",1,0,0,0,0,0,1,0,0,0,0,0,0,0,1,0,1,1,"2175","Alabama","Coosa",5
"20",0,0,1,0,0,0,1,1,0,0,0,0,0,1,1,0,0,1,"1418","Alabama","Covington",6
"21",1,0,0,0,0,0,1,1,0,0,0,0,0,0,1,0,0,1,"3002","Alabama","Crenshaw",5
"22",1,0,0,0,0,0,1,0,0,0,1,0,0,0,1,0,1,0,"728","Alabama","Cullman",5
"23",0,0,0,0,0,0,1,0,0,0,0,0,0,0,1,0,0,1,"3003","Alabama","Dale",3
"24",1,0,0,0,0,0,1,0,0,0,0,0,0,0,1,0,1,1,"1504","Alabama","Dallas",5
"25",1,0,0,0,0,0,1,0,0,0,1,0,0,0,1,0,1,0,"2369","Alabama","DeKalb",5
"26",0,0,0,0,0,0,1,0,0,0,0,0,0,0,1,0,1,0,"1549","Alabama","Elmore",3
"27",1,0,1,0,1,0,1,1,0,0,0,0,0,0,1,0,0,1,"2576","Alabama","Escambia",7
"28",0,0,0,0,0,0,1,0,0,0,0,0,0,0,0,0,0,0,"1248","Alabama","Etowah",1
"29",1,0,0,0,0,0,1,0,0,0,0,0,0,0,1,0,0,0,"113","Alabama","Fayette",3
"30",1,0,0,0,0,0,1,0,0,0,0,0,0,0,1,0,0,0,"41","Alabama","Franklin",3
"31",0,0,1,0,1,0,1,1,0,0,0,0,0,1,1,0,0,1,"104","Alabama","Geneva",7
"32",0,0,0,0,0,0,1,0,0,0,0,0,0,0,1,0,1,1,"2948","Alabama","Greene",4
"33",0,0,0,0,0,0,1,0,0,0,0,0,0,0,1,0,0,0,"2098","Alabama","Hale",2
"34",0,0,0,0,0,0,1,1,0,0,0,0,0,0,1,0,0,0,"2117","Alabama","Henry",3
"35",0,0,1,0,0,0,0,1,0,0,0,0,0,0,1,0,0,0,"1436","Alabama","Houston",3
"36",1,0,0,0,0,0,1,0,0,0,0,0,0,0,1,0,1,0,"2324","Alabama","Jackson",4
"37",1,0,0,0,0,0,1,0,0,0,0,0,0,0,0,0,0,0,"1864","Alabama","Jefferson",2
"38",0,0,0,0,0,0,1,0,0,0,0,0,0,0,1,0,1,0,"859","Alabama","Lamar",3
"39",0,0,0,0,0,0,1,0,0,0,0,0,0,0,1,0,1,0,"2583","Alabama","Lauderdale",3
"40",1,0,0,0,0,0,1,0,0,0,0,0,0,0,1,0,0,0,"1144","Alabama","Lawrence",3
"41",1,0,1,0,1,0,1,1,0,0,0,0,0,0,1,0,1,1,"1996","Alabama","Lee",8
"42",0,0,0,0,0,0,1,0,0,0,0,0,0,0,0,0,0,0,"1446","Alabama","Limestone",1
"43",0,0,0,0,0,0,1,0,0,0,0,0,0,0,1,0,1,0,"2657","Alabama","Lowndes",3
"44",0,0,0,0,0,0,1,0,0,0,0,0,0,0,1,0,0,1,"2730","Alabama","Macon",3
"45",0,0,0,0,0,0,1,0,0,0,0,0,0,0,1,0,0,0,"1926","Alabama","Madison",2
"46",0,0,0,0,0,0,1,0,0,0,0,0,0,0,1,0,0,1,"2859","Alabama","Marengo",3
"47",1,0,0,0,0,0,0,0,0,0,0,0,0,0,0,0,0,0,"2912","Alabama","Marion",1
"48",0,0,0,0,0,0,1,0,0,0,0,0,0,0,1,0,0,0,"1145","Alabama","Marshall",2
"49",1,1,1,0,1,0,0,1,0,0,0,0,0,1,1,0,0,1,"1955","Alabama","Mobile",8
"50",0,0,1,0,0,0,1,1,0,0,1,0,0,0,1,0,1,1,"581","Alabama","Monroe",7
"51",0,0,0,0,0,0,1,0,0,0,0,0,0,0,1,0,1,0,"2025","Alabama","Montgomery",3
"52",0,0,0,0,0,0,1,0,0,0,0,0,0,0,0,0,0,0,"794","Alabama","Morgan",1
"53",0,0,0,0,0,0,1,0,0,0,0,0,0,0,1,0,0,0,"2426","Alabama","Perry",2
"54",1,0,0,0,0,0,1,0,0,0,0,0,0,0,1,0,0,1,"2869","Alabama","Pickens",4
"55",1,0,1,0,1,0,1,1,0,0,0,0,0,0,1,0,0,0,"1823","Alabama","Pike",6
"56",0,0,0,0,0,0,0,0,0,0,0,0,0,0,0,0,1,0,"386","Alabama","Randolph",1
"57",0,0,1,0,0,0,1,1,0,0,0,0,0,0,1,0,0,0,"2885","Alabama","Russell",4
"58",1,0,0,0,0,0,1,0,0,0,0,0,0,0,0,0,0,0,"1386","Alabama","St. Clair",2
"59",0,0,0,0,0,0,1,0,0,0,0,0,0,0,0,0,0,0,"2842","Alabama","Shelby",1
"60",1,0,0,0,0,0,1,0,0,0,0,0,0,0,0,0,0,1,"1093","Alabama","Sumter",3
"61",0,0,0,0,0,0,1,0,0,0,0,0,0,0,0,0,1,0,"2308","Alabama","Talladega",2
"62",1,0,0,0,0,0,0,0,0,0,0,0,0,0,1,0,1,0,"558","Alabama","Tallapoosa",3
"63",1,0,0,0,0,0,1,0,0,0,0,0,0,0,1,0,1,1,"1600","Alabama","Tuscaloosa",5
"64",0,0,0,0,0,0,1,0,0,0,0,0,0,0,1,0,1,0,"2927","Alabama","Walker",3
"65",0,1,0,0,1,0,1,1,0,0,0,0,0,0,1,0,0,1,"2811","Alabama","Washington",6
"66",0,0,0,0,0,0,1,0,0,0,1,0,0,0,1,0,0,1,"2077","Alabama","Wilcox",4
"67",1,0,0,0,0,0,1,0,0,0,0,0,0,0,1,0,1,0,"1143","Alabama","Winston",4
"68",0,0,0,0,0,0,0,0,0,0,0,0,0,0,0,0,0,0,"2115","Alaska","Aleutians East",0
"69",0,0,0,0,0,0,0,0,0,0,0,0,0,0,0,0,0,0,"205","Alaska","Aleutians West",0
"70",0,0,0,0,0,0,0,0,0,0,0,0,0,0,0,0,0,0,"1078","Alaska","Anchorage",0
"71",0,0,0,0,0,0,0,0,0,0,0,0,0,0,0,0,0,0,"402","Alaska","Bethel",0
"72",0,0,0,0,0,0,0,0,0,0,0,0,0,0,0,0,0,0,"2122","Alaska","Bristol Bay",0
"73",0,0,0,0,0,0,0,0,0,0,0,0,0,0,0,0,0,0,"3054","Alaska","Denali",0
"74",0,0,0,0,0,0,0,0,0,0,0,0,0,0,0,0,0,0,"1383","Alaska","Dillingham",0
"75",0,0,0,0,0,0,0,0,0,0,0,0,0,0,0,0,0,0,"341","Alaska","Fairbanks North Star",0
"76",0,0,0,0,0,0,0,0,0,0,0,0,0,0,0,0,0,0,"11","Alaska","Haines",0
"77",0,0,0,0,0,0,0,0,0,0,0,0,0,0,0,0,0,0,"698","Alaska","Hoonah-Angoon",0
"78",0,0,0,0,0,0,0,0,0,0,0,0,0,0,0,0,0,0,"2113","Alaska","Juneau",0
"79",0,0,0,0,0,0,0,0,0,0,0,0,0,0,0,0,0,0,"3153","Alaska","Kenai Peninsula",0
"80",0,0,0,0,0,0,0,0,0,0,0,0,0,0,0,0,0,0,"406","Alaska","Ketchikan Gateway",0
"81",0,0,0,0,0,0,0,0,0,0,0,0,0,0,0,0,0,0,"2123","Alaska","Kodiak Island",0
"82",0,0,0,0,0,0,0,0,0,0,0,0,0,0,0,0,0,0,"571","Alaska","Kusilvak",0
"83",0,0,0,0,0,0,0,0,0,0,0,0,0,0,0,0,0,0,"251","Alaska","Lake and Peninsula",0
"84",0,0,0,0,0,0,0,0,0,0,0,0,0,0,0,0,0,0,"2325","Alaska","Matanuska-Susitna",0
"85",0,0,0,0,0,0,0,0,0,0,0,0,0,0,0,0,0,0,"348","Alaska","Nome",0
"86",0,0,0,0,0,0,0,0,0,0,0,0,0,0,0,0,0,0,"538","Alaska","North Slope",0
"87",0,0,0,0,0,0,0,0,0,0,0,0,0,0,0,0,0,0,"621","Alaska","Northwest Arctic",0
"88",0,0,0,0,0,0,0,0,0,0,0,0,0,0,0,0,0,0,"223","Alaska","Petersburg",0
"89",0,0,0,0,0,0,0,0,0,0,0,0,0,0,0,0,0,0,"764","Alaska","Prince of Wales-Hyder",0
"90",0,0,0,0,0,0,0,0,0,0,0,0,0,0,0,0,0,0,"671","Alaska","Sitka",0
"91",0,0,0,0,0,0,0,0,0,0,0,0,0,0,0,0,0,0,"429","Alaska","Skagway",0
"92",0,0,0,0,0,0,0,0,0,0,0,0,0,0,0,0,0,0,"507","Alaska","Southeast Fairbanks",0
"93",0,0,0,0,0,0,0,0,0,0,0,0,0,0,0,0,0,0,"773","Alaska","Valdez-Cordova",0
"94",0,0,0,0,0,0,0,0,0,0,0,0,0,0,0,0,0,0,"163","Alaska","Wrangell",0
"95",0,0,0,0,0,0,0,0,0,0,0,0,0,0,0,0,0,0,"2294","Alaska","Yakutat",0
"96",0,0,0,0,0,0,0,0,0,0,0,0,0,0,0,0,0,0,"780","Alaska","Yukon-Koyukuk",0
"97",0,0,0,0,0,0,0,0,0,0,0,0,0,0,0,0,0,0,"2233","Arizona","Apache",0
"98",0,0,0,0,0,0,0,0,0,0,0,0,0,0,0,0,0,0,"2554","Arizona","Cochise",0
"99",0,0,0,0,0,0,0,0,0,0,0,0,0,0,0,0,0,0,"618","Arizona","Coconino",0
"100",0,0,0,0,0,0,0,0,0,0,0,0,0,0,0,0,0,0,"809","Arizona","Gila",0
"101",0,0,0,0,0,0,0,0,0,0,0,0,0,0,0,0,0,0,"3194","Arizona","Graham",0
"102",0,0,0,0,0,0,0,0,0,0,0,0,0,0,0,0,0,0,"1130","Arizona","Greenlee",0
"103",0,0,0,0,0,0,0,0,0,0,0,0,0,0,0,0,0,0,"281","Arizona","La Paz",0
"104",0,0,0,0,0,0,0,0,0,0,0,0,0,0,0,0,0,0,"2983","Arizona","Maricopa",0
"105",0,0,0,0,0,0,0,0,0,0,0,0,0,0,0,0,0,0,"12","Arizona","Mohave",0
"106",0,0,0,0,0,0,0,0,0,0,0,0,0,0,0,0,0,0,"1131","Arizona","Navajo",0
"107",0,0,0,0,0,0,0,0,0,0,0,0,0,0,0,0,0,0,"860","Arizona","Pima",0
"108",0,0,0,0,0,0,0,0,0,0,0,0,0,0,0,0,0,0,"1496","Arizona","Pinal",0
"109",0,0,0,0,0,0,0,0,0,0,0,0,0,0,0,0,0,0,"2293","Arizona","Santa Cruz",0
"110",0,0,0,0,0,0,0,0,0,0,0,0,0,0,0,0,0,0,"1184","Arizona","Yavapai",0
"111",0,0,0,0,0,0,0,0,0,0,0,0,0,0,0,0,0,0,"1447","Arizona","Yuma",0
"112",0,0,0,0,0,0,1,0,0,0,0,0,0,0,1,0,0,0,"2494","Arkansas","Arkansas",2
"113",1,0,0,0,0,0,1,0,0,0,0,0,0,0,1,0,1,0,"1132","Arkansas","Ashley",4
"114",0,0,0,0,0,0,1,0,0,0,0,0,0,0,0,0,0,0,"2259","Arkansas","Baxter",1
"115",0,0,0,0,0,0,1,0,0,0,0,0,0,0,0,0,0,0,"984","Arkansas","Benton",1
"116",0,0,0,0,0,0,1,0,0,0,0,0,0,0,0,0,0,0,"1617","Arkansas","Boone",1
"117",0,0,0,0,0,0,1,0,0,0,0,0,0,0,1,0,0,0,"1779","Arkansas","Bradley",2
"118",0,0,0,0,0,0,1,0,0,0,0,0,0,0,1,0,0,0,"2599","Arkansas","Calhoun",2
"119",0,0,0,0,0,0,1,0,0,0,0,0,0,0,0,0,0,0,"2350","Arkansas","Carroll",1
"120",0,0,0,0,0,0,1,0,0,0,0,0,0,0,1,0,0,0,"1989","Arkansas","Chicot",2
"121",1,0,0,0,0,0,1,0,0,0,0,0,0,0,1,0,0,1,"2776","Arkansas","Clark",4
"122",0,0,0,0,0,0,1,0,0,0,0,0,0,0,1,0,0,0,"993","Arkansas","Clay",2
"123",0,0,0,0,0,0,1,0,0,0,0,0,0,0,0,0,0,0,"820","Arkansas","Cleburne",1
"124",0,0,0,0,0,0,1,0,0,0,0,0,0,0,1,0,0,0,"730","Arkansas","Cleveland",2
"125",0,0,0,0,0,0,1,0,0,0,0,0,0,0,1,0,0,0,"1827","Arkansas","Columbia",2
"126",1,0,0,0,0,0,1,0,0,0,0,0,0,0,1,0,0,0,"1833","Arkansas","Conway",3
"127",0,0,0,0,0,0,1,0,0,0,0,0,0,0,1,0,0,0,"2808","Arkansas","Craighead",2
"128",0,0,0,0,0,0,1,0,0,0,0,0,0,0,0,0,0,0,"2735","Arkansas","Crawford",1
"129",0,0,0,0,0,0,1,0,0,0,0,0,0,0,1,0,0,0,"2841","Arkansas","Crittenden",2
"130",0,0,0,0,0,0,1,0,0,0,0,0,0,0,1,0,0,0,"50","Arkansas","Cross",2
"131",0,0,0,0,0,0,1,0,0,0,0,0,0,0,1,0,0,0,"3190","Arkansas","Dallas",2
"132",1,0,0,0,0,0,1,0,0,0,0,0,0,0,1,0,0,0,"2473","Arkansas","Desha",3
"133",0,0,0,0,0,0,1,0,0,0,0,0,0,0,1,0,0,1,"2873","Arkansas","Drew",3
"134",1,0,0,0,0,0,1,0,0,0,0,0,0,0,0,0,1,0,"164","Arkansas","Faulkner",3
"135",0,0,0,0,0,0,1,0,0,0,0,0,0,0,0,0,0,0,"2933","Arkansas","Franklin",1
"136",0,0,0,0,0,0,1,0,0,0,0,0,0,0,0,0,0,0,"2264","Arkansas","Fulton",1
"137",1,0,0,0,0,0,1,0,0,0,1,0,0,0,1,0,0,1,"20","Arkansas","Garland",5
"138",0,0,0,0,0,0,1,0,0,0,0,0,0,0,1,0,0,0,"231","Arkansas","Grant",2
"139",0,0,0,0,0,0,1,0,0,0,0,0,0,0,1,0,0,0,"1510","Arkansas","Greene",2
"140",1,0,0,0,0,0,1,0,0,0,0,0,0,0,1,0,0,1,"2413","Arkansas","Hempstead",4
"141",0,0,0,0,0,0,1,0,0,0,0,0,0,0,1,0,0,1,"1146","Arkansas","Hot Spring",3
"142",0,0,0,0,0,0,1,0,0,0,0,0,0,0,1,0,0,0,"2389","Arkansas","Howard",2
"143",1,0,0,0,0,0,1,0,0,0,0,0,0,0,0,0,1,0,"2718","Arkansas","Independence",3
"144",1,0,0,0,0,0,1,0,0,0,0,0,0,0,0,0,0,0,"1536","Arkansas","Izard",2
"145",0,0,0,0,0,0,1,0,0,0,0,0,0,0,0,0,0,0,"1284","Arkansas","Jackson",1
"146",0,0,0,0,0,0,1,0,0,0,0,0,0,0,1,0,0,0,"2295","Arkansas","Jefferson",2
"147",1,0,0,0,0,0,1,0,0,0,0,0,0,0,1,0,0,0,"2936","Arkansas","Johnson",3
"148",0,0,0,0,0,0,1,0,0,0,0,0,0,0,1,0,0,0,"2004","Arkansas","Lafayette",2
"149",0,0,0,0,0,0,1,0,0,0,0,0,0,0,0,0,0,0,"2623","Arkansas","Lawrence",1
"150",0,0,0,0,0,0,1,0,0,0,0,0,0,0,1,0,0,0,"3063","Arkansas","Lee",2
"151",0,0,0,0,0,0,1,0,0,0,0,0,0,0,1,0,0,0,"2329","Arkansas","Lincoln",2
"152",0,0,0,0,0,0,1,0,0,0,0,0,0,0,1,0,0,0,"2399","Arkansas","Little River",2
"153",1,0,0,0,0,0,1,0,0,0,0,0,0,0,0,0,0,0,"2400","Arkansas","Logan",2
"154",0,0,0,0,0,0,1,0,0,0,0,0,0,0,1,0,0,0,"729","Arkansas","Lonoke",2
"155",0,0,0,0,0,0,1,0,0,0,0,0,0,0,0,0,0,0,"995","Arkansas","Madison",1
"156",1,0,0,0,0,0,1,0,0,0,0,0,0,0,0,0,0,0,"2045","Arkansas","Marion",2
"157",0,0,0,0,0,0,1,0,0,0,0,0,0,0,1,0,0,0,"2594","Arkansas","Miller",2
"158",0,0,0,0,0,0,1,0,0,0,0,0,0,0,1,0,0,0,"3029","Arkansas","Mississippi",2
"159",0,0,0,0,0,0,1,0,0,0,0,0,0,0,1,0,0,0,"2427","Arkansas","Monroe",2
"160",1,0,0,0,0,0,1,0,0,0,1,0,0,0,1,0,0,1,"302","Arkansas","Montgomery",5
"161",0,0,0,0,0,0,1,0,0,0,0,0,0,0,1,0,0,0,"1208","Arkansas","Nevada",2
"162",1,0,0,0,0,0,1,0,0,0,0,0,0,0,0,0,0,0,"2951","Arkansas","Newton",2
"163",1,0,0,0,0,0,1,0,0,0,0,0,0,0,1,0,0,0,"3078","Arkansas","Ouachita",3
"164",0,0,0,0,0,0,1,0,0,0,0,0,0,0,1,0,0,0,"1209","Arkansas","Perry",2
"165",0,0,0,0,0,0,1,0,0,0,0,0,0,0,1,0,0,0,"2521","Arkansas","Phillips",2
"166",1,0,0,0,0,0,1,0,0,0,1,0,0,0,1,0,0,1,"2835","Arkansas","Pike",5
"167",0,0,0,0,0,0,1,0,0,0,0,0,0,0,1,0,1,0,"2311","Arkansas","Poinsett",3
"168",1,0,0,0,0,0,1,0,0,0,1,0,0,0,1,0,0,1,"2749","Arkansas","Polk",5
"169",1,0,0,0,0,0,1,0,0,0,0,0,0,0,0,0,0,0,"2219","Arkansas","Pope",2
"170",0,0,0,0,0,0,1,0,0,0,0,0,0,0,0,0,0,0,"2944","Arkansas","Prairie",1
"171",0,0,0,0,0,0,1,0,0,0,0,0,0,0,1,0,1,1,"2719","Arkansas","Pulaski",4
"172",0,0,0,0,0,0,1,0,0,0,0,0,0,0,0,0,0,0,"2258","Arkansas","Randolph",1
"173",0,0,0,0,0,0,1,0,0,0,0,0,0,0,1,0,0,0,"2114","Arkansas","St. Francis",2
"174",1,0,0,0,0,0,1,0,0,0,0,0,0,0,1,0,1,0,"2492","Arkansas","Saline",4
"175",0,0,0,0,0,0,1,0,0,0,0,0,0,0,1,0,0,0,"1243","Arkansas","Scott",2
"176",0,0,0,0,0,0,1,0,0,0,0,0,0,0,0,0,0,0,"1601","Arkansas","Searcy",1
"177",0,0,0,0,0,0,1,0,0,0,0,0,0,0,0,0,0,0,"2177","Arkansas","Sebastian",1
"178",0,0,0,0,0,0,1,0,0,0,0,0,0,0,1,0,0,1,"3105","Arkansas","Sevier",3
"179",0,0,0,0,0,0,1,0,0,0,0,0,0,0,0,0,0,0,"2138","Arkansas","Sharp",1
"180",1,0,0,0,0,0,1,0,0,0,0,0,0,0,0,0,0,0,"1602","Arkansas","Stone",2
"181",1,0,0,0,0,0,1,0,0,0,0,0,0,0,1,0,0,0,"826","Arkansas","Union",3
"182",0,0,0,0,0,0,1,0,0,0,0,0,0,0,0,0,0,0,"846","Arkansas","Van Buren",1
"183",0,0,0,0,0,0,1,0,0,0,0,0,0,0,0,0,0,0,"1242","Arkansas","Washington",1
"184",0,0,0,0,0,0,1,0,0,0,0,0,0,0,0,0,0,0,"2515","Arkansas","White",1
"185",0,0,0,0,0,0,1,0,0,0,0,0,0,0,0,0,0,0,"1634","Arkansas","Woodruff",1
"186",0,0,0,0,0,0,1,0,0,0,0,0,0,0,0,0,0,0,"994","Arkansas","Yell",1
"187",0,0,0,0,0,0,0,0,0,0,0,0,0,0,0,0,0,0,"1715","California","Alameda",0
"188",0,0,0,0,0,0,0,0,0,0,0,0,0,0,0,0,0,0,"1","California","Alpine",0
"189",0,0,0,0,0,0,0,0,0,0,0,0,0,0,0,0,0,0,"723","California","Amador",0
"190",0,0,0,0,0,0,0,0,0,0,0,0,0,0,0,0,0,0,"2051","California","Butte",0
"191",0,0,0,0,0,0,0,0,0,0,0,0,0,0,0,0,0,0,"1065","California","Calaveras",0
"192",0,0,0,0,0,0,0,0,0,0,0,0,0,0,0,0,0,0,"1590","California","Colusa",0
"193",0,0,0,0,0,0,0,0,0,0,0,0,0,0,0,0,0,0,"1723","California","Contra Costa",0
"194",0,0,0,0,0,0,0,0,0,0,0,0,0,0,0,0,0,0,"2208","California","Del Norte",0
"195",0,0,0,0,0,0,0,0,0,0,0,0,0,0,0,0,0,0,"187","California","El Dorado",0
"196",0,0,0,0,0,0,0,0,0,0,0,0,0,0,0,0,0,0,"1761","California","Fresno",0
"197",0,0,0,0,0,0,0,0,0,0,0,0,0,0,0,0,0,0,"1285","California","Glenn",0
"198",0,0,0,0,0,0,0,0,0,0,0,0,0,0,0,0,0,0,"2544","California","Humboldt",0
"199",0,0,0,0,0,0,0,0,0,0,0,0,0,0,0,0,0,0,"2631","California","Imperial",0
"200",0,0,0,0,0,0,0,0,0,0,0,0,0,0,0,0,0,0,"1133","California","Inyo",0
"201",0,0,0,0,0,0,0,0,0,0,0,0,0,0,0,0,0,0,"2693","California","Kern",0
"202",0,0,0,0,0,0,0,0,0,0,0,0,0,0,0,0,0,0,"2249","California","Kings",0
"203",0,0,0,0,0,0,0,0,0,0,0,0,0,0,0,0,0,0,"2167","California","Lake",0
"204",0,0,0,0,0,0,0,0,0,0,0,0,0,0,0,0,0,0,"2976","California","Lassen",0
"205",0,0,0,0,0,0,0,0,0,0,0,0,0,0,0,0,0,0,"1186","California","Los Angeles",0
"206",0,0,0,0,0,0,0,0,0,0,0,0,0,0,0,0,0,0,"1249","California","Madera",0
"207",0,0,0,0,0,0,0,0,0,0,0,0,0,0,0,0,0,0,"1998","California","Marin",0
"208",0,0,0,0,0,0,0,0,0,0,0,0,0,0,0,0,0,0,"1077","California","Mariposa",0
"209",0,0,0,0,0,0,0,0,0,0,0,0,0,0,0,0,0,0,"2250","California","Mendocino",0
"210",0,0,0,0,0,0,0,0,0,0,0,0,0,0,0,0,0,0,"1141","California","Merced",0
"211",0,0,0,0,0,0,0,0,0,0,0,0,0,0,0,0,0,0,"2731","California","Modoc",0
"212",0,0,0,0,0,0,0,0,0,0,0,0,0,0,0,0,0,0,"2358","California","Mono",0
"213",0,0,0,0,0,0,0,0,0,0,0,0,0,0,0,0,0,0,"306","California","Monterey",0
"214",0,0,0,0,0,0,0,0,0,0,0,0,0,0,0,0,0,0,"1965","California","Napa",0
"215",0,0,0,0,0,0,0,0,0,0,0,0,0,0,0,0,0,0,"515","California","Nevada",0
"216",0,0,0,0,0,0,0,0,0,0,0,0,0,0,0,0,0,0,"1273","California","Orange",0
"217",0,0,0,0,0,0,0,0,0,0,0,0,0,0,0,0,0,0,"1064","California","Placer",0
"218",0,0,0,0,0,0,0,0,0,0,0,0,0,0,0,0,0,0,"1941","California","Plumas",0
"219",0,0,0,0,0,0,0,0,0,0,0,0,0,0,0,0,0,0,"2705","California","Riverside",0
"220",0,0,0,0,0,0,0,0,0,0,0,0,0,0,0,0,0,0,"2212","California","Sacramento",0
"221",0,0,0,0,0,0,0,0,0,0,0,0,0,0,0,0,0,0,"114","California","San Benito",0
"222",0,0,0,0,0,0,0,0,0,0,0,0,0,0,0,0,0,0,"703","California","San Bernardino",0
"223",0,0,0,0,0,0,0,0,0,0,0,0,0,0,0,0,0,0,"2671","California","San Diego",0
"224",0,0,0,0,0,0,0,0,0,0,0,0,0,0,0,0,0,0,"3004","California","San Francisco",0
"225",0,0,0,0,0,0,0,0,0,0,0,0,0,0,0,0,0,0,"1793","California","San Joaquin",0
"226",0,0,0,0,0,0,0,0,0,0,0,0,0,0,0,0,0,0,"776","California","San Luis Obispo",0
"227",0,0,0,0,0,0,0,0,0,0,0,0,0,0,0,0,0,0,"2955","California","San Mateo",0
"228",0,0,0,0,0,0,0,0,0,0,0,0,0,0,0,0,0,0,"2608","California","Santa Barbara",0
"229",0,0,0,0,0,0,0,0,0,0,0,0,0,0,0,0,0,0,"2760","California","Santa Clara",0
"230",0,0,0,0,0,0,0,0,0,0,0,0,0,0,0,0,0,0,"861","California","Santa Cruz",0
"231",0,0,0,0,0,0,0,0,0,0,0,0,0,0,0,0,0,0,"844","California","Shasta",0
"232",0,0,0,0,0,0,0,0,0,0,0,0,0,0,0,0,0,0,"155","California","Sierra",0
"233",0,0,0,0,0,0,0,0,0,0,0,0,0,0,0,0,0,0,"1396","California","Siskiyou",0
"234",0,0,0,0,0,0,0,0,0,0,0,0,0,0,0,0,0,0,"1895","California","Solano",0
"235",0,0,0,0,0,0,0,0,0,0,0,0,0,0,0,0,0,0,"2096","California","Sonoma",0
"236",0,0,0,0,0,0,0,0,0,0,0,0,0,0,0,0,0,0,"1743","California","Stanislaus",0
"237",0,0,0,0,0,0,0,0,0,0,0,0,0,0,0,0,0,0,"2024","California","Sutter",0
"238",0,0,0,0,0,0,0,0,0,0,0,0,0,0,0,0,0,0,"51","California","Tehama",0
"239",0,0,0,0,0,0,0,0,0,0,0,0,0,0,0,0,0,0,"52","California","Trinity",0
"240",0,0,0,0,0,0,0,0,0,0,0,0,0,0,0,0,0,0,"1776","California","Tulare",0
"241",0,0,0,0,0,0,0,0,0,0,0,0,0,0,0,0,0,0,"21","California","Tuolumne",0
"242",0,0,0,0,0,0,0,0,0,0,0,0,0,0,0,0,0,0,"985","California","Ventura",0
"243",0,0,0,0,0,0,0,0,0,0,0,0,0,0,0,0,0,0,"1603","California","Yolo",0
"244",0,0,0,0,0,0,0,0,0,0,0,0,0,0,0,0,0,0,"2220","California","Yuba",0
"245",0,0,0,0,0,0,0,0,0,0,0,0,0,0,0,0,0,0,"1995","Colorado","Adams",0
"246",0,0,0,0,0,0,0,0,0,0,0,0,0,0,0,0,0,0,"596","Colorado","Alamosa",0
"247",0,0,0,0,0,0,0,0,0,0,0,0,0,0,0,0,0,0,"1250","Colorado","Arapahoe",0
"248",0,0,0,0,0,0,0,0,0,0,0,0,0,0,0,0,0,0,"125","Colorado","Archuleta",0
"249",0,0,0,0,0,0,0,0,0,0,0,0,0,0,0,0,0,0,"3227","Colorado","Baca",0
"250",0,0,0,0,0,0,0,0,0,0,0,0,0,0,0,0,0,0,"996","Colorado","Bent",0
"251",0,0,0,0,0,0,0,0,0,0,0,0,0,0,0,0,0,0,"2221","Colorado","Boulder",0
"252",0,0,0,0,0,0,0,0,0,0,0,0,0,0,0,0,0,0,"2750","Colorado","Broomfield",0
"253",0,0,0,0,0,0,0,0,0,0,0,0,0,0,0,0,0,0,"2303","Colorado","Chaffee",0
"254",0,0,0,0,0,0,0,0,0,0,0,0,0,0,0,0,0,0,"105","Colorado","Cheyenne",0
"255",0,0,0,0,0,0,0,0,0,0,0,0,0,0,0,0,0,0,"2695","Colorado","Clear Creek",0
"256",0,0,0,0,0,0,0,0,0,0,0,0,0,0,0,0,0,0,"2359","Colorado","Conejos",0
"257",0,0,0,0,0,0,0,0,0,0,0,0,0,0,0,0,0,0,"1244","Colorado","Costilla",0
"258",0,0,0,0,0,0,0,0,0,0,0,0,0,0,0,0,0,0,"3062","Colorado","Crowley",0
"259",0,0,0,0,0,0,0,0,0,0,0,0,0,0,0,0,0,0,"2270","Colorado","Custer",0
"260",0,0,0,0,0,0,0,0,0,0,0,0,0,0,0,0,0,0,"1547","Colorado","Delta",0
"261",0,0,0,0,0,0,0,0,0,0,0,0,0,0,0,0,0,0,"731","Colorado","Denver",0
"262",0,0,0,0,0,0,0,0,0,0,0,0,0,0,0,0,0,0,"1203","Colorado","Dolores",0
"263",0,0,0,0,0,0,0,0,0,0,0,0,0,0,0,0,0,0,"2357","Colorado","Douglas",0
"264",0,0,0,0,0,0,0,0,0,0,0,0,0,0,0,0,0,0,"1573","Colorado","Eagle",0
"265",0,0,0,0,0,0,0,0,0,0,0,0,0,0,0,0,0,0,"2001","Colorado","Elbert",0
"266",0,0,0,0,0,0,0,0,0,0,0,0,0,0,0,0,0,0,"2010","Colorado","El Paso",0
"267",0,0,0,0,0,0,0,0,0,0,0,0,0,0,0,0,0,0,"2326","Colorado","Fremont",0
"268",0,0,0,0,0,0,0,0,0,0,0,0,0,0,0,0,0,0,"2831","Colorado","Garfield",0
"269",0,0,0,0,0,0,0,0,0,0,0,0,0,0,0,0,0,0,"2328","Colorado","Gilpin",0
"270",0,0,0,0,0,0,0,0,0,0,0,0,0,0,0,0,0,0,"997","Colorado","Grand",0
"271",0,0,0,0,0,0,0,0,0,0,0,0,0,0,0,0,0,0,"3072","Colorado","Gunnison",0
"272",0,0,0,0,0,0,0,0,0,0,0,0,0,0,0,0,0,0,"2833","Colorado","Hinsdale",0
"273",0,0,0,0,0,0,0,0,0,0,0,0,0,0,0,0,0,0,"1276","Colorado","Huerfano",0
"274",0,0,0,0,0,0,0,0,0,0,0,0,0,0,0,0,0,0,"42","Colorado","Jackson",0
"275",0,0,0,0,0,0,0,0,0,0,0,0,0,0,0,0,0,0,"2486","Colorado","Jefferson",0
"276",0,0,0,0,0,0,0,0,0,0,0,0,0,0,0,0,0,0,"2817","Colorado","Kiowa",0
"277",0,0,0,0,0,0,0,0,0,0,0,0,0,0,0,0,0,0,"831","Colorado","Kit Carson",0
"278",0,0,0,0,0,0,0,0,0,0,0,0,0,0,0,0,0,0,"2222","Colorado","Lake",0
"279",0,0,0,0,0,0,0,0,0,0,0,0,0,0,0,0,0,0,"1347","Colorado","La Plata",0
"280",0,0,0,0,0,0,0,0,0,0,0,0,0,0,0,0,0,0,"3119","Colorado","Larimer",0
"281",0,0,0,0,0,0,0,0,0,0,0,0,0,0,0,0,0,0,"3101","Colorado","Las Animas",0
"282",0,0,0,0,0,0,0,0,0,0,0,0,0,0,0,0,0,0,"2065","Colorado","Lincoln",0
"283",0,0,0,0,0,0,0,0,0,0,0,0,0,0,0,0,0,0,"3195","Colorado","Logan",0
"284",0,0,0,0,0,0,0,0,0,0,0,0,0,0,0,0,0,0,"1980","Colorado","Mesa",0
"285",0,0,0,0,0,0,0,0,0,0,0,0,0,0,0,0,0,0,"1147","Colorado","Mineral",0
"286",0,0,0,0,0,0,0,0,0,0,0,0,0,0,0,0,0,0,"2005","Colorado","Moffat",0
"287",0,0,0,0,0,0,0,0,0,0,0,0,0,0,0,0,0,0,"2360","Colorado","Montezuma",0
"288",0,0,0,0,0,0,0,0,0,0,0,0,0,0,0,0,0,0,"2017","Colorado","Montrose",0
"289",0,0,0,0,0,0,0,0,0,0,0,0,0,0,0,0,0,0,"327","Colorado","Morgan",0
"290",0,0,0,0,0,0,0,0,0,0,0,0,0,0,0,0,0,0,"732","Colorado","Otero",0
"291",0,0,0,0,0,0,0,0,0,0,0,0,0,0,0,0,0,0,"1560","Colorado","Ouray",0
"292",0,0,0,0,0,0,0,0,0,0,0,0,0,0,0,0,0,0,"2836","Colorado","Park",0
"293",0,0,0,0,0,0,0,0,0,0,0,0,0,0,0,0,0,0,"321","Colorado","Phillips",0
"294",0,0,0,0,0,0,0,0,0,0,0,0,0,0,0,0,0,0,"2857","Colorado","Pitkin",0
"295",0,0,0,0,0,0,0,0,0,0,0,0,0,0,0,0,0,0,"323","Colorado","Prowers",0
"296",0,0,0,0,0,0,0,0,0,0,0,0,0,0,0,0,0,0,"638","Colorado","Pueblo",0
"297",0,0,0,0,0,0,0,0,0,0,0,0,0,0,0,0,0,0,"802","Colorado","Rio Blanco",0
"298",0,0,0,0,0,0,0,0,0,0,0,0,0,0,0,0,0,0,"1869","Colorado","Rio Grande",0
"299",0,0,0,0,0,0,0,0,0,0,0,0,0,0,0,0,0,0,"1614","Colorado","Routt",0
"300",0,0,0,0,0,0,0,0,0,0,0,0,0,0,0,0,0,0,"2322","Colorado","Saguache",0
"301",0,0,0,0,0,0,0,0,0,0,0,0,0,0,0,0,0,0,"3008","Colorado","San Juan",0
"302",0,0,0,0,0,0,0,0,0,0,0,0,0,0,0,0,0,0,"1001","Colorado","San Miguel",0
"303",0,0,0,0,0,0,0,0,0,0,0,0,0,0,0,0,0,0,"1914","Colorado","Sedgwick",0
"304",0,0,0,0,0,0,0,0,0,0,0,0,0,0,0,0,0,0,"1259","Colorado","Summit",0
"305",0,0,0,0,0,0,0,0,0,0,0,0,0,0,0,0,0,0,"848","Colorado","Teller",0
"306",0,0,0,0,0,0,0,0,0,0,0,0,0,0,0,0,0,0,"299","Colorado","Washington",0
"307",0,0,0,0,0,0,0,0,0,0,0,0,0,0,0,0,0,0,"2818","Colorado","Weld",0
"308",0,0,0,0,0,0,0,0,0,0,0,0,0,0,0,0,0,0,"1245","Colorado","Yuma",0
"309",0,0,0,0,0,0,0,0,0,1,0,0,1,0,1,0,1,0,"2290","Connecticut","Fairfield",4
"310",0,0,0,0,0,0,0,0,0,1,0,0,1,0,0,0,1,0,"2595","Connecticut","Hartford",3
"311",0,0,0,0,0,0,0,0,0,1,0,0,1,0,0,0,1,0,"1434","Connecticut","Litchfield",3
"312",0,0,0,0,0,0,0,0,0,0,0,0,1,0,0,0,1,0,"1391","Connecticut","Middlesex",2
"313",0,0,0,0,0,0,0,0,0,1,0,0,1,0,0,0,1,0,"2344","Connecticut","New Haven",3
"314",0,0,0,0,0,0,0,1,0,1,0,1,1,0,0,0,1,0,"2952","Connecticut","New London",5
"315",0,0,0,0,0,0,0,0,0,1,0,0,1,0,0,0,1,0,"1274","Connecticut","Tolland",3
"316",0,0,0,0,0,0,0,0,0,0,0,0,1,0,0,0,1,0,"2463","Connecticut","Windham",2
"317",0,0,0,0,0,0,0,0,0,1,0,0,0,0,1,0,0,0,"1987","Delaware","Kent",2
"318",0,0,0,0,0,0,0,0,0,1,0,0,0,0,1,0,1,0,"1134","Delaware","New Castle",3
"319",0,0,0,0,0,0,0,1,0,0,0,0,0,0,0,0,0,0,"2605","Delaware","Sussex",1
"320",0,0,0,0,0,0,1,0,0,1,0,0,0,0,1,0,1,0,"1374","District of Columbia","District of Columbia",4
"321",1,0,1,0,1,0,1,1,0,0,0,0,0,1,1,0,0,1,"3229","Florida","Alachua",8
"322",0,0,1,0,1,0,0,1,0,0,0,0,0,1,1,1,0,1,"1920","Florida","Baker",7
"323",1,0,1,0,1,0,0,1,0,0,0,0,0,1,1,0,0,1,"2701","Florida","Bay",7
"324",0,0,0,0,0,0,0,1,0,0,0,0,0,1,1,0,0,0,"2414","Florida","Bradford",3
"325",1,0,1,0,0,0,0,1,0,0,0,0,0,0,0,0,0,1,"1258","Florida","Brevard",4
"326",0,0,1,0,0,0,0,1,0,0,0,0,0,0,0,0,0,0,"1871","Florida","Broward",2
"327",1,0,0,0,1,0,1,1,0,0,0,0,0,1,1,0,0,0,"1735","Florida","Calhoun",6
"328",0,0,1,0,0,0,0,1,0,0,0,0,0,0,0,0,0,0,"765","Florida","Charlotte",2
"329",1,0,1,0,0,0,1,1,0,0,0,0,0,0,1,0,0,1,"2753","Florida","Citrus",6
"330",1,0,1,0,1,0,0,1,0,0,0,0,0,1,1,1,0,1,"2809","Florida","Clay",8
"331",0,0,1,0,0,0,0,1,0,0,0,0,0,0,0,0,0,0,"2679","Florida","Collier",2
"332",1,0,1,0,1,0,1,1,0,0,0,0,0,1,1,0,0,0,"1908","Florida","Columbia",7
"333",1,0,1,0,0,0,1,1,0,0,0,0,0,0,1,1,0,0,"308","Florida","DeSoto",6
"334",0,0,1,0,1,0,1,1,0,0,0,0,0,0,1,0,0,1,"1921","Florida","Dixie",6
"335",1,0,1,0,0,0,0,1,0,0,0,0,0,1,1,0,0,1,"3087","Florida","Duval",6
"336",1,1,1,0,1,0,1,1,0,0,0,0,0,1,1,0,1,1,"2","Florida","Escambia",10
"337",1,0,1,0,0,0,0,1,0,0,0,0,0,0,1,1,0,1,"2474","Florida","Flagler",6
"338",1,0,1,0,1,0,1,1,0,0,0,0,0,1,1,0,0,1,"992","Florida","Franklin",8
"339",1,0,0,0,1,0,1,1,0,0,0,0,0,1,1,0,0,1,"2882","Florida","Gadsden",7
"340",0,0,1,0,1,0,1,1,0,0,0,0,0,0,1,0,0,0,"3046","Florida","Gilchrist",5
"341",0,0,1,0,0,0,0,1,0,0,0,0,0,0,0,0,0,0,"2179","Florida","Glades",2
"342",1,0,1,0,1,0,0,1,0,0,0,0,0,1,1,0,0,1,"2475","Florida","Gulf",7
"343",1,0,1,0,1,0,1,1,0,0,0,0,0,0,1,0,0,0,"2160","Florida","Hamilton",6
"344",1,0,1,0,0,0,1,1,0,0,0,0,0,0,0,0,0,0,"878","Florida","Hardee",4
"345",0,0,1,0,0,0,0,1,0,0,0,0,0,0,0,0,0,0,"842","Florida","Hendry",2
"346",1,0,1,0,1,0,0,1,0,0,0,0,0,0,1,0,0,1,"2248","Florida","Hernando",6
"347",1,0,1,0,0,0,0,1,0,0,0,0,0,0,1,1,0,1,"2394","Florida","Highlands",6
"348",1,0,1,0,0,0,0,1,0,0,0,0,0,0,1,1,0,1,"1937","Florida","Hillsborough",6
"349",1,1,0,0,0,0,1,1,0,0,0,0,0,1,0,0,1,1,"597","Florida","Holmes",7
"350",1,0,1,0,0,0,0,1,0,0,0,0,0,0,0,0,0,0,"2176","Florida","Indian River",3
"351",1,1,1,0,1,0,1,1,0,0,1,0,0,1,1,0,0,1,"2555","Florida","Jackson",10
"352",0,0,1,0,1,0,1,1,0,0,0,0,0,1,1,0,0,1,"2147","Florida","Jefferson",7
"353",1,0,1,0,1,0,1,1,0,0,0,0,0,1,1,0,0,0,"2310","Florida","Lafayette",7
"354",1,0,1,0,1,0,0,1,0,0,0,0,0,0,1,1,0,0,"980","Florida","Lake",6
"355",1,0,1,0,0,0,0,1,0,0,0,0,0,0,1,0,0,0,"2489","Florida","Lee",4
"356",1,0,1,0,1,0,1,1,0,0,1,0,0,1,1,0,0,0,"862","Florida","Leon",8
"357",1,0,1,0,1,0,1,1,0,0,0,0,0,0,1,0,0,1,"2166","Florida","Levy",7
"358",1,1,0,0,1,0,1,1,0,0,1,0,0,1,1,0,1,1,"1400","Florida","Liberty",10
"359",0,0,0,0,0,0,1,1,0,0,0,0,0,1,0,0,0,0,"2154","Florida","Madison",3
"360",1,0,1,0,0,0,1,1,0,0,0,0,0,0,1,1,0,1,"2972","Florida","Manatee",7
"361",1,0,1,0,1,0,1,1,0,0,0,0,0,0,1,1,0,1,"2872","Florida","Marion",8
"362",1,0,1,0,0,0,0,1,0,0,0,0,0,0,0,0,0,0,"2619","Florida","Martin",3
"363",0,0,1,0,0,0,0,1,1,0,0,0,0,0,0,0,0,0,"1893","Florida","Miami-Dade",3
"364",0,0,1,0,0,0,0,1,0,0,0,0,0,0,0,0,0,0,"2298","Florida","Monroe",2
"365",1,0,1,0,1,0,0,1,0,0,0,0,0,1,0,0,0,1,"2495","Florida","Nassau",6
"366",1,1,1,0,1,0,1,1,0,0,0,0,0,1,1,0,1,1,"1246","Florida","Okaloosa",10
"367",0,0,1,0,0,0,0,1,0,0,0,0,0,0,0,0,0,0,"2666","Florida","Okeechobee",2
"368",1,0,1,0,1,0,0,1,0,0,0,0,0,1,1,1,0,0,"3109","Florida","Orange",7
"369",1,0,1,0,0,0,0,1,0,0,0,0,0,0,0,0,0,0,"2994","Florida","Osceola",3
"370",0,0,1,0,0,0,0,1,0,0,0,0,0,0,0,0,0,0,"3014","Florida","Palm Beach",2
"371",1,0,1,0,0,0,1,1,0,0,0,0,0,0,0,0,0,1,"1934","Florida","Pasco",5
"372",1,0,1,0,0,0,1,1,0,0,0,0,0,0,1,0,0,1,"1292","Florida","Pinellas",6
"373",1,0,1,0,1,0,0,1,0,0,0,0,0,0,1,1,0,1,"1961","Florida","Polk",7
"374",1,0,1,0,1,0,0,1,0,0,0,0,0,0,1,1,0,0,"3030","Florida","Putnam",6
"375",1,0,1,0,0,0,0,1,0,0,0,0,0,0,1,0,0,1,"2262","Florida","St. Johns",5
"376",0,0,1,0,0,0,0,1,0,0,0,0,0,0,0,0,0,0,"203","Florida","St. Lucie",2
"377",1,1,1,0,1,0,1,1,0,0,1,0,0,1,1,0,0,1,"3108","Florida","Santa Rosa",10
"378",1,0,1,0,0,0,0,1,0,0,0,0,0,0,0,0,0,1,"2926","Florida","Sarasota",4
"379",1,0,1,0,1,0,0,1,0,0,0,0,0,0,1,1,0,0,"599","Florida","Seminole",6
"380",1,0,1,0,0,0,0,1,0,0,0,0,0,0,1,0,0,0,"2911","Florida","Sumter",4
"381",1,0,1,0,1,0,1,1,0,0,0,0,0,1,1,0,0,1,"981","Florida","Suwannee",8
"382",1,0,1,0,1,0,1,1,0,0,0,0,0,0,1,0,0,1,"1741","Florida","Taylor",7
"383",0,0,1,0,1,0,1,1,0,0,0,0,0,1,1,0,0,0,"2801","Florida","Union",6
"384",1,0,1,0,1,0,0,1,0,0,0,0,0,0,1,1,0,1,"2755","Florida","Volusia",7
"385",1,0,1,0,1,0,1,1,0,0,0,0,0,1,1,0,1,1,"1002","Florida","Wakulla",9
"386",1,1,1,0,1,0,1,1,0,0,1,0,0,1,1,0,0,1,"3127","Florida","Walton",10
"387",0,0,0,0,1,0,1,1,0,0,1,0,0,1,1,0,1,1,"2146","Florida","Washington",8
"388",0,0,0,0,1,0,0,0,0,0,0,0,0,1,0,0,0,0,"1448","Georgia","Appling",2
"389",0,0,0,0,0,0,0,0,0,0,0,0,0,0,1,0,0,0,"333","Georgia","Atkinson",1
"390",0,0,0,0,0,0,0,0,0,0,0,0,0,1,0,0,0,0,"1665","Georgia","Bacon",1
"391",1,0,0,0,0,0,1,1,0,0,0,0,0,0,1,0,0,1,"2312","Georgia","Baker",5
"392",1,0,0,0,0,0,1,0,0,0,0,0,0,0,1,0,0,0,"2135","Georgia","Baldwin",3
"393",0,0,0,0,0,0,0,0,0,0,0,0,0,0,0,0,0,0,"206","Georgia","Banks",0
"394",0,0,0,0,0,0,0,0,0,0,0,0,0,0,0,0,1,0,"1433","Georgia","Barrow",1
"395",0,0,0,0,0,0,0,1,0,0,0,0,0,0,0,0,1,0,"207","Georgia","Bartow",2
"396",1,0,0,0,0,0,0,1,0,0,0,0,0,1,0,0,0,1,"3096","Georgia","Ben Hill",4
"397",0,0,0,0,1,0,0,0,0,0,0,0,0,1,0,0,0,0,"334","Georgia","Berrien",2
"398",0,0,0,0,0,0,1,0,0,0,0,0,0,0,0,0,1,0,"3045","Georgia","Bibb",2
"399",0,0,0,0,0,0,0,0,0,0,0,0,0,0,0,0,0,0,"871","Georgia","Bleckley",0
"400",0,1,0,0,1,0,0,0,0,0,0,0,0,1,0,0,0,1,"2971","Georgia","Brantley",4
"401",0,0,0,0,1,0,1,0,0,0,0,0,0,0,1,0,0,0,"2921","Georgia","Brooks",3
"402",0,0,0,0,0,0,0,0,0,0,0,0,0,0,0,0,0,1,"2058","Georgia","Bryan",1
"403",0,1,0,0,0,0,0,1,0,0,0,0,0,0,1,0,0,1,"1850","Georgia","Bulloch",4
"404",0,0,1,0,0,0,0,0,0,0,0,0,0,0,0,0,0,0,"1123","Georgia","Burke",1
"405",0,0,0,0,0,0,0,0,0,0,0,0,0,0,0,0,0,0,"889","Georgia","Butts",0
"406",1,0,0,0,1,0,0,0,0,0,0,0,0,0,0,0,0,0,"1999","Georgia","Calhoun",2
"407",1,1,1,0,0,0,0,1,0,0,0,0,0,0,1,0,0,1,"3182","Georgia","Camden",6
"408",0,0,0,0,1,0,0,1,0,0,0,0,0,0,0,0,0,1,"2151","Georgia","Candler",3
"409",0,0,0,0,0,0,0,0,0,0,0,0,0,0,1,0,1,0,"1294","Georgia","Carroll",2
"410",0,0,0,0,0,0,0,0,0,0,1,0,0,0,0,0,0,0,"2894","Georgia","Catoosa",1
"411",1,0,1,0,1,0,1,1,0,0,0,0,0,1,1,0,0,1,"1293","Georgia","Charlton",8
"412",1,0,1,0,1,0,1,1,0,0,0,0,0,1,1,0,0,1,"2858","Georgia","Chatham",8
"413",0,0,0,0,0,0,0,0,0,0,0,0,0,0,0,0,0,0,"3136","Georgia","Chattahoochee",0
"414",0,0,0,0,0,0,0,0,0,0,0,0,0,0,1,0,0,0,"2609","Georgia","Chattooga",1
"415",0,0,0,0,0,0,0,0,0,0,0,0,0,0,0,0,0,0,"2418","Georgia","Cherokee",0
"416",0,0,0,0,0,0,1,0,0,0,0,0,0,0,1,0,1,0,"2938","Georgia","Clarke",3
"417",1,0,1,0,1,0,0,0,0,0,0,0,0,1,0,0,0,1,"3005","Georgia","Clay",5
"418",0,0,0,0,0,0,0,0,0,0,0,0,0,0,0,0,1,0,"1080","Georgia","Clayton",1
"419",0,0,1,0,1,0,0,0,0,0,0,0,0,1,0,0,0,0,"245","Georgia","Clinch",3
"420",0,0,0,0,0,0,0,0,0,0,0,0,0,0,0,0,0,0,"1385","Georgia","Cobb",0
"421",1,0,0,0,0,0,0,1,0,0,0,0,0,1,1,0,0,0,"1108","Georgia","Coffee",4
"422",1,0,0,0,0,0,0,0,0,0,0,0,0,1,1,0,0,0,"734","Georgia","Colquitt",3
"423",1,0,0,0,1,0,1,0,0,0,1,0,0,0,0,0,0,0,"2410","Georgia","Columbia",4
"424",0,0,0,0,0,0,0,0,0,0,0,0,0,1,0,0,0,0,"3077","Georgia","Cook",1
"425",0,0,0,0,0,0,0,0,0,0,0,0,0,0,0,0,0,0,"1067","Georgia","Coweta",0
"426",0,0,0,0,0,0,0,0,0,0,0,0,0,0,0,0,0,0,"1958","Georgia","Crawford",0
"427",0,0,0,0,0,0,0,1,0,0,0,0,0,1,1,0,0,1,"565","Georgia","Crisp",4
"428",1,0,0,0,0,0,0,0,0,0,1,0,0,0,1,0,0,0,"3128","Georgia","Dade",3
"429",1,0,0,0,0,0,0,0,0,0,0,0,0,0,0,0,1,0,"3068","Georgia","Dawson",2
"430",1,0,0,0,1,0,1,0,0,0,0,0,0,0,0,0,0,0,"2288","Georgia","Decatur",3
"431",0,0,0,0,0,0,1,0,0,0,0,0,0,0,1,0,0,0,"2216","Georgia","DeKalb",2
"432",0,0,0,0,0,0,1,1,0,0,0,0,0,1,0,0,0,0,"1935","Georgia","Dodge",3
"433",0,0,0,0,0,0,1,0,0,0,0,0,0,1,0,0,0,0,"1239","Georgia","Dooly",2
"434",0,0,0,0,0,0,1,1,0,0,0,0,0,1,0,0,0,0,"3129","Georgia","Dougherty",3
"435",0,0,0,0,0,0,0,0,0,0,0,0,0,0,0,0,0,0,"2600","Georgia","Douglas",0
"436",1,0,1,0,0,0,0,1,0,0,0,0,0,1,0,0,1,0,"662","Georgia","Early",5
"437",0,0,1,0,1,0,0,0,0,0,0,0,0,1,1,0,0,1,"2895","Georgia","Echols",5
"438",0,0,0,0,0,0,0,0,0,0,0,0,0,0,0,0,0,0,"2906","Georgia","Effingham",0
"439",0,0,0,0,1,0,0,0,0,0,0,0,0,0,1,0,0,0,"2918","Georgia","Elbert",2
"440",0,0,0,0,1,0,0,1,0,0,0,0,0,0,0,0,0,0,"2648","Georgia","Emanuel",2
"441",0,0,0,0,0,0,0,0,0,0,0,0,0,0,0,0,0,0,"2907","Georgia","Evans",0
"442",1,0,0,0,0,0,0,0,0,0,0,0,0,0,1,0,0,0,"1240","Georgia","Fannin",2
"443",0,0,0,0,0,0,1,0,0,0,0,0,0,0,0,0,0,0,"1692","Georgia","Fayette",1
"444",1,0,0,0,0,0,1,0,0,0,1,0,0,0,0,0,0,0,"2372","Georgia","Floyd",3
"445",0,0,0,0,0,0,0,0,0,0,0,0,0,0,0,0,1,0,"132","Georgia","Forsyth",1
"446",0,0,0,0,0,0,0,0,0,0,0,0,0,0,0,0,0,0,"2908","Georgia","Franklin",0
"447",0,0,0,0,0,0,0,0,0,0,0,0,0,0,0,0,0,0,"2437","Georgia","Fulton",0
"448",1,0,0,0,0,0,0,0,0,0,0,0,0,0,1,0,0,0,"2847","Georgia","Gilmer",2
"449",0,0,0,0,0,0,0,1,0,0,0,0,0,0,1,0,0,0,"2155","Georgia","Glascock",2
"450",0,0,1,0,0,0,1,0,0,0,0,0,0,0,1,0,0,1,"2910","Georgia","Glynn",4
"451",0,0,0,0,0,0,1,0,0,0,1,0,0,0,0,0,0,0,"2183","Georgia","Gordon",2
"452",0,0,0,0,1,0,1,0,0,0,0,0,0,0,1,0,0,0,"156","Georgia","Grady",3
"453",0,0,0,0,0,0,1,0,0,0,0,0,0,0,0,0,0,0,"2101","Georgia","Greene",1
"454",0,0,0,0,0,0,0,0,0,0,0,0,0,0,0,0,1,0,"2159","Georgia","Gwinnett",1
"455",0,0,0,0,0,0,0,0,0,0,0,0,0,0,1,0,0,0,"1393","Georgia","Habersham",1
"456",0,0,0,0,0,0,0,0,0,0,0,0,0,0,1,0,1,0,"2930","Georgia","Hall",2
"457",0,0,0,0,0,0,0,1,0,0,0,0,0,0,0,0,0,0,"3117","Georgia","Hancock",1
"458",0,0,0,0,0,0,0,0,0,0,0,0,0,0,0,0,0,0,"13","Georgia","Haralson",0
"459",0,0,0,0,0,0,1,1,0,0,0,0,0,0,0,0,1,1,"3220","Georgia","Harris",4
"460",0,0,0,0,0,0,0,0,0,0,0,0,0,0,0,0,0,0,"2939","Georgia","Hart",0
"461",0,0,0,0,0,0,0,0,0,0,0,0,0,0,0,0,0,0,"400","Georgia","Heard",0
"462",0,0,0,0,0,0,0,0,0,0,0,0,0,0,0,0,0,0,"3147","Georgia","Henry",0
"463",0,0,0,0,0,0,0,0,0,0,0,0,0,0,0,0,0,0,"1066","Georgia","Houston",0
"464",0,0,0,0,0,0,0,1,0,0,0,0,0,1,0,0,0,0,"999","Georgia","Irwin",2
"465",0,0,0,0,0,0,1,0,0,0,0,0,0,0,1,0,0,0,"2162","Georgia","Jackson",2
"466",0,0,0,0,0,0,1,0,0,0,0,0,0,0,0,0,0,0,"2746","Georgia","Jasper",1
"467",0,0,0,0,0,0,0,0,0,0,0,0,0,0,0,0,0,0,"2178","Georgia","Jeff Davis",0
"468",0,0,0,0,0,0,0,0,0,0,0,0,0,1,1,0,0,0,"165","Georgia","Jefferson",2
"469",0,0,0,0,0,0,0,0,0,0,0,0,0,1,0,0,0,0,"629","Georgia","Jenkins",1
"470",0,0,0,0,0,0,0,0,0,0,0,0,0,0,1,0,0,0,"2943","Georgia","Johnson",1
"471",0,0,0,0,0,0,0,0,0,0,0,0,0,0,0,0,0,0,"2157","Georgia","Jones",0
"472",0,0,0,0,0,0,0,0,0,0,0,0,0,0,0,0,1,0,"1670","Georgia","Lamar",1
"473",0,0,0,0,1,0,0,1,0,0,0,0,0,0,1,0,0,0,"252","Georgia","Lanier",3
"474",0,0,0,0,0,0,1,0,0,0,0,0,0,0,1,0,0,0,"2870","Georgia","Laurens",2
"475",0,0,0,0,1,0,1,0,0,0,0,0,0,0,0,0,0,1,"1693","Georgia","Lee",3
"476",0,0,1,0,1,0,0,0,0,0,0,0,0,0,1,0,0,1,"1277","Georgia","Liberty",4
"477",1,0,0,0,0,0,0,0,0,0,0,0,0,0,0,0,0,0,"2180","Georgia","Lincoln",1
"478",1,1,0,0,1,0,1,1,0,0,0,0,0,1,0,0,0,1,"2877","Georgia","Long",7
"479",1,0,0,0,0,0,1,1,0,0,0,0,0,0,1,0,0,0,"2161","Georgia","Lowndes",4
"480",1,0,0,0,0,0,0,0,0,0,0,0,0,0,1,0,0,0,"3205","Georgia","Lumpkin",2
"481",1,0,0,0,1,0,0,1,0,0,0,0,0,0,1,0,0,0,"1843","Georgia","McDuffie",4
"482",1,0,1,0,1,0,1,0,0,0,0,0,0,1,1,0,0,1,"1101","Georgia","McIntosh",7
"483",0,0,0,0,0,0,1,0,0,0,0,0,0,0,1,0,0,0,"2958","Georgia","Macon",2
"484",0,0,0,0,0,0,1,0,0,0,0,0,0,0,0,0,0,0,"1938","Georgia","Madison",1
"485",0,0,0,0,1,0,0,0,0,0,0,0,0,0,0,0,1,0,"3144","Georgia","Marion",2
"486",0,0,0,0,1,0,0,0,0,0,0,0,0,0,0,0,1,0,"1939","Georgia","Meriwether",2
"487",0,0,0,0,0,0,0,0,0,0,0,0,0,1,0,0,0,0,"2381","Georgia","Miller",1
"488",0,0,0,0,0,0,0,1,0,0,0,0,0,0,1,0,0,0,"3130","Georgia","Mitchell",2
"489",0,0,0,0,0,0,0,0,0,0,0,0,0,0,0,0,0,0,"2477","Georgia","Monroe",0
"490",0,0,0,0,0,0,0,0,0,0,0,0,0,0,0,0,0,0,"2158","Georgia","Montgomery",0
"491",0,0,0,0,0,0,1,0,0,0,0,0,0,0,1,0,0,1,"1109","Georgia","Morgan",3
"492",0,0,0,0,0,0,1,0,0,0,0,0,0,0,0,0,0,0,"2375","Georgia","Murray",1
"493",0,0,0,0,0,0,0,0,0,0,0,0,0,0,0,0,0,0,"1392","Georgia","Muscogee",0
"494",0,0,0,0,0,0,0,0,0,0,0,0,0,0,1,0,0,0,"919","Georgia","Newton",1
"495",0,0,0,0,0,0,1,0,0,0,0,0,0,0,0,0,0,0,"2223","Georgia","Oconee",1
"496",0,0,0,0,0,0,1,0,0,0,0,0,0,0,1,0,1,0,"2547","Georgia","Oglethorpe",3
"497",0,0,0,0,0,0,0,0,0,0,0,0,0,0,0,0,0,0,"2874","Georgia","Paulding",0
"498",0,0,0,0,0,0,0,0,0,0,0,0,0,0,0,0,0,0,"1891","Georgia","Peach",0
"499",1,0,0,0,0,0,0,0,0,0,0,0,0,0,1,0,1,0,"2070","Georgia","Pickens",3
"500",1,0,0,0,0,0,0,0,0,0,0,0,0,1,0,0,0,0,"2802","Georgia","Pierce",2
"501",0,0,0,0,0,0,1,1,0,0,0,0,0,0,1,0,0,0,"1379","Georgia","Pike",3
"502",0,0,0,0,0,0,0,0,0,0,0,0,0,0,0,0,0,0,"457","Georgia","Polk",0
"503",0,0,0,0,0,0,0,1,0,0,0,0,0,1,1,0,0,0,"712","Georgia","Pulaski",3
"504",0,0,0,0,0,0,1,0,0,0,0,0,0,0,0,0,0,0,"2759","Georgia","Putnam",1
"505",0,0,0,0,0,0,0,0,0,0,0,0,0,0,0,0,0,0,"2584","Georgia","Quitman",0
"506",1,0,0,0,0,0,0,0,0,0,0,0,0,1,1,0,1,0,"2837","Georgia","Rabun",4
"507",0,0,0,0,1,0,0,0,0,0,0,0,0,0,0,0,0,0,"572","Georgia","Randolph",1
"508",1,0,0,0,0,0,0,0,0,0,0,0,0,0,0,0,0,0,"3134","Georgia","Richmond",1
"509",0,0,0,0,0,0,0,0,0,0,0,0,0,0,0,0,1,0,"998","Georgia","Rockdale",1
"510",0,0,0,0,0,0,0,0,0,0,0,0,0,0,0,0,0,0,"1896","Georgia","Schley",0
"511",0,0,0,0,1,0,1,1,0,0,0,0,0,1,0,0,0,1,"1963","Georgia","Screven",5
"512",1,0,0,0,0,0,1,0,0,0,0,0,0,0,0,0,0,0,"3221","Georgia","Seminole",2
"513",0,0,0,0,0,0,1,0,0,0,0,0,0,0,1,0,0,0,"133","Georgia","Spalding",2
"514",1,0,0,0,0,0,0,0,0,0,0,0,0,0,0,0,0,0,"1003","Georgia","Stephens",1
"515",0,0,0,0,0,0,0,0,0,0,0,0,0,0,0,0,0,0,"1982","Georgia","Stewart",0
"516",0,0,0,0,0,0,0,1,0,0,0,0,0,0,1,0,0,0,"2107","Georgia","Sumter",2
"517",0,0,0,0,1,0,1,1,0,0,0,0,0,0,0,0,0,1,"342","Georgia","Talbot",4
"518",0,0,0,0,0,0,0,0,0,0,0,0,0,0,0,0,0,0,"140","Georgia","Taliaferro",0
"519",0,1,0,0,1,0,1,1,0,0,0,0,0,1,1,0,0,1,"2827","Georgia","Tattnall",7
"520",0,0,0,0,0,0,0,1,0,0,0,0,0,0,0,0,0,0,"2562","Georgia","Taylor",1
"521",1,1,0,0,1,0,0,1,0,0,0,0,0,1,0,0,0,0,"1669","Georgia","Telfair",5
"522",0,0,0,0,0,0,0,0,0,0,0,0,0,0,0,0,0,0,"2448","Georgia","Terrell",0
"523",1,0,0,0,0,0,0,1,0,0,0,0,0,0,0,0,0,0,"600","Georgia","Thomas",2
"524",0,0,0,0,0,0,0,1,0,0,0,0,0,1,1,0,0,0,"799","Georgia","Tift",3
"525",0,0,0,0,0,0,1,1,0,0,0,0,0,1,0,0,0,1,"3135","Georgia","Toombs",4
"526",1,0,0,0,0,0,0,0,0,0,0,0,0,0,1,0,0,0,"1609","Georgia","Towns",2
"527",0,0,0,0,0,0,0,1,0,0,0,0,0,0,0,0,0,0,"1608","Georgia","Treutlen",1
"528",0,0,0,0,0,0,0,0,0,0,0,0,0,1,0,0,0,0,"2954","Georgia","Troup",1
"529",0,0,0,0,1,0,0,1,0,0,0,0,0,1,0,0,0,0,"1107","Georgia","Turner",3
"530",0,0,0,0,0,0,0,0,0,0,0,0,0,0,1,0,0,0,"494","Georgia","Twiggs",1
"531",1,0,0,0,0,0,0,0,0,0,0,0,0,0,1,0,0,0,"2050","Georgia","Union",2
"532",1,0,0,0,0,0,1,0,0,0,0,0,0,0,0,0,0,0,"2019","Georgia","Upson",2
"533",1,0,0,0,0,0,0,0,0,0,0,0,0,0,0,0,0,0,"2376","Georgia","Walker",1
"534",0,0,0,0,0,0,0,0,0,0,0,0,0,0,0,0,1,0,"803","Georgia","Walton",1
"535",0,0,1,0,1,0,0,1,0,0,0,0,0,1,1,0,0,0,"1204","Georgia","Ware",5
"536",0,0,0,0,0,0,0,0,0,0,0,0,0,0,0,0,0,0,"2371","Georgia","Warren",0
"537",0,0,0,0,0,0,0,0,0,0,0,0,0,0,0,0,0,0,"2478","Georgia","Washington",0
"538",0,0,0,0,0,0,1,0,0,0,0,0,0,1,0,0,0,1,"1278","Georgia","Wayne",3
"539",0,0,0,0,0,0,0,0,0,0,0,0,0,0,0,0,0,0,"3232","Georgia","Webster",0
"540",0,0,0,0,0,0,0,1,0,0,0,0,0,0,0,0,0,0,"2071","Georgia","Wheeler",1
"541",1,0,0,0,0,0,0,0,0,0,0,0,0,0,0,0,0,0,"1390","Georgia","White",1
"542",0,0,0,0,0,0,0,0,0,0,0,0,0,0,1,0,0,0,"1004","Georgia","Whitfield",1
"543",0,0,0,0,0,0,0,0,0,0,0,0,0,1,0,0,0,0,"784","Georgia","Wilcox",1
"544",0,0,0,0,0,0,0,0,0,0,0,0,0,0,0,0,0,0,"3088","Georgia","Wilkes",0
"545",1,0,0,0,0,0,0,0,0,0,0,0,0,0,0,0,0,0,"1451","Georgia","Wilkinson",1
"546",0,0,0,0,0,0,1,1,0,0,0,0,0,0,1,0,0,1,"1900","Georgia","Worth",4
"547",0,0,1,0,0,0,0,0,0,0,0,0,0,0,0,0,0,0,"2014","Hawaii","Hawaii",1
"548",0,0,1,0,0,0,0,0,0,0,0,0,0,0,0,0,0,0,"1696","Hawaii","Honolulu",1
"549",0,0,0,0,0,0,0,0,0,0,0,0,0,0,0,0,0,0,"2187","Hawaii","Kalawao",0
"550",0,0,0,0,0,0,0,0,0,0,0,0,0,0,0,0,0,0,"1874","Hawaii","Kauai",0
"551",0,0,0,0,0,0,0,0,0,0,0,0,0,0,0,0,0,0,"829","Hawaii","Maui",0
"552",0,0,0,0,0,0,0,0,0,0,0,0,0,0,0,0,0,0,"1671","Idaho","Ada",0
"553",0,0,0,0,0,0,0,0,0,0,0,0,0,0,0,0,0,0,"2003","Idaho","Adams",0
"554",0,0,0,0,0,0,0,0,0,0,0,0,0,0,0,0,0,0,"1689","Idaho","Bannock",0
"555",0,0,0,0,0,0,0,0,0,0,0,0,0,0,0,0,0,0,"2227","Idaho","Bear Lake",0
"556",0,0,0,0,0,0,0,0,0,0,0,0,0,0,0,0,0,0,"2490","Idaho","Benewah",0
"557",0,0,0,0,0,0,0,0,0,0,0,0,0,0,0,0,0,0,"1000","Idaho","Bingham",0
"558",0,0,0,0,0,0,0,0,0,0,0,0,0,0,0,0,0,0,"1035","Idaho","Blaine",0
"559",0,0,0,0,0,0,0,0,0,0,0,0,0,0,0,0,0,0,"2499","Idaho","Boise",0
"560",0,0,0,0,0,0,0,0,0,0,0,0,0,0,0,0,0,0,"863","Idaho","Bonner",0
"561",0,0,0,0,0,0,0,0,0,0,0,0,0,0,0,0,0,0,"2139","Idaho","Bonneville",0
"562",0,0,0,0,0,0,0,0,0,0,0,0,0,0,0,0,0,0,"126","Idaho","Boundary",0
"563",0,0,0,0,0,0,0,0,0,0,0,0,0,0,0,0,0,0,"1087","Idaho","Butte",0
"564",0,0,0,0,0,0,0,0,0,0,0,0,0,0,0,0,0,0,"1844","Idaho","Camas",0
"565",0,0,0,0,0,0,0,0,0,0,0,0,0,0,0,0,0,0,"1102","Idaho","Canyon",0
"566",0,0,0,0,0,0,0,0,0,0,0,0,0,0,0,0,0,0,"2941","Idaho","Caribou",0
"567",0,0,0,0,0,0,0,0,0,0,0,0,0,0,0,0,0,0,"2377","Idaho","Cassia",0
"568",0,0,0,0,0,0,0,0,0,0,0,0,0,0,0,0,0,0,"828","Idaho","Clark",0
"569",0,0,0,0,0,0,0,0,0,0,0,0,0,0,0,0,0,0,"1227","Idaho","Clearwater",0
"570",0,0,0,0,0,0,0,0,0,0,0,0,0,0,0,0,0,0,"624","Idaho","Custer",0
"571",0,0,0,0,0,0,0,0,0,0,0,0,0,0,0,0,0,0,"2571","Idaho","Elmore",0
"572",0,0,0,0,0,0,0,0,0,0,0,0,0,0,0,0,0,0,"1482","Idaho","Franklin",0
"573",0,0,0,0,0,0,0,0,0,0,0,0,0,0,0,0,0,0,"2185","Idaho","Fremont",0
"574",0,0,0,0,0,0,0,0,0,0,0,0,0,0,0,0,0,0,"3111","Idaho","Gem",0
"575",0,0,0,0,0,0,0,0,0,0,0,0,0,0,0,0,0,0,"1454","Idaho","Gooding",0
"576",0,0,0,0,0,0,0,0,0,0,0,0,0,0,0,0,0,0,"1286","Idaho","Idaho",0
"577",0,0,0,0,0,0,0,0,0,0,0,0,0,0,0,0,0,0,"1420","Idaho","Jefferson",0
"578",0,0,0,0,0,0,0,0,0,0,0,0,0,0,0,0,0,0,"1605","Idaho","Jerome",0
"579",0,0,0,0,0,0,0,0,0,0,0,0,0,0,0,0,0,0,"1842","Idaho","Kootenai",0
"580",0,0,0,0,0,0,0,0,0,0,0,0,0,0,0,0,0,0,"798","Idaho","Latah",0
"581",0,0,0,0,0,0,0,0,0,0,0,0,0,0,0,0,0,0,"666","Idaho","Lemhi",0
"582",0,0,0,0,0,0,0,0,0,0,0,0,0,0,0,0,0,0,"2265","Idaho","Lewis",0
"583",0,0,0,0,0,0,0,0,0,0,0,0,0,0,0,0,0,0,"53","Idaho","Lincoln",0
"584",0,0,0,0,0,0,0,0,0,0,0,0,0,0,0,0,0,0,"2953","Idaho","Madison",0
"585",0,0,0,0,0,0,0,0,0,0,0,0,0,0,0,0,0,0,"542","Idaho","Minidoka",0
"586",0,0,0,0,0,0,0,0,0,0,0,0,0,0,0,0,0,0,"2068","Idaho","Nez Perce",0
"587",0,0,0,0,0,0,0,0,0,0,0,0,0,0,0,0,0,0,"1394","Idaho","Oneida",0
"588",0,0,0,0,0,0,0,0,0,0,0,0,0,0,0,0,0,0,"2771","Idaho","Owyhee",0
"589",0,0,0,0,0,0,0,0,0,0,0,0,0,0,0,0,0,0,"1686","Idaho","Payette",0
"590",0,0,0,0,0,0,0,0,0,0,0,0,0,0,0,0,0,0,"1457","Idaho","Power",0
"591",0,0,0,0,0,0,0,0,0,0,0,0,0,0,0,0,0,0,"2878","Idaho","Shoshone",0
"592",0,0,0,0,0,0,0,0,0,0,0,0,0,0,0,0,0,0,"1252","Idaho","Teton",0
"593",0,0,0,0,0,0,0,0,0,0,0,0,0,0,0,0,0,0,"1672","Idaho","Twin Falls",0
"594",0,0,0,0,0,0,0,0,0,0,0,0,0,0,0,0,0,0,"631","Idaho","Valley",0
"595",0,0,0,0,0,0,0,0,0,0,0,0,0,0,0,0,0,0,"2964","Idaho","Washington",0
"596",0,0,0,0,0,0,1,0,0,0,0,0,0,0,0,0,0,0,"2940","Illinois","Adams",1
"597",0,0,0,0,0,0,1,0,0,0,0,0,0,0,0,0,0,0,"2395","Illinois","Alexander",1
"598",0,0,0,0,0,0,1,0,0,0,0,0,0,0,0,0,0,0,"1301","Illinois","Bond",1
"599",0,0,0,0,0,0,0,0,0,0,0,0,0,0,0,0,0,0,"578","Illinois","Boone",0
"600",0,0,0,0,0,0,0,0,0,0,0,0,0,0,0,0,0,0,"1303","Illinois","Brown",0
"601",0,0,0,0,0,0,0,0,0,0,0,0,0,0,0,0,0,0,"309","Illinois","Bureau",0
"602",0,0,0,0,0,0,1,0,0,0,0,0,0,0,0,0,0,0,"1320","Illinois","Calhoun",1
"603",0,0,0,0,0,0,0,0,0,0,0,0,0,0,0,0,0,0,"2946","Illinois","Carroll",0
"604",0,0,0,0,0,0,1,0,0,0,0,0,0,0,0,0,0,0,"453","Illinois","Cass",1
"605",0,0,0,0,0,0,0,0,0,0,0,0,0,0,0,0,0,0,"852","Illinois","Champaign",0
"606",0,0,0,0,0,0,0,0,0,0,0,0,0,0,0,0,0,0,"555","Illinois","Christian",0
"607",0,0,0,0,0,0,0,0,0,0,0,0,0,0,0,0,1,0,"2241","Illinois","Clark",1
"608",0,0,0,0,0,0,1,0,0,0,0,0,0,0,0,0,0,0,"3175","Illinois","Clay",1
"609",0,0,0,0,0,0,1,0,0,0,0,0,0,0,0,0,0,0,"3050","Illinois","Clinton",1
"610",0,0,0,0,0,0,0,0,0,0,0,0,0,0,0,0,0,0,"2966","Illinois","Coles",0
"611",0,0,0,0,0,0,0,0,0,0,0,0,1,0,0,0,1,0,"1574","Illinois","Cook",2
"612",0,0,0,0,0,0,0,0,0,0,0,0,0,0,0,0,0,0,"2345","Illinois","Crawford",0
"613",0,0,0,0,0,0,0,0,0,0,0,0,0,0,0,0,0,0,"481","Illinois","Cumberland",0
"614",0,0,0,0,0,0,0,0,0,0,0,0,0,0,0,0,0,0,"1233","Illinois","DeKalb",0
"615",0,0,0,0,0,0,0,0,0,0,0,0,0,0,0,0,0,0,"2040","Illinois","De Witt",0
"616",0,0,0,0,0,0,0,0,0,0,0,0,0,0,0,0,0,0,"2093","Illinois","Douglas",0
"617",0,0,0,0,0,0,0,0,0,0,0,0,0,0,0,0,1,0,"2570","Illinois","DuPage",1
"618",0,0,0,0,0,0,0,0,0,0,0,0,0,0,0,0,0,0,"2543","Illinois","Edgar",0
"619",0,0,0,0,0,0,1,0,0,0,0,0,0,0,0,0,0,0,"313","Illinois","Edwards",1
"620",0,0,0,0,0,0,1,0,0,0,0,0,0,0,0,0,0,0,"74","Illinois","Effingham",1
"621",0,0,0,0,0,0,1,0,0,0,0,0,0,0,0,0,0,0,"312","Illinois","Fayette",1
"622",0,0,0,0,0,0,0,0,0,0,0,0,0,0,0,0,0,0,"1575","Illinois","Ford",0
"623",0,0,0,0,0,0,1,0,0,0,0,0,0,0,0,0,0,0,"1576","Illinois","Franklin",1
"624",0,0,0,0,0,0,0,0,0,0,0,0,0,0,0,0,0,0,"2914","Illinois","Fulton",0
"625",0,0,0,0,0,0,1,0,0,0,0,0,0,0,0,0,0,0,"1228","Illinois","Gallatin",1
"626",0,0,0,0,0,0,1,0,0,0,0,0,0,0,0,0,0,0,"2614","Illinois","Greene",1
"627",0,0,0,0,0,0,0,0,0,0,0,0,0,0,0,0,1,0,"768","Illinois","Grundy",1
"628",0,0,0,0,0,0,1,0,0,0,0,0,0,0,0,0,0,0,"1577","Illinois","Hamilton",1
"629",0,0,0,0,0,0,1,0,0,0,0,0,0,0,0,0,0,0,"1395","Illinois","Hancock",1
"630",0,0,0,0,0,0,1,0,0,0,0,0,0,0,0,0,0,0,"914","Illinois","Hardin",1
"631",0,0,0,0,0,0,0,0,0,0,0,0,0,0,0,0,0,0,"2063","Illinois","Henderson",0
"632",0,0,0,0,0,0,0,0,0,0,0,0,0,0,0,0,0,0,"240","Illinois","Henry",0
"633",0,0,0,0,0,0,0,0,0,0,0,0,0,0,0,0,1,0,"1734","Illinois","Iroquois",1
"634",0,0,0,0,0,0,1,0,0,0,0,0,0,0,0,0,0,0,"2476","Illinois","Jackson",1
"635",0,0,0,0,0,0,0,0,0,0,0,0,0,0,0,0,0,0,"1039","Illinois","Jasper",0
"636",0,0,0,0,0,0,0,0,0,0,0,0,0,0,0,0,0,0,"211","Illinois","Jefferson",0
"637",0,0,0,0,0,0,1,0,0,0,0,0,0,0,0,0,0,0,"1373","Illinois","Jersey",1
"638",0,0,0,0,0,0,0,0,0,0,0,0,0,0,0,0,0,0,"2628","Illinois","Jo Daviess",0
"639",0,0,0,0,0,0,1,0,0,0,0,0,0,0,0,0,1,0,"961","Illinois","Johnson",2
"640",0,0,0,0,0,0,0,0,0,0,0,0,0,0,0,0,0,0,"920","Illinois","Kane",0
"641",0,0,0,0,0,0,0,0,0,0,0,0,0,0,0,0,1,0,"1988","Illinois","Kankakee",1
"642",0,0,0,0,0,0,0,0,0,0,0,0,0,0,0,0,0,0,"22","Illinois","Kendall",0
"643",0,0,0,0,0,0,0,0,0,0,0,0,0,0,0,0,0,0,"724","Illinois","Knox",0
"644",0,0,0,0,0,0,0,0,0,0,0,0,0,0,0,0,1,0,"2379","Illinois","Lake",1
"645",0,0,0,0,0,0,0,0,0,0,0,0,0,0,0,0,1,0,"3206","Illinois","LaSalle",1
"646",0,0,0,0,0,0,1,0,0,0,0,0,0,0,0,0,1,0,"3","Illinois","Lawrence",2
"647",0,0,0,0,0,0,0,0,0,0,0,0,0,0,0,0,1,0,"141","Illinois","Lee",1
"648",0,0,0,0,0,0,0,0,0,0,0,0,0,0,0,0,0,0,"623","Illinois","Livingston",0
"649",0,0,0,0,0,0,0,0,0,0,0,0,0,0,0,0,0,0,"168","Illinois","Logan",0
"650",0,0,0,0,0,0,0,0,0,0,0,0,0,0,0,0,0,0,"1195","Illinois","McDonough",0
"651",0,0,0,0,0,0,0,0,0,0,0,0,0,0,0,0,1,0,"1103","Illinois","McHenry",1
"652",0,0,0,0,0,0,0,0,0,0,0,0,0,0,0,0,0,0,"3001","Illinois","McLean",0
"653",0,0,0,0,0,0,0,0,0,0,0,0,0,0,0,0,0,0,"191","Illinois","Macon",0
"654",0,0,0,0,0,0,0,0,0,0,0,0,0,0,0,0,0,0,"208","Illinois","Macoupin",0
"655",0,0,0,0,0,0,1,0,0,0,0,0,0,0,0,0,0,0,"2378","Illinois","Madison",1
"656",0,0,0,0,0,0,0,0,0,0,0,0,0,0,0,0,0,0,"1981","Illinois","Marion",0
"657",0,0,0,0,0,0,0,0,0,0,0,0,0,0,0,0,0,0,"1778","Illinois","Marshall",0
"658",0,0,0,0,0,0,1,0,0,0,0,0,0,0,0,0,0,0,"1997","Illinois","Mason",1
"659",0,0,0,0,0,0,1,0,0,0,0,0,0,0,0,0,0,0,"1840","Illinois","Massac",1
"660",0,0,0,0,0,0,0,0,0,0,0,0,0,0,0,0,0,0,"2000","Illinois","Menard",0
"661",0,0,0,0,0,0,0,0,0,0,0,0,0,0,0,0,0,0,"1514","Illinois","Mercer",0
"662",0,0,0,0,0,0,1,0,0,0,0,0,0,0,0,0,0,0,"918","Illinois","Monroe",1
"663",0,0,0,0,0,0,0,0,0,0,0,0,0,0,0,0,0,0,"1234","Illinois","Montgomery",0
"664",0,0,0,0,0,0,1,0,0,0,0,0,0,0,0,0,0,0,"1552","Illinois","Morgan",1
"665",0,0,0,0,0,0,0,0,0,0,0,0,0,0,0,0,0,0,"57","Illinois","Moultrie",0
"666",0,0,0,0,0,0,0,0,0,0,0,0,0,0,0,0,1,0,"610","Illinois","Ogle",1
"667",0,0,0,0,0,0,0,0,0,0,0,0,0,0,0,0,0,0,"2860","Illinois","Peoria",0
"668",0,0,0,0,0,0,1,0,0,0,0,0,0,0,0,0,0,0,"701","Illinois","Perry",1
"669",0,0,0,0,0,0,0,0,0,0,0,0,0,0,0,0,0,0,"3193","Illinois","Piatt",0
"670",0,0,0,0,0,0,1,0,0,0,0,0,0,0,0,0,0,0,"3012","Illinois","Pike",1
"671",0,0,0,0,0,0,1,0,0,0,0,0,0,0,0,0,1,0,"864","Illinois","Pope",2
"672",0,0,0,0,0,0,1,0,0,0,0,0,0,0,0,0,0,0,"1561","Illinois","Pulaski",1
"673",0,0,0,0,0,0,0,0,0,0,0,0,0,0,0,0,0,0,"195","Illinois","Putnam",0
"674",0,0,0,0,0,0,1,0,0,0,0,0,0,0,0,0,0,0,"2672","Illinois","Randolph",1
"675",0,0,0,0,0,0,1,0,0,0,0,0,0,0,0,0,0,0,"824","Illinois","Richland",1
"676",0,0,0,0,0,0,0,0,0,0,0,0,0,0,0,0,0,0,"2937","Illinois","Rock Island",0
"677",0,0,0,0,0,0,1,0,0,0,0,0,0,0,0,0,0,0,"1749","Illinois","St. Clair",1
"678",0,0,0,0,0,0,1,0,0,0,0,0,0,0,0,0,1,0,"197","Illinois","Saline",2
"679",0,0,0,0,0,0,0,0,0,0,0,0,0,0,0,0,0,0,"1685","Illinois","Sangamon",0
"680",0,0,0,0,0,0,0,0,0,0,0,0,0,0,0,0,0,0,"1655","Illinois","Schuyler",0
"681",0,0,0,0,0,0,0,0,0,0,0,0,0,0,0,0,0,0,"416","Illinois","Scott",0
"682",0,0,0,0,0,0,0,0,0,0,0,0,0,0,0,0,0,0,"3212","Illinois","Shelby",0
"683",0,0,0,0,0,0,0,0,0,0,0,0,0,0,0,0,0,0,"833","Illinois","Stark",0
"684",0,0,0,0,0,0,0,0,0,0,0,0,0,0,0,0,0,0,"1730","Illinois","Stephenson",0
"685",0,0,0,0,0,0,0,0,0,0,0,0,0,0,0,0,0,0,"982","Illinois","Tazewell",0
"686",0,0,0,0,0,0,1,0,0,0,0,0,0,0,1,0,1,0,"3210","Illinois","Union",3
"687",0,0,0,0,0,0,0,0,0,0,0,0,0,0,0,0,0,0,"2998","Illinois","Vermilion",0
"688",0,0,0,0,0,0,1,0,0,0,0,0,0,0,0,0,1,0,"2470","Illinois","Wabash",2
"689",0,0,0,0,0,0,0,0,0,0,0,0,0,0,0,0,0,0,"548","Illinois","Warren",0
"690",0,0,0,0,0,0,1,0,0,0,0,0,0,0,0,0,0,0,"1708","Illinois","Washington",1
"691",0,0,0,0,0,0,1,0,0,0,0,0,0,0,0,0,0,0,"478","Illinois","Wayne",1
"692",0,0,0,0,0,0,1,0,0,0,0,0,0,0,0,0,0,0,"2769","Illinois","White",1
"693",0,0,0,0,0,0,0,0,0,0,0,0,0,0,0,0,0,0,"3099","Illinois","Whiteside",0
"694",0,0,0,0,0,0,0,0,0,0,0,0,0,0,0,0,1,0,"1005","Illinois","Will",1
"695",0,0,0,0,0,0,1,0,0,0,0,0,0,0,0,0,0,0,"480","Illinois","Williamson",1
"696",0,0,0,0,0,0,0,0,0,0,0,0,0,0,0,0,1,0,"546","Illinois","Winnebago",1
"697",0,0,0,0,0,0,0,0,0,0,0,0,0,0,0,0,0,0,"2516","Illinois","Woodford",0
"698",0,0,0,0,0,0,0,0,0,0,0,0,0,0,0,0,1,0,"1197","Indiana","Adams",1
"699",0,0,0,0,0,0,0,0,0,0,0,0,1,0,0,0,1,0,"2409","Indiana","Allen",2
"700",0,0,0,0,0,0,0,0,0,0,0,0,0,0,0,0,1,0,"70","Indiana","Bartholomew",1
"701",0,0,0,0,0,0,0,0,0,0,0,0,0,0,0,0,0,0,"888","Indiana","Benton",0
"702",0,0,0,0,0,0,0,0,0,0,0,0,0,0,0,0,0,0,"2761","Indiana","Blackford",0
"703",0,0,0,0,0,0,0,0,0,0,0,0,0,0,0,0,0,0,"788","Indiana","Boone",0
"704",0,0,0,0,0,0,0,0,0,0,0,0,0,0,0,0,0,0,"539","Indiana","Brown",0
"705",0,0,0,0,0,0,0,0,0,0,0,0,0,0,0,0,0,0,"2563","Indiana","Carroll",0
"706",0,0,0,0,0,0,0,0,0,0,0,0,0,0,0,0,0,0,"413","Indiana","Cass",0
"707",0,0,0,0,0,0,0,0,0,0,0,0,0,0,0,0,0,0,"836","Indiana","Clark",0
"708",0,0,0,0,0,0,0,0,0,0,0,0,0,0,0,0,1,0,"3132","Indiana","Clay",1
"709",0,0,0,0,0,0,0,0,0,0,0,0,0,0,0,0,0,0,"2048","Indiana","Clinton",0
"710",0,0,0,0,0,0,0,0,0,0,0,0,0,0,0,0,1,0,"2539","Indiana","Crawford",1
"711",0,0,0,0,0,0,1,0,0,0,0,0,0,0,0,0,1,0,"2086","Indiana","Daviess",2
"712",0,0,0,0,0,0,0,0,0,0,0,0,0,0,0,0,0,0,"837","Indiana","Dearborn",0
"713",0,0,0,0,0,0,0,0,0,0,0,0,0,0,0,0,1,0,"71","Indiana","Decatur",1
"714",0,0,0,0,0,0,0,0,0,0,0,0,0,0,0,0,1,0,"198","Indiana","DeKalb",1
"715",0,0,0,0,0,0,0,0,0,0,0,0,0,0,0,0,1,0,"349","Indiana","Delaware",1
"716",0,0,0,0,0,0,0,0,0,0,0,0,0,0,0,0,1,0,"2696","Indiana","Dubois",1
"717",0,0,0,0,0,0,0,0,0,0,0,0,0,0,0,0,1,0,"2390","Indiana","Elkhart",1
"718",0,0,0,0,0,0,0,0,0,0,0,0,0,0,0,0,0,0,"573","Indiana","Fayette",0
"719",0,0,0,0,0,0,0,0,0,0,0,0,0,0,0,0,0,0,"1196","Indiana","Floyd",0
"720",0,0,0,0,0,0,0,0,0,0,0,0,0,0,0,0,1,0,"1846","Indiana","Fountain",1
"721",0,0,0,0,0,0,0,0,0,0,0,0,0,0,0,0,1,0,"157","Indiana","Franklin",1
"722",0,0,0,0,0,0,0,0,0,0,0,0,1,0,0,0,1,0,"752","Indiana","Fulton",2
"723",0,0,0,0,0,0,1,0,0,0,0,0,0,0,0,0,0,0,"3016","Indiana","Gibson",1
"724",0,0,0,0,0,0,0,0,0,0,0,0,0,0,0,0,1,0,"530","Indiana","Grant",1
"725",0,0,0,0,0,0,0,0,0,0,0,0,0,0,0,0,0,0,"674","Indiana","Greene",0
"726",0,0,0,0,0,0,0,0,0,0,0,0,0,0,0,0,1,0,"510","Indiana","Hamilton",1
"727",0,0,0,0,0,0,0,0,0,0,0,0,0,0,0,0,0,0,"1279","Indiana","Hancock",0
"728",0,0,0,0,0,0,0,0,0,0,0,0,0,0,0,0,1,0,"1124","Indiana","Harrison",1
"729",0,0,0,0,0,0,0,0,0,0,0,0,0,0,0,0,1,0,"456","Indiana","Hendricks",1
"730",0,0,0,0,0,0,0,0,0,0,0,0,0,0,0,0,1,0,"1845","Indiana","Henry",1
"731",0,0,0,0,0,0,0,0,0,0,0,0,0,0,0,0,1,0,"1927","Indiana","Howard",1
"732",0,0,0,0,0,0,0,0,0,0,0,0,0,0,0,0,1,0,"2513","Indiana","Huntington",1
"733",0,0,0,0,0,0,0,0,0,0,0,0,0,0,0,0,1,0,"523","Indiana","Jackson",1
"734",0,0,0,0,0,0,0,0,0,0,0,0,0,0,0,0,1,0,"921","Indiana","Jasper",1
"735",0,0,0,0,0,0,0,0,0,0,0,0,0,0,0,0,0,0,"2596","Indiana","Jay",0
"736",0,0,0,0,0,0,0,0,0,0,0,0,0,0,0,0,1,0,"2846","Indiana","Jefferson",1
"737",0,0,0,0,0,0,0,0,0,0,0,0,0,0,0,0,1,0,"1036","Indiana","Jennings",1
"738",0,0,0,0,0,0,0,0,0,0,0,0,0,0,0,0,0,0,"2479","Indiana","Johnson",0
"739",0,0,0,0,0,0,1,0,0,0,0,0,0,0,0,0,0,0,"2373","Indiana","Knox",1
"740",0,0,0,0,0,0,0,0,0,0,0,0,1,0,0,0,1,0,"184","Indiana","Kosciusko",2
"741",0,0,0,0,0,0,0,0,0,0,0,0,0,0,0,0,0,0,"1832","Indiana","LaGrange",0
"742",0,0,0,0,0,0,0,0,0,0,0,0,1,0,0,0,1,0,"3174","Indiana","Lake",2
"743",0,0,0,0,0,0,0,0,0,0,0,0,1,0,0,0,1,0,"1813","Indiana","LaPorte",2
"744",0,0,0,0,0,0,0,0,0,0,0,0,0,0,0,0,1,0,"636","Indiana","Lawrence",1
"745",0,0,0,0,0,0,0,0,0,0,0,0,0,0,0,0,0,0,"1882","Indiana","Madison",0
"746",0,0,0,0,0,0,0,0,0,0,0,0,0,0,0,0,1,0,"1928","Indiana","Marion",1
"747",0,0,0,0,0,0,0,0,0,0,0,0,1,0,0,0,1,0,"209","Indiana","Marshall",2
"748",0,0,0,0,0,0,0,0,0,0,0,0,0,0,0,0,0,0,"924","Indiana","Martin",0
"749",0,0,0,0,0,0,0,0,0,0,0,0,0,0,0,0,0,0,"1037","Indiana","Miami",0
"750",0,0,0,0,0,0,0,0,0,0,0,0,0,0,0,0,1,0,"865","Indiana","Monroe",1
"751",0,0,0,0,0,0,0,0,0,0,0,0,0,0,0,0,1,0,"549","Indiana","Montgomery",1
"752",0,0,0,0,0,0,0,0,0,0,0,0,0,0,0,0,0,0,"1929","Indiana","Morgan",0
"753",0,0,0,0,0,0,0,0,0,0,0,0,0,0,0,0,1,0,"3118","Indiana","Newton",1
"754",0,0,0,0,0,0,0,0,0,0,0,0,1,0,0,0,1,0,"823","Indiana","Noble",2
"755",0,0,0,0,0,0,0,0,0,0,0,0,0,0,0,0,0,0,"1322","Indiana","Ohio",0
"756",0,0,0,0,0,0,0,0,0,0,0,0,0,0,0,0,0,0,"1031","Indiana","Orange",0
"757",0,0,0,0,0,0,0,0,0,0,0,0,0,0,0,0,1,0,"687","Indiana","Owen",1
"758",0,0,0,0,0,0,0,0,0,0,0,0,0,0,0,0,1,0,"2485","Indiana","Parke",1
"759",0,0,0,0,0,0,0,0,0,0,0,0,0,0,0,0,0,0,"1410","Indiana","Perry",0
"760",0,0,0,0,0,0,1,0,0,0,0,0,0,0,0,0,0,0,"960","Indiana","Pike",1
"761",0,0,0,0,0,0,0,0,0,0,0,0,1,0,0,0,1,0,"1814","Indiana","Porter",2
"762",0,0,0,0,0,0,1,0,0,0,0,0,0,0,0,0,1,0,"1546","Indiana","Posey",2
"763",0,0,0,0,0,0,0,0,0,0,0,0,0,0,0,0,1,0,"874","Indiana","Pulaski",1
"764",0,0,0,0,0,0,0,0,0,0,0,0,0,0,0,0,0,0,"166","Indiana","Putnam",0
"765",0,0,0,0,0,0,0,0,0,0,0,0,0,0,0,0,1,0,"722","Indiana","Randolph",1
"766",0,0,0,0,0,0,0,0,0,0,0,0,0,0,0,0,1,0,"54","Indiana","Ripley",1
"767",0,0,0,0,0,0,0,0,0,0,0,0,0,0,0,0,0,0,"2848","Indiana","Rush",0
"768",0,0,0,0,0,0,0,0,0,0,0,0,1,0,0,0,1,0,"354","Indiana","St. Joseph",2
"769",0,0,0,0,0,0,0,0,0,0,0,0,0,0,0,0,1,0,"2482","Indiana","Scott",1
"770",0,0,0,0,0,0,0,0,0,0,0,0,0,0,0,0,0,0,"3176","Indiana","Shelby",0
"771",0,0,0,0,0,0,0,0,0,0,0,0,0,0,0,0,0,0,"3196","Indiana","Spencer",0
"772",0,0,0,0,0,0,0,0,0,0,0,0,1,0,0,0,1,0,"460","Indiana","Starke",2
"773",0,0,0,0,0,0,0,0,0,0,0,0,1,0,0,0,1,0,"1435","Indiana","Steuben",2
"774",0,0,0,0,0,0,0,0,0,0,0,0,0,0,0,0,1,0,"2783","Indiana","Sullivan",1
"775",0,0,0,0,0,0,0,0,0,0,0,0,0,0,0,0,1,0,"1125","Indiana","Switzerland",1
"776",0,0,0,0,0,0,0,0,0,0,0,0,0,0,0,0,1,0,"635","Indiana","Tippecanoe",1
"777",0,0,0,0,0,0,0,0,0,0,0,0,0,0,0,0,0,0,"2763","Indiana","Tipton",0
"778",0,0,0,0,0,0,0,0,0,0,0,0,0,0,0,0,0,0,"1736","Indiana","Union",0
"779",0,0,0,0,0,0,0,0,0,0,0,0,0,0,0,0,0,0,"963","Indiana","Vanderburgh",0
"780",0,0,0,0,0,0,0,0,0,0,0,0,0,0,0,0,0,0,"1030","Indiana","Vermillion",0
"781",0,0,0,0,0,0,0,0,0,0,0,0,0,0,0,0,0,0,"1006","Indiana","Vigo",0
"782",0,0,0,0,0,0,0,0,0,0,0,0,0,0,0,0,0,0,"843","Indiana","Wabash",0
"783",0,0,0,0,0,0,0,0,0,0,0,0,0,0,0,0,0,0,"1729","Indiana","Warren",0
"784",0,0,0,0,0,0,1,0,0,0,0,0,0,0,0,0,0,0,"2556","Indiana","Warrick",1
"785",0,0,0,0,0,0,0,0,0,0,0,0,0,0,0,0,0,0,"1474","Indiana","Washington",0
"786",0,0,0,0,0,0,0,0,0,0,0,0,0,0,0,0,1,0,"2289","Indiana","Wayne",1
"787",0,0,0,0,0,0,0,0,0,0,0,0,0,0,0,0,1,0,"256","Indiana","Wells",1
"788",0,0,0,0,0,0,0,0,0,0,0,0,0,0,0,0,1,0,"1673","Indiana","White",1
"789",0,0,0,0,0,0,0,0,0,0,0,0,1,0,0,0,1,0,"420","Indiana","Whitley",2
"790",0,0,0,0,0,0,0,0,0,0,0,0,0,0,0,0,0,0,"1475","Iowa","Adair",0
"791",0,0,0,0,0,0,0,0,0,0,0,0,0,0,0,0,0,0,"1722","Iowa","Adams",0
"792",0,0,0,0,0,0,0,0,0,0,0,0,0,0,0,0,0,0,"1323","Iowa","Allamakee",0
"793",0,0,0,0,0,0,0,0,0,0,0,0,0,0,0,0,0,0,"153","Iowa","Appanoose",0
"794",0,0,0,0,0,0,0,0,0,0,0,0,0,0,0,0,0,0,"2481","Iowa","Audubon",0
"795",0,0,0,0,0,0,0,0,0,0,0,0,0,0,0,0,0,0,"196","Iowa","Benton",0
"796",0,0,0,0,0,0,0,0,0,0,0,0,0,0,0,0,0,0,"307","Iowa","Black Hawk",0
"797",0,0,0,0,0,0,0,0,0,0,0,0,0,0,0,0,0,0,"210","Iowa","Boone",0
"798",0,0,0,0,0,0,0,0,0,0,0,0,0,0,0,0,0,0,"496","Iowa","Bremer",0
"799",0,0,0,0,0,0,0,0,0,0,0,0,0,0,0,0,0,0,"923","Iowa","Buchanan",0
"800",0,0,0,0,0,0,0,0,0,0,0,0,0,0,0,0,0,0,"310","Iowa","Buena Vista",0
"801",0,0,0,0,0,0,0,0,0,0,0,0,0,0,0,0,0,0,"72","Iowa","Butler",0
"802",0,0,0,0,0,0,0,0,0,0,0,0,0,0,0,0,0,0,"311","Iowa","Calhoun",0
"803",0,0,0,0,0,0,0,0,0,0,0,0,0,0,0,0,0,0,"143","Iowa","Carroll",0
"804",0,0,0,0,0,0,0,0,0,0,0,0,0,0,0,0,0,0,"351","Iowa","Cass",0
"805",0,0,0,0,0,0,0,0,0,0,0,0,0,0,0,0,0,0,"2459","Iowa","Cedar",0
"806",0,0,0,0,0,0,0,0,0,0,0,0,0,0,0,0,0,0,"363","Iowa","Cerro Gordo",0
"807",0,0,0,0,0,0,0,0,0,0,0,0,0,0,0,0,0,0,"922","Iowa","Cherokee",0
"808",0,0,0,0,0,0,0,0,0,0,0,0,0,0,0,0,0,0,"740","Iowa","Chickasaw",0
"809",0,0,0,0,0,0,0,0,0,0,0,0,0,0,0,0,0,0,"2832","Iowa","Clarke",0
"810",0,0,0,0,0,0,0,0,0,0,0,0,0,0,0,0,0,0,"364","Iowa","Clay",0
"811",0,0,0,0,0,0,0,0,0,0,0,0,0,0,0,0,0,0,"2028","Iowa","Clayton",0
"812",0,0,0,0,0,0,0,0,0,0,0,0,0,0,0,0,0,0,"1764","Iowa","Clinton",0
"813",0,0,0,0,0,0,0,0,0,0,0,0,0,0,0,0,0,0,"355","Iowa","Crawford",0
"814",0,0,0,0,0,0,0,0,0,0,0,0,0,0,0,0,0,0,"2915","Iowa","Dallas",0
"815",0,0,0,0,0,0,0,0,0,0,0,0,0,0,0,0,0,0,"357","Iowa","Davis",0
"816",0,0,0,0,0,0,0,0,0,0,0,0,0,0,0,0,0,0,"1738","Iowa","Decatur",0
"817",0,0,0,0,0,0,0,0,0,0,0,0,0,0,0,0,0,0,"2649","Iowa","Delaware",0
"818",0,0,0,0,0,0,0,0,0,0,0,0,0,0,0,0,0,0,"2243","Iowa","Des Moines",0
"819",0,0,0,0,0,0,0,0,0,0,0,0,0,0,0,0,0,0,"2790","Iowa","Dickinson",0
"820",0,0,0,0,0,0,0,0,0,0,0,0,0,0,0,0,0,0,"1411","Iowa","Dubuque",0
"821",0,0,0,0,0,0,0,0,0,0,0,0,0,0,0,0,0,0,"278","Iowa","Emmet",0
"822",0,0,0,0,0,0,0,0,0,0,0,0,0,0,0,0,0,0,"142","Iowa","Fayette",0
"823",0,0,0,0,0,0,0,0,0,0,0,0,0,0,0,0,0,0,"279","Iowa","Floyd",0
"824",0,0,0,0,0,0,0,0,0,0,0,0,0,0,0,0,0,0,"298","Iowa","Franklin",0
"825",0,0,0,0,0,0,0,0,0,0,0,0,0,0,0,0,0,0,"1229","Iowa","Fremont",0
"826",0,0,0,0,0,0,0,0,0,0,0,0,0,0,0,0,0,0,"122","Iowa","Greene",0
"827",0,0,0,0,0,0,0,0,0,0,0,0,0,0,0,0,0,0,"681","Iowa","Grundy",0
"828",0,0,0,0,0,0,0,0,0,0,0,0,0,0,0,0,0,0,"1478","Iowa","Guthrie",0
"829",0,0,0,0,0,0,0,0,0,0,0,0,0,0,0,0,0,0,"300","Iowa","Hamilton",0
"830",0,0,0,0,0,0,0,0,0,0,0,0,0,0,0,0,0,0,"737","Iowa","Hancock",0
"831",0,0,0,0,0,0,0,0,0,0,0,0,0,0,0,0,0,0,"24","Iowa","Hardin",0
"832",0,0,0,0,0,0,0,0,0,0,0,0,0,0,0,0,0,0,"1786","Iowa","Harrison",0
"833",0,0,0,0,0,0,0,0,0,0,0,0,0,0,0,0,0,0,"508","Iowa","Henry",0
"834",0,0,0,0,0,0,0,0,0,0,0,0,0,0,0,0,0,0,"320","Iowa","Howard",0
"835",0,0,0,0,0,0,0,0,0,0,0,0,0,0,0,0,0,0,"738","Iowa","Humboldt",0
"836",0,0,0,0,0,0,0,0,0,0,0,0,0,0,0,0,0,0,"3148","Iowa","Ida",0
"837",0,0,0,0,0,0,0,0,0,0,0,0,0,0,0,0,0,0,"894","Iowa","Iowa",0
"838",0,0,0,0,0,0,0,0,0,0,0,0,0,0,0,0,0,0,"2974","Iowa","Jackson",0
"839",0,0,0,0,0,0,0,0,0,0,0,0,0,0,0,0,0,0,"562","Iowa","Jasper",0
"840",0,0,0,0,0,0,0,0,0,0,0,0,0,0,0,0,0,0,"135","Iowa","Jefferson",0
"841",0,0,0,0,0,0,0,0,0,0,0,0,0,0,0,0,0,0,"253","Iowa","Johnson",0
"842",0,0,0,0,0,0,0,0,0,0,0,0,0,0,0,0,0,0,"134","Iowa","Jones",0
"843",0,0,0,0,0,0,0,0,0,0,0,0,0,0,0,0,0,0,"254","Iowa","Keokuk",0
"844",0,0,0,0,0,0,0,0,0,0,0,0,0,0,0,0,0,0,"695","Iowa","Kossuth",0
"845",0,0,0,0,0,0,0,0,0,0,0,0,0,0,0,0,0,0,"1983","Iowa","Lee",0
"846",0,0,0,0,0,0,0,0,0,0,0,0,0,0,0,0,0,0,"325","Iowa","Linn",0
"847",0,0,0,0,0,0,0,0,0,0,0,0,0,0,0,0,0,0,"2536","Iowa","Louisa",0
"848",0,0,0,0,0,0,0,0,0,0,0,0,0,0,0,0,0,0,"286","Iowa","Lucas",0
"849",0,0,0,0,0,0,0,0,0,0,0,0,0,0,0,0,0,0,"1299","Iowa","Lyon",0
"850",0,0,0,0,0,0,0,0,0,0,0,0,0,0,0,0,0,0,"479","Iowa","Madison",0
"851",0,0,0,0,0,0,0,0,0,0,0,0,0,0,0,0,0,0,"75","Iowa","Mahaska",0
"852",0,0,0,0,0,0,0,0,0,0,0,0,0,0,0,0,0,0,"326","Iowa","Marion",0
"853",0,0,0,0,0,0,0,0,0,0,0,0,0,0,0,0,0,0,"3181","Iowa","Marshall",0
"854",0,0,0,0,0,0,0,0,0,0,0,0,0,0,0,0,0,0,"1933","Iowa","Mills",0
"855",0,0,0,0,0,0,0,0,0,0,0,0,0,0,0,0,0,0,"43","Iowa","Mitchell",0
"856",0,0,0,0,0,0,0,0,0,0,0,0,0,0,0,0,0,0,"2826","Iowa","Monona",0
"857",0,0,0,0,0,0,0,0,0,0,0,0,0,0,0,0,0,0,"1718","Iowa","Monroe",0
"858",0,0,0,0,0,0,0,0,0,0,0,0,0,0,0,0,0,0,"1583","Iowa","Montgomery",0
"859",0,0,0,0,0,0,0,0,0,0,0,0,0,0,0,0,0,0,"2230","Iowa","Muscatine",0
"860",0,0,0,0,0,0,0,0,0,0,0,0,0,0,0,0,0,0,"1974","Iowa","O'Brien",0
"861",0,0,0,0,0,0,0,0,0,0,0,0,0,0,0,0,0,0,"3006","Iowa","Osceola",0
"862",0,0,0,0,0,0,0,0,0,0,0,0,0,0,0,0,0,0,"2764","Iowa","Page",0
"863",0,0,0,0,0,0,0,0,0,0,0,0,0,0,0,0,0,0,"189","Iowa","Palo Alto",0
"864",0,0,0,0,0,0,0,0,0,0,0,0,0,0,0,0,0,0,"3023","Iowa","Plymouth",0
"865",0,0,0,0,0,0,0,0,0,0,0,0,0,0,0,0,0,0,"804","Iowa","Pocahontas",0
"866",0,0,0,0,0,0,0,0,0,0,0,0,0,0,0,0,0,0,"1582","Iowa","Polk",0
"867",0,0,0,0,0,0,0,0,0,0,0,0,0,0,0,0,0,0,"1691","Iowa","Pottawattamie",0
"868",0,0,0,0,0,0,0,0,0,0,0,0,0,0,0,0,0,0,"167","Iowa","Poweshiek",0
"869",0,0,0,0,0,0,0,0,0,0,0,0,0,0,0,0,0,0,"2829","Iowa","Ringgold",0
"870",0,0,0,0,0,0,0,0,0,0,0,0,0,0,0,0,0,0,"2480","Iowa","Sac",0
"871",0,0,0,0,0,0,0,0,0,0,0,0,0,0,0,0,0,0,"2610","Iowa","Scott",0
"872",0,0,0,0,0,0,0,0,0,0,0,0,0,0,0,0,0,0,"2641","Iowa","Shelby",0
"873",0,0,0,0,0,0,0,0,0,0,0,0,0,0,0,0,0,0,"2732","Iowa","Sioux",0
"874",0,0,0,0,0,0,0,0,0,0,0,0,0,0,0,0,0,0,"192","Iowa","Story",0
"875",0,0,0,0,0,0,0,0,0,0,0,0,0,0,0,0,0,0,"509","Iowa","Tama",0
"876",0,0,0,0,0,0,0,0,0,0,0,0,0,0,0,0,0,0,"3159","Iowa","Taylor",0
"877",0,0,0,0,0,0,0,0,0,0,0,0,0,0,0,0,0,0,"255","Iowa","Union",0
"878",0,0,0,0,0,0,0,0,0,0,0,0,0,0,0,0,0,0,"414","Iowa","Van Buren",0
"879",0,0,0,0,0,0,0,0,0,0,0,0,0,0,0,0,0,0,"786","Iowa","Wapello",0
"880",0,0,0,0,0,0,0,0,0,0,0,0,0,0,0,0,0,0,"697","Iowa","Warren",0
"881",0,0,0,0,0,0,0,0,0,0,0,0,0,0,0,0,0,0,"2491","Iowa","Washington",0
"882",0,0,0,0,0,0,0,0,0,0,0,0,0,0,0,0,0,0,"246","Iowa","Wayne",0
"883",0,0,0,0,0,0,0,0,0,0,0,0,0,0,0,0,0,0,"194","Iowa","Webster",0
"884",0,0,0,0,0,0,0,0,0,0,0,0,0,0,0,0,0,0,"158","Iowa","Winnebago",0
"885",0,0,0,0,0,0,0,0,0,0,0,0,0,0,0,0,0,0,"2680","Iowa","Winneshiek",0
"886",0,0,0,0,0,0,0,0,0,0,0,0,0,0,0,0,0,0,"1716","Iowa","Woodbury",0
"887",0,0,0,0,0,0,0,0,0,0,0,0,0,0,0,0,0,0,"370","Iowa","Worth",0
"888",0,0,0,0,0,0,0,0,0,0,0,0,0,0,0,0,0,0,"718","Iowa","Wright",0
"889",0,0,0,0,0,0,0,0,0,0,0,0,0,0,0,0,0,0,"815","Kansas","Allen",0
"890",0,0,0,0,0,0,0,0,0,0,0,0,0,0,0,0,0,0,"2402","Kansas","Anderson",0
"891",0,0,0,0,0,0,0,0,0,0,0,0,0,0,0,0,0,0,"3199","Kansas","Atchison",0
"892",0,0,0,0,0,0,0,0,0,0,0,0,0,0,0,0,0,0,"1007","Kansas","Barber",0
"893",0,0,0,0,0,0,0,0,0,0,0,0,0,0,0,0,0,0,"1038","Kansas","Barton",0
"894",0,0,0,0,0,0,0,0,0,0,0,0,0,0,0,0,0,0,"367","Kansas","Bourbon",0
"895",0,0,0,0,0,0,0,0,0,0,0,0,0,0,0,0,0,0,"2720","Kansas","Brown",0
"896",0,0,0,0,0,0,0,0,0,0,0,0,0,0,0,0,0,0,"1297","Kansas","Butler",0
"897",0,0,0,0,0,0,0,0,0,0,0,0,0,0,0,0,0,0,"1769","Kansas","Chase",0
"898",0,0,0,0,0,0,0,0,0,0,0,0,0,0,0,0,0,0,"44","Kansas","Chautauqua",0
"899",0,0,0,0,0,0,1,0,0,0,0,0,0,0,0,0,0,0,"1913","Kansas","Cherokee",1
"900",0,0,0,0,0,0,0,0,0,0,0,0,0,0,0,0,0,0,"1361","Kansas","Cheyenne",0
"901",0,0,0,0,0,0,0,0,0,0,0,0,0,0,0,0,0,0,"527","Kansas","Clark",0
"902",0,0,0,0,0,0,0,0,0,0,0,0,0,0,0,0,0,0,"516","Kansas","Clay",0
"903",0,0,0,0,0,0,0,0,0,0,0,0,0,0,0,0,0,0,"855","Kansas","Cloud",0
"904",0,0,0,0,0,0,0,0,0,0,0,0,0,0,0,0,0,0,"271","Kansas","Coffey",0
"905",0,0,0,0,0,0,0,0,0,0,0,0,0,0,0,0,0,0,"543","Kansas","Comanche",0
"906",0,0,0,0,0,0,0,0,0,0,0,0,0,0,0,0,0,0,"2396","Kansas","Cowley",0
"907",0,0,0,0,0,0,1,0,0,0,0,0,0,0,0,0,0,0,"2661","Kansas","Crawford",1
"908",0,0,0,0,0,0,0,0,0,0,0,0,0,0,0,0,0,0,"1862","Kansas","Decatur",0
"909",0,0,0,0,0,0,0,0,0,0,0,0,0,0,0,0,0,0,"821","Kansas","Dickinson",0
"910",0,0,0,0,0,0,0,0,0,0,0,0,0,0,0,0,0,0,"1606","Kansas","Doniphan",0
"911",0,0,0,0,0,0,0,0,0,0,0,0,0,0,0,0,0,0,"2517","Kansas","Douglas",0
"912",0,0,0,0,0,0,0,0,0,0,0,0,0,0,0,0,0,0,"241","Kansas","Edwards",0
"913",0,0,0,0,0,0,0,0,0,0,0,0,0,0,0,0,0,0,"669","Kansas","Elk",0
"914",0,0,0,0,0,0,0,0,0,0,0,0,0,0,0,0,0,0,"1119","Kansas","Ellis",0
"915",0,0,0,0,0,0,0,0,0,0,0,0,0,0,0,0,0,0,"854","Kansas","Ellsworth",0
"916",0,0,0,0,0,0,0,0,0,0,0,0,0,0,0,0,0,0,"3156","Kansas","Finney",0
"917",0,0,0,0,0,0,0,0,0,0,0,0,0,0,0,0,0,0,"772","Kansas","Ford",0
"918",0,0,0,0,0,0,0,0,0,0,0,0,0,0,0,0,0,0,"1280","Kansas","Franklin",0
"919",0,0,0,0,0,0,0,0,0,0,0,0,0,0,0,0,0,0,"3216","Kansas","Geary",0
"920",0,0,0,0,0,0,0,0,0,0,0,0,0,0,0,0,0,0,"2903","Kansas","Gove",0
"921",0,0,0,0,0,0,0,0,0,0,0,0,0,0,0,0,0,0,"517","Kansas","Graham",0
"922",0,0,0,0,0,0,0,0,0,0,0,0,0,0,0,0,0,0,"139","Kansas","Grant",0
"923",0,0,0,0,0,0,0,0,0,0,0,0,0,0,0,0,0,0,"553","Kansas","Gray",0
"924",0,0,0,0,0,0,0,0,0,0,0,0,0,0,0,0,0,0,"2542","Kansas","Greeley",0
"925",0,0,0,0,0,0,0,0,0,0,0,0,0,0,0,0,0,0,"73","Kansas","Greenwood",0
"926",0,0,0,0,0,0,0,0,0,0,0,0,0,0,0,0,0,0,"563","Kansas","Hamilton",0
"927",0,0,0,0,0,0,0,0,0,0,0,0,0,0,0,0,0,0,"495","Kansas","Harper",0
"928",0,0,0,0,0,0,0,0,0,0,0,0,0,0,0,0,0,0,"1847","Kansas","Harvey",0
"929",0,0,0,0,0,0,0,0,0,0,0,0,0,0,0,0,0,0,"55","Kansas","Haskell",0
"930",0,0,0,0,0,0,0,0,0,0,0,0,0,0,0,0,0,0,"1479","Kansas","Hodgeman",0
"931",0,0,0,0,0,0,0,0,0,0,0,0,0,0,0,0,0,0,"614","Kansas","Jackson",0
"932",0,0,0,0,0,0,0,0,0,0,0,0,0,0,0,0,0,0,"879","Kansas","Jefferson",0
"933",0,0,0,0,0,0,0,0,0,0,0,0,0,0,0,0,0,0,"2597","Kansas","Jewell",0
"934",0,0,0,0,0,0,0,0,0,0,0,0,0,0,0,0,0,0,"106","Kansas","Johnson",0
"935",0,0,0,0,0,0,0,0,0,0,0,0,0,0,0,0,0,0,"1476","Kansas","Kearny",0
"936",0,0,0,0,0,0,0,0,0,0,0,0,0,0,0,0,0,0,"615","Kansas","Kingman",0
"937",0,0,0,0,0,0,0,0,0,0,0,0,0,0,0,0,0,0,"725","Kansas","Kiowa",0
"938",0,0,0,0,0,0,1,0,0,0,0,0,0,0,0,0,0,0,"2118","Kansas","Labette",1
"939",0,0,0,0,0,0,0,0,0,0,0,0,0,0,0,0,0,0,"518","Kansas","Lane",0
"940",0,0,0,0,0,0,0,0,0,0,0,0,0,0,0,0,0,0,"2999","Kansas","Leavenworth",0
"941",0,0,0,0,0,0,0,0,0,0,0,0,0,0,0,0,0,0,"214","Kansas","Lincoln",0
"942",0,0,0,0,0,0,0,0,0,0,0,0,0,0,0,0,0,0,"362","Kansas","Linn",0
"943",0,0,0,0,0,0,0,0,0,0,0,0,0,0,0,0,0,0,"832","Kansas","Logan",0
"944",0,0,0,0,0,0,0,0,0,0,0,0,0,0,0,0,0,0,"56","Kansas","Lyon",0
"945",0,0,0,0,0,0,0,0,0,0,0,0,0,0,0,0,0,0,"297","Kansas","McPherson",0
"946",0,0,0,0,0,0,0,0,0,0,0,0,0,0,0,0,0,0,"1739","Kansas","Marion",0
"947",0,0,0,0,0,0,0,0,0,0,0,0,0,0,0,0,0,0,"2382","Kansas","Marshall",0
"948",0,0,0,0,0,0,0,0,0,0,0,0,0,0,0,0,0,0,"1326","Kansas","Meade",0
"949",0,0,0,0,0,0,0,0,0,0,0,0,0,0,0,0,0,0,"1868","Kansas","Miami",0
"950",0,0,0,0,0,0,0,0,0,0,0,0,0,0,0,0,0,0,"2336","Kansas","Mitchell",0
"951",0,0,0,0,0,0,1,0,0,0,0,0,0,0,0,0,0,0,"1412","Kansas","Montgomery",1
"952",0,0,0,0,0,0,0,0,0,0,0,0,0,0,0,0,0,0,"2465","Kansas","Morris",0
"953",0,0,0,0,0,0,0,0,0,0,0,0,0,0,0,0,0,0,"1324","Kansas","Morton",0
"954",0,0,0,0,0,0,0,0,0,0,0,0,0,0,0,0,0,0,"534","Kansas","Nemaha",0
"955",0,0,0,0,0,0,1,0,0,0,0,0,0,0,0,0,0,0,"23","Kansas","Neosho",1
"956",0,0,0,0,0,0,0,0,0,0,0,0,0,0,0,0,0,0,"1899","Kansas","Ness",0
"957",0,0,0,0,0,0,0,0,0,0,0,0,0,0,0,0,0,0,"633","Kansas","Norton",0
"958",0,0,0,0,0,0,0,0,0,0,0,0,0,0,0,0,0,0,"301","Kansas","Osage",0
"959",0,0,0,0,0,0,0,0,0,0,0,0,0,0,0,0,0,0,"421","Kansas","Osborne",0
"960",0,0,0,0,0,0,0,0,0,0,0,0,0,0,0,0,0,0,"789","Kansas","Ottawa",0
"961",0,0,0,0,0,0,0,0,0,0,0,0,0,0,0,0,0,0,"350","Kansas","Pawnee",0
"962",0,0,0,0,0,0,0,0,0,0,0,0,0,0,0,0,0,0,"1902","Kansas","Phillips",0
"963",0,0,0,0,0,0,0,0,0,0,0,0,0,0,0,0,0,0,"1767","Kansas","Pottawatomie",0
"964",0,0,0,0,0,0,0,0,0,0,0,0,0,0,0,0,0,0,"2471","Kansas","Pratt",0
"965",0,0,0,0,0,0,0,0,0,0,0,0,0,0,0,0,0,0,"503","Kansas","Rawlins",0
"966",0,0,0,0,0,0,0,0,0,0,0,0,0,0,0,0,0,0,"1848","Kansas","Reno",0
"967",0,0,0,0,0,0,0,0,0,0,0,0,0,0,0,0,0,0,"1946","Kansas","Republic",0
"968",0,0,0,0,0,0,0,0,0,0,0,0,0,0,0,0,0,0,"3204","Kansas","Rice",0
"969",0,0,0,0,0,0,0,0,0,0,0,0,0,0,0,0,0,0,"3036","Kansas","Riley",0
"970",0,0,0,0,0,0,0,0,0,0,0,0,0,0,0,0,0,0,"1985","Kansas","Rooks",0
"971",0,0,0,0,0,0,0,0,0,0,0,0,0,0,0,0,0,0,"272","Kansas","Rush",0
"972",0,0,0,0,0,0,0,0,0,0,0,0,0,0,0,0,0,0,"422","Kansas","Russell",0
"973",0,0,0,0,0,0,0,0,0,0,0,0,0,0,0,0,0,0,"365","Kansas","Saline",0
"974",0,0,0,0,0,0,0,0,0,0,0,0,0,0,0,0,0,0,"845","Kansas","Scott",0
"975",0,0,0,0,0,0,0,0,0,0,0,0,0,0,0,0,0,0,"1313","Kansas","Sedgwick",0
"976",0,0,0,0,0,0,0,0,0,0,0,0,0,0,0,0,0,0,"2191","Kansas","Seward",0
"977",0,0,0,0,0,0,0,0,0,0,0,0,0,0,0,0,0,0,"2231","Kansas","Shawnee",0
"978",0,0,0,0,0,0,0,0,0,0,0,0,0,0,0,0,0,0,"790","Kansas","Sheridan",0
"979",0,0,0,0,0,0,0,0,0,0,0,0,0,0,0,0,0,0,"121","Kansas","Sherman",0
"980",0,0,0,0,0,0,0,0,0,0,0,0,0,0,0,0,0,0,"127","Kansas","Smith",0
"981",0,0,0,0,0,0,0,0,0,0,0,0,0,0,0,0,0,0,"622","Kansas","Stafford",0
"982",0,0,0,0,0,0,0,0,0,0,0,0,0,0,0,0,0,0,"1325","Kansas","Stanton",0
"983",0,0,0,0,0,0,0,0,0,0,0,0,0,0,0,0,0,0,"556","Kansas","Stevens",0
"984",0,0,0,0,0,0,0,0,0,0,0,0,0,0,0,0,0,0,"2500","Kansas","Sumner",0
"985",0,0,0,0,0,0,0,0,0,0,0,0,0,0,0,0,0,0,"322","Kansas","Thomas",0
"986",0,0,0,0,0,0,0,0,0,0,0,0,0,0,0,0,0,0,"700","Kansas","Trego",0
"987",0,0,0,0,0,0,0,0,0,0,0,0,0,0,0,0,0,0,"760","Kansas","Wabaunsee",0
"988",0,0,0,0,0,0,0,0,0,0,0,0,0,0,0,0,0,0,"366","Kansas","Wallace",0
"989",0,0,0,0,0,0,0,0,0,0,0,0,0,0,0,0,0,0,"463","Kansas","Washington",0
"990",0,0,0,0,0,0,0,0,0,0,0,0,0,0,0,0,0,0,"2204","Kansas","Wichita",0
"991",0,0,0,0,0,0,0,0,0,0,0,0,0,0,0,0,0,0,"372","Kansas","Wilson",0
"992",0,0,0,0,0,0,0,0,0,0,0,0,0,0,0,0,0,0,"2630","Kansas","Woodson",0
"993",0,0,0,0,0,0,0,0,0,0,0,0,0,0,0,0,0,0,"1413","Kansas","Wyandotte",0
"994",0,0,0,0,0,0,0,0,0,0,0,0,0,0,1,0,1,0,"2462","Kentucky","Adair",2
"995",0,0,0,0,0,0,0,0,0,0,0,0,0,0,1,0,0,0,"1033","Kentucky","Allen",1
"996",0,0,0,0,0,0,0,0,0,0,0,0,0,0,1,0,0,0,"1467","Kentucky","Anderson",1
"997",0,0,0,0,0,0,1,0,0,0,0,0,0,0,0,0,0,0,"2528","Kentucky","Ballard",1
"998",0,0,0,0,0,0,0,0,0,0,0,0,0,0,1,0,0,0,"1481","Kentucky","Barren",1
"999",0,0,0,0,0,0,0,0,0,0,0,0,0,0,1,0,1,0,"1099","Kentucky","Bath",2
"1000",0,0,0,0,0,0,0,0,0,0,0,1,0,0,1,0,0,0,"1637","Kentucky","Bell",2
"1001",0,0,0,0,0,0,0,0,0,0,0,0,0,0,0,0,0,0,"838","Kentucky","Boone",0
"1002",0,0,0,0,0,0,0,0,0,0,0,0,0,0,1,0,0,0,"1656","Kentucky","Bourbon",1
"1003",0,0,0,0,0,0,0,0,0,0,0,0,0,0,1,0,0,0,"1334","Kentucky","Boyd",1
"1004",0,0,0,0,0,0,0,0,0,0,0,0,0,0,1,0,0,0,"2484","Kentucky","Boyle",1
"1005",0,0,0,0,0,0,0,0,0,0,0,0,0,0,0,0,0,0,"1638","Kentucky","Bracken",0
"1006",0,0,0,0,0,0,0,0,0,0,0,0,0,0,0,0,0,0,"3208","Kentucky","Breathitt",0
"1007",0,0,0,0,0,0,0,0,0,0,0,0,0,0,0,0,0,0,"1406","Kentucky","Breckinridge",0
"1008",0,0,0,0,0,0,0,0,0,0,0,0,0,0,1,0,0,0,"1097","Kentucky","Bullitt",1
"1009",0,0,0,0,0,0,1,0,0,0,0,0,0,0,1,0,0,0,"2266","Kentucky","Butler",2
"1010",0,0,0,0,0,0,0,0,0,0,0,0,0,0,0,0,0,0,"3214","Kentucky","Caldwell",0
"1011",0,0,0,0,0,0,1,0,0,0,0,0,0,0,1,0,1,0,"754","Kentucky","Calloway",3
"1012",0,0,0,0,0,0,0,0,0,0,0,0,0,0,1,0,0,0,"2585","Kentucky","Campbell",1
"1013",0,0,0,0,0,0,1,0,0,0,0,0,0,0,0,0,0,0,"1837","Kentucky","Carlisle",1
"1014",0,0,0,0,0,0,0,0,0,0,0,0,0,0,0,0,0,0,"1127","Kentucky","Carroll",0
"1015",0,0,0,0,0,0,0,0,0,0,0,0,0,0,1,0,0,0,"2675","Kentucky","Carter",1
"1016",0,0,0,0,0,0,0,0,0,0,0,0,0,0,1,0,1,0,"2592","Kentucky","Casey",2
"1017",0,0,0,0,0,0,0,0,0,0,0,0,0,0,0,0,0,0,"964","Kentucky","Christian",0
"1018",0,0,0,0,0,0,0,0,0,0,0,0,0,0,0,0,0,0,"1468","Kentucky","Clark",0
"1019",0,0,0,0,0,0,0,0,0,0,0,0,0,0,1,0,0,0,"950","Kentucky","Clay",1
"1020",0,0,0,0,0,0,0,0,0,0,0,0,0,0,1,0,1,0,"2002","Kentucky","Clinton",2
"1021",0,0,0,0,0,0,1,0,0,0,0,0,0,0,0,0,0,0,"1090","Kentucky","Crittenden",1
"1022",0,0,0,0,0,0,0,0,0,0,0,0,0,0,1,0,0,0,"1052","Kentucky","Cumberland",1
"1023",0,0,0,0,0,0,1,0,0,0,0,0,0,0,1,0,0,0,"1441","Kentucky","Daviess",2
"1024",1,0,0,0,0,0,1,0,0,0,0,1,0,0,1,0,1,0,"186","Kentucky","Edmonson",5
"1025",0,0,0,0,0,0,0,0,0,0,0,1,0,0,1,0,0,0,"928","Kentucky","Elliott",2
"1026",0,0,0,0,0,0,0,0,0,0,0,0,0,0,1,0,1,0,"568","Kentucky","Estill",2
"1027",0,0,0,0,0,0,0,0,0,0,0,0,0,0,1,0,0,0,"3207","Kentucky","Fayette",1
"1028",0,0,0,0,0,0,0,0,0,0,0,0,0,0,1,0,1,0,"1058","Kentucky","Fleming",2
"1029",0,0,0,0,0,0,0,0,0,0,0,0,0,0,1,0,0,0,"1088","Kentucky","Floyd",1
"1030",0,0,0,0,0,0,0,0,0,0,0,0,0,0,1,0,0,0,"2483","Kentucky","Franklin",1
"1031",0,0,0,0,0,0,1,0,0,0,0,0,0,0,1,0,0,0,"1724","Kentucky","Fulton",2
"1032",0,0,0,0,0,0,0,0,0,0,0,0,0,0,0,0,0,0,"2611","Kentucky","Gallatin",0
"1033",0,0,0,0,0,0,0,0,0,0,0,0,0,0,1,0,0,0,"2133","Kentucky","Garrard",1
"1034",0,0,0,0,0,0,0,0,0,0,0,0,0,0,0,0,0,0,"1118","Kentucky","Grant",0
"1035",0,0,0,0,0,0,1,0,0,0,0,0,0,0,0,0,1,0,"190","Kentucky","Graves",2
"1036",0,0,0,0,0,0,0,0,0,0,0,0,0,0,1,0,0,0,"1663","Kentucky","Grayson",1
"1037",0,0,0,0,0,0,0,0,0,0,0,0,0,0,1,0,0,0,"2287","Kentucky","Green",1
"1038",0,0,0,0,0,0,0,0,0,0,0,0,0,0,0,0,0,0,"1687","Kentucky","Greenup",0
"1039",0,0,0,0,0,0,0,0,0,0,0,0,0,0,0,0,0,0,"1688","Kentucky","Hancock",0
"1040",0,0,0,0,0,0,0,0,0,0,0,0,0,0,1,0,1,0,"965","Kentucky","Hardin",2
"1041",0,0,0,0,0,0,0,0,0,0,0,1,0,0,1,0,0,0,"2751","Kentucky","Harlan",2
"1042",0,0,0,0,0,0,0,0,0,0,0,0,0,0,0,0,0,0,"2806","Kentucky","Harrison",0
"1043",0,0,0,0,0,0,0,0,0,0,0,0,0,0,1,0,0,0,"1008","Kentucky","Hart",1
"1044",0,0,0,0,0,0,1,0,0,0,0,0,0,0,0,0,0,0,"1440","Kentucky","Henderson",1
"1045",0,0,0,0,0,0,0,0,0,0,0,0,0,0,1,0,0,0,"1089","Kentucky","Henry",1
"1046",0,0,0,0,0,0,1,0,0,0,0,0,0,0,1,0,0,0,"2239","Kentucky","Hickman",2
"1047",0,0,0,0,0,0,1,0,0,0,0,0,0,0,0,0,0,0,"2240","Kentucky","Hopkins",1
"1048",0,0,0,0,0,0,0,0,0,0,0,1,0,0,1,0,1,0,"1948","Kentucky","Jackson",3
"1049",0,0,0,0,0,0,0,0,0,0,0,0,0,0,1,0,1,0,"2496","Kentucky","Jefferson",2
"1050",0,0,0,0,0,0,0,0,0,0,0,0,0,0,0,0,0,0,"1477","Kentucky","Jessamine",0
"1051",0,0,0,0,0,0,0,0,0,0,0,0,0,0,1,0,0,0,"1495","Kentucky","Johnson",1
"1052",0,0,0,0,0,0,0,0,0,0,0,0,0,0,0,0,0,0,"2506","Kentucky","Kenton",0
"1053",0,0,0,0,0,0,0,0,0,0,0,0,0,0,1,0,0,0,"1187","Kentucky","Knott",1
"1054",0,0,0,0,0,0,0,0,0,0,0,0,0,0,1,0,1,0,"930","Kentucky","Knox",2
"1055",0,0,0,0,0,0,0,0,0,0,0,0,0,0,1,0,0,0,"2184","Kentucky","Larue",1
"1056",0,0,0,0,0,0,0,0,0,0,0,0,0,0,1,0,1,0,"2209","Kentucky","Laurel",2
"1057",0,0,0,0,0,0,0,0,0,0,0,0,0,0,1,0,0,0,"2770","Kentucky","Lawrence",1
"1058",0,0,0,0,0,0,0,0,0,0,0,0,0,0,1,0,1,0,"1740","Kentucky","Lee",2
"1059",0,0,0,0,0,0,0,0,0,0,0,0,0,0,1,0,0,0,"3058","Kentucky","Leslie",1
"1060",0,0,0,0,0,0,0,0,0,0,0,0,0,0,1,0,0,0,"1791","Kentucky","Letcher",1
"1061",0,0,0,0,0,0,0,0,0,0,0,1,0,0,1,0,1,0,"1792","Kentucky","Lewis",3
"1062",0,0,0,0,0,0,1,0,0,0,0,0,0,0,0,0,1,0,"2962","Kentucky","Lincoln",2
"1063",0,0,0,0,0,0,0,0,0,0,0,0,0,0,0,0,0,0,"1341","Kentucky","Livingston",0
"1064",0,0,0,0,0,0,0,0,0,0,0,0,0,0,1,0,0,0,"1126","Kentucky","Logan",1
"1065",0,0,0,0,0,0,1,0,0,0,0,0,0,0,0,0,0,0,"3059","Kentucky","Lyon",1
"1066",0,0,0,0,0,0,1,0,0,0,0,0,0,0,1,0,0,0,"14","Kentucky","McCracken",2
"1067",1,0,0,0,0,0,0,0,0,0,0,1,0,0,1,0,1,0,"1414","Kentucky","McCreary",4
"1068",0,0,0,0,0,0,1,0,0,0,0,0,0,0,0,0,0,0,"1795","Kentucky","McLean",1
"1069",0,0,0,0,0,0,1,0,0,0,0,0,0,0,1,0,1,0,"1898","Kentucky","Madison",3
"1070",0,0,0,0,0,0,0,0,0,0,0,0,0,0,1,0,0,0,"2315","Kentucky","Magoffin",1
"1071",0,0,0,0,0,0,0,0,0,0,0,0,0,0,0,0,0,0,"1059","Kentucky","Marion",0
"1072",0,0,0,0,0,0,1,0,0,0,0,0,0,0,0,0,0,0,"1543","Kentucky","Marshall",1
"1073",0,0,0,0,0,0,0,0,0,0,0,0,0,0,1,0,0,0,"1053","Kentucky","Martin",1
"1074",0,0,0,0,0,0,0,0,0,0,0,0,0,0,0,0,0,0,"2318","Kentucky","Mason",0
"1075",0,0,0,0,0,0,0,0,0,0,0,0,0,0,0,0,0,0,"825","Kentucky","Meade",0
"1076",0,0,0,0,0,0,0,0,0,0,0,1,0,0,1,0,1,0,"375","Kentucky","Menifee",3
"1077",0,0,0,0,0,0,0,0,0,0,0,0,0,0,0,0,0,0,"2144","Kentucky","Mercer",0
"1078",0,0,0,0,0,0,0,0,0,0,0,0,0,0,1,0,1,0,"2420","Kentucky","Metcalfe",2
"1079",0,0,0,0,0,0,0,0,0,0,0,0,0,0,1,0,0,0,"2519","Kentucky","Monroe",1
"1080",0,0,0,0,0,0,0,0,0,0,0,0,0,0,1,0,1,0,"3163","Kentucky","Montgomery",2
"1081",0,0,0,0,0,0,0,0,0,0,0,1,0,0,1,0,0,0,"1270","Kentucky","Morgan",2
"1082",0,0,0,0,0,0,1,0,0,0,0,0,0,0,0,0,0,0,"1310","Kentucky","Muhlenberg",1
"1083",0,0,0,0,0,0,0,0,0,0,0,0,0,0,0,0,1,0,"1218","Kentucky","Nelson",1
"1084",0,0,0,0,0,0,0,0,0,0,0,0,0,0,0,0,0,0,"3164","Kentucky","Nicholas",0
"1085",0,0,0,0,0,0,1,0,0,0,0,0,0,0,1,0,0,0,"2862","Kentucky","Ohio",2
"1086",0,0,0,0,0,0,0,0,0,0,0,0,0,0,1,0,0,0,"2697","Kentucky","Oldham",1
"1087",0,0,0,0,0,0,0,0,0,0,0,0,0,0,0,0,1,0,"2810","Kentucky","Owen",1
"1088",0,0,0,0,0,0,0,0,0,0,0,0,0,0,1,0,1,0,"1399","Kentucky","Owsley",2
"1089",0,0,0,0,0,0,0,0,0,0,0,0,0,0,0,0,0,0,"1051","Kentucky","Pendleton",0
"1090",0,0,0,0,0,0,0,0,0,0,0,0,0,0,1,0,0,0,"1816","Kentucky","Perry",1
"1091",0,0,0,0,0,0,0,0,0,0,0,0,0,0,1,0,1,0,"3166","Kentucky","Pike",2
"1092",1,0,0,0,0,0,0,0,0,0,0,1,0,0,1,0,1,0,"951","Kentucky","Powell",4
"1093",0,0,0,0,0,0,0,0,0,0,0,0,0,0,1,0,1,0,"1949","Kentucky","Pulaski",2
"1094",0,0,0,0,0,0,0,0,0,0,0,0,0,0,0,0,0,0,"2875","Kentucky","Robertson",0
"1095",0,0,0,0,0,0,0,0,0,0,0,0,0,0,1,0,1,0,"3162","Kentucky","Rockcastle",2
"1096",0,0,0,0,0,0,0,0,0,0,0,1,0,0,1,0,1,0,"3021","Kentucky","Rowan",3
"1097",0,0,0,0,0,0,0,0,0,0,0,0,0,0,1,0,1,0,"1236","Kentucky","Russell",2
"1098",0,0,0,0,0,0,0,0,0,0,0,0,0,0,0,0,0,0,"1438","Kentucky","Scott",0
"1099",0,0,0,0,0,0,0,0,0,0,0,0,0,0,1,0,0,0,"2699","Kentucky","Shelby",1
"1100",0,0,0,0,0,0,0,0,0,0,0,0,0,0,1,0,0,0,"199","Kentucky","Simpson",1
"1101",0,0,0,0,0,0,0,0,0,0,0,0,0,0,0,0,0,0,"952","Kentucky","Spencer",0
"1102",0,0,0,0,0,0,0,0,0,0,0,0,0,0,1,0,0,0,"3149","Kentucky","Taylor",1
"1103",0,0,0,0,0,0,1,0,0,0,0,0,0,0,1,0,0,0,"670","Kentucky","Todd",2
"1104",0,0,0,0,0,0,1,0,0,0,0,0,0,0,1,0,0,0,"1298","Kentucky","Trigg",2
"1105",0,0,0,0,0,0,0,0,0,0,0,0,0,0,0,0,0,0,"1230","Kentucky","Trimble",0
"1106",0,0,0,0,0,0,1,0,0,0,0,0,0,0,0,0,0,0,"1289","Kentucky","Union",1
"1107",0,0,0,0,0,0,1,0,0,0,0,0,0,0,1,0,1,0,"962","Kentucky","Warren",3
"1108",0,0,0,0,0,0,0,0,0,0,0,0,0,0,0,0,0,0,"931","Kentucky","Washington",0
"1109",0,0,0,0,0,0,0,0,0,0,0,0,0,0,1,0,0,0,"839","Kentucky","Wayne",1
"1110",0,0,0,0,0,0,1,0,0,0,0,0,0,0,0,0,0,0,"925","Kentucky","Webster",1
"1111",0,0,0,0,0,0,0,0,0,0,0,0,0,0,1,0,1,0,"851","Kentucky","Whitley",2
"1112",1,0,0,0,0,0,0,0,0,0,0,1,0,0,1,0,1,0,"1578","Kentucky","Wolfe",4
"1113",0,0,0,0,0,0,0,0,0,0,0,0,0,0,0,0,0,0,"1737","Kentucky","Woodford",0
"1114",0,0,0,0,0,0,1,0,0,0,0,0,0,0,0,0,0,1,"1040","Louisiana","Acadia",2
"1115",1,0,0,0,0,0,1,0,0,0,0,0,0,0,1,0,0,1,"1220","Louisiana","Allen",4
"1116",0,0,0,0,0,0,1,0,0,0,0,0,0,0,0,0,0,1,"3094","Louisiana","Ascension",2
"1117",0,0,0,0,0,0,1,0,0,0,1,0,0,0,0,0,0,0,"3224","Louisiana","Assumption",2
"1118",0,0,0,0,0,0,1,0,0,0,0,0,0,0,1,0,0,1,"2343","Louisiana","Avoyelles",3
"1119",0,0,0,0,1,0,1,0,0,0,0,0,0,0,1,0,0,1,"1442","Louisiana","Beauregard",4
"1120",1,0,0,0,0,0,1,0,0,0,0,0,0,0,1,0,1,1,"1719","Louisiana","Bienville",5
"1121",0,0,0,0,0,0,1,0,0,0,0,0,0,0,1,0,0,1,"3110","Louisiana","Bossier",3
"1122",1,0,0,0,0,0,1,0,0,0,1,0,0,0,1,0,0,1,"966","Louisiana","Caddo",5
"1123",1,0,0,0,1,0,1,0,0,0,0,0,0,0,1,0,0,1,"1756","Louisiana","Calcasieu",5
"1124",1,0,0,0,0,0,1,0,0,0,1,0,0,0,1,0,0,1,"926","Louisiana","Caldwell",5
"1125",0,0,0,0,0,0,1,0,0,0,0,0,0,0,1,0,0,1,"2299","Louisiana","Cameron",3
"1126",1,0,0,0,0,0,1,0,0,0,0,0,0,0,1,0,0,1,"1135","Louisiana","Catahoula",4
"1127",1,0,0,0,0,0,1,0,0,0,0,0,0,0,1,0,0,1,"2959","Louisiana","Claiborne",4
"1128",0,0,1,0,0,0,1,0,0,0,0,0,0,0,1,0,0,0,"2163","Louisiana","Concordia",3
"1129",1,0,0,0,0,0,1,0,0,0,1,0,0,0,1,0,1,1,"1760","Louisiana","De Soto",6
"1130",0,0,1,0,0,0,1,0,0,0,1,0,0,0,1,0,0,1,"3217","Louisiana","East Baton Rouge",5
"1131",0,0,0,0,0,0,1,0,0,0,0,0,0,0,1,0,0,0,"2967","Louisiana","East Carroll",2
"1132",0,0,0,0,0,0,1,1,0,0,1,0,0,0,1,0,1,1,"464","Louisiana","East Feliciana",6
"1133",1,0,0,0,0,0,1,0,0,0,0,0,0,0,1,0,1,1,"1094","Louisiana","Evangeline",5
"1134",0,0,0,0,0,0,1,0,0,0,0,0,0,0,1,0,0,1,"2781","Louisiana","Franklin",3
"1135",0,0,0,0,0,0,1,0,0,0,0,0,0,0,1,0,0,1,"946","Louisiana","Grant",3
"1136",0,0,1,0,0,0,1,0,0,0,0,0,0,0,0,0,0,1,"2029","Louisiana","Iberia",3
"1137",0,0,0,0,0,0,1,0,0,0,0,0,0,0,0,0,0,1,"2008","Louisiana","Iberville",2
"1138",1,0,0,0,0,0,1,0,0,0,0,0,0,0,1,0,0,1,"466","Louisiana","Jackson",4
"1139",0,0,0,0,0,0,1,0,0,0,0,0,0,0,0,0,0,1,"2236","Louisiana","Jefferson",2
"1140",0,0,0,0,0,0,1,0,0,0,0,0,0,0,1,0,0,1,"1746","Louisiana","Jefferson Davis",3
"1141",0,0,1,0,0,0,1,0,0,0,0,0,0,1,0,0,0,1,"1807","Louisiana","Lafayette",4
"1142",0,0,0,0,0,0,1,0,0,0,0,0,0,0,0,0,0,1,"2059","Louisiana","Lafourche",2
"1143",0,0,0,0,0,0,1,0,0,0,0,0,0,0,1,0,0,1,"1009","Louisiana","LaSalle",3
"1144",1,0,0,0,0,0,1,0,0,0,0,0,0,0,1,0,0,1,"1809","Louisiana","Lincoln",4
"1145",0,0,0,0,0,0,1,0,0,0,0,0,0,0,1,0,1,1,"2853","Louisiana","Livingston",4
"1146",0,0,0,0,0,0,1,0,0,0,0,0,0,0,0,0,0,1,"967","Louisiana","Madison",2
"1147",0,0,0,0,0,0,1,0,0,0,0,0,0,0,1,0,0,1,"2224","Louisiana","Morehouse",3
"1148",1,0,0,0,1,0,1,0,0,0,1,0,0,0,1,0,1,1,"1338","Louisiana","Natchitoches",7
"1149",0,0,1,0,0,0,1,0,0,0,0,0,0,0,0,0,0,1,"2533","Louisiana","Orleans",3
"1150",1,0,1,0,0,0,1,1,0,0,0,0,0,0,1,0,0,1,"2698","Louisiana","Ouachita",6
"1151",0,0,0,0,0,0,1,0,0,0,0,0,0,0,0,0,0,1,"2362","Louisiana","Plaquemines",2
"1152",0,0,0,0,0,0,1,1,0,0,0,0,0,0,0,0,0,1,"1221","Louisiana","Pointe Coupee",3
"1153",1,0,1,0,0,0,1,0,0,0,1,0,0,0,1,0,1,1,"2217","Louisiana","Rapides",7
"1154",1,0,0,0,0,0,1,0,0,0,0,0,0,0,1,0,0,1,"2677","Louisiana","Red River",4
"1155",0,0,0,0,0,0,1,0,0,0,0,0,0,0,1,0,0,1,"2066","Louisiana","Richland",3
"1156",0,0,0,0,0,0,1,1,0,0,1,0,0,0,1,0,0,1,"3143","Louisiana","Sabine",5
"1157",0,0,1,0,0,0,1,0,0,0,0,0,0,0,0,0,0,1,"1281","Louisiana","St. Bernard",3
"1158",0,0,1,0,0,0,1,0,0,0,0,0,0,0,1,0,1,1,"849","Louisiana","St. Charles",5
"1159",1,0,0,0,0,0,1,1,0,0,1,0,0,0,1,0,1,1,"2762","Louisiana","St. Helena",7
"1160",0,0,0,0,0,0,0,0,0,0,0,0,0,0,0,0,0,0,"699","Louisiana","St. James",0
"1161",0,0,0,0,0,0,1,0,0,0,0,0,0,0,0,0,1,0,"2758","Louisiana","St. John the Baptist",2
"1162",0,0,0,0,0,0,1,0,0,0,0,0,0,0,1,0,0,1,"903","Louisiana","St. Landry",3
"1163",0,0,0,0,0,0,1,0,0,0,0,0,0,0,0,0,0,0,"1538","Louisiana","St. Martin",1
"1164",0,0,1,0,0,0,1,0,0,0,0,0,0,0,1,0,1,1,"2541","Louisiana","St. Mary",5
"1165",1,1,1,0,1,0,1,1,0,0,1,0,0,1,1,0,1,1,"2111","Louisiana","St. Tammany",11
"1166",0,1,1,0,1,0,1,1,0,0,1,0,0,1,1,0,1,1,"2246","Louisiana","Tangipahoa",10
"1167",0,0,0,0,0,0,1,0,0,0,0,0,0,0,0,0,0,0,"1282","Louisiana","Tensas",1
"1168",0,0,1,0,0,0,1,0,0,0,1,0,0,0,0,0,0,1,"2095","Louisiana","Terrebonne",4
"1169",1,0,0,0,0,0,1,0,0,0,0,0,0,0,1,0,1,1,"1810","Louisiana","Union",5
"1170",0,0,0,0,0,0,1,0,0,0,0,0,0,0,1,0,0,1,"1664","Louisiana","Vermilion",3
"1171",1,0,0,0,1,0,1,0,0,0,1,0,0,0,1,0,0,1,"2351","Louisiana","Vernon",6
"1172",1,1,0,0,1,0,1,1,0,0,1,0,0,0,1,0,1,1,"1800","Louisiana","Washington",9
"1173",1,0,0,0,0,0,1,0,0,0,0,0,0,0,1,0,0,1,"1032","Louisiana","Webster",4
"1174",0,0,0,0,0,0,1,0,0,0,0,0,0,0,0,0,0,0,"1967","Louisiana","West Baton Rouge",1
"1175",0,0,0,0,0,0,1,0,0,0,0,0,0,0,1,0,0,0,"1054","Louisiana","West Carroll",2
"1176",1,0,0,0,0,0,1,0,0,0,1,0,0,0,1,0,1,1,"3017","Louisiana","West Feliciana",6
"1177",1,0,0,0,0,0,1,0,0,0,0,0,0,0,1,0,0,1,"904","Louisiana","Winn",4
"1178",0,0,0,0,0,0,0,0,0,0,0,0,1,0,0,0,1,0,"1539","Maine","Androscoggin",2
"1179",0,0,0,0,0,0,0,0,0,0,0,0,1,0,0,0,1,0,"557","Maine","Aroostook",2
"1180",0,0,0,0,0,0,0,0,0,1,0,0,1,0,0,0,1,0,"2507","Maine","Cumberland",3
"1181",0,0,0,0,0,0,0,0,0,0,0,0,1,0,0,0,1,0,"1464","Maine","Franklin",2
"1182",0,0,0,0,0,0,0,0,0,0,0,0,1,0,0,0,1,0,"672","Maine","Hancock",2
"1183",0,0,0,0,0,0,0,0,0,0,0,0,1,0,0,0,1,0,"1931","Maine","Kennebec",2
"1184",0,0,0,0,0,0,0,1,0,0,0,0,1,0,0,0,1,0,"1437","Maine","Knox",3
"1185",0,0,0,0,0,0,0,0,0,0,0,0,1,0,0,0,1,0,"1458","Maine","Lincoln",2
"1186",0,0,0,0,0,0,0,0,0,0,0,0,1,0,0,0,1,0,"1557","Maine","Oxford",2
"1187",0,0,0,0,0,0,0,0,0,0,0,0,1,0,0,0,1,0,"1951","Maine","Penobscot",2
"1188",0,0,0,0,0,0,0,0,0,0,0,0,1,0,0,0,1,0,"2843","Maine","Piscataquis",2
"1189",0,0,0,0,0,0,0,0,0,0,0,0,1,0,0,0,1,0,"1365","Maine","Sagadahoc",2
"1190",0,0,0,0,0,0,0,0,0,0,0,0,1,0,0,0,1,0,"1114","Maine","Somerset",2
"1191",0,0,0,0,0,0,0,0,0,0,0,0,1,0,0,0,1,0,"1350","Maine","Waldo",2
"1192",0,0,0,0,0,0,0,0,0,0,0,0,1,0,0,0,1,0,"390","Maine","Washington",2
"1193",0,0,0,0,0,0,0,0,0,1,0,0,1,0,0,0,1,0,"315","Maine","York",3
"1194",0,0,0,0,0,0,0,0,0,0,0,0,0,0,0,0,0,0,"582","Maryland","Allegany",0
"1195",0,0,0,0,0,0,1,0,0,0,0,0,0,0,0,0,0,0,"1881","Maryland","Anne Arundel",1
"1196",0,0,0,0,0,0,0,0,0,0,0,0,0,0,0,0,0,0,"1055","Maryland","Baltimore",0
"1197",0,0,0,0,0,0,0,0,0,0,0,0,0,0,0,0,0,0,"2673","Maryland","Calvert",0
"1198",0,0,0,0,0,0,1,0,0,0,0,0,0,0,0,0,0,0,"1726","Maryland","Caroline",1
"1199",0,0,0,0,0,0,0,0,0,0,0,0,0,0,0,0,0,0,"1459","Maryland","Carroll",0
"1200",0,0,0,0,0,0,0,0,0,0,0,0,0,0,0,0,0,0,"1366","Maryland","Cecil",0
"1201",0,0,0,0,0,0,1,0,0,0,0,0,0,0,0,0,0,0,"1128","Maryland","Charles",1
"1202",0,0,0,0,0,0,0,0,0,0,0,0,0,0,0,0,0,0,"1841","Maryland","Dorchester",0
"1203",0,0,0,0,0,0,0,0,0,0,0,0,0,0,0,0,0,0,"1493","Maryland","Frederick",0
"1204",0,0,0,0,0,0,0,0,0,0,0,0,0,0,0,0,0,0,"1720","Maryland","Garrett",0
"1205",0,0,0,0,0,0,0,0,0,0,0,0,0,0,0,0,0,0,"3104","Maryland","Harford",0
"1206",0,0,0,0,0,0,0,0,0,0,0,0,0,0,0,0,0,0,"1744","Maryland","Howard",0
"1207",0,0,0,0,0,0,0,0,0,0,0,0,0,0,0,0,0,0,"3075","Maryland","Kent",0
"1208",0,0,0,0,0,0,1,0,0,0,0,0,0,0,0,0,0,0,"3038","Maryland","Montgomery",1
"1209",0,0,0,0,0,0,1,0,0,0,0,0,0,0,0,0,0,0,"2633","Maryland","Prince George's",1
"1210",0,0,0,0,0,0,1,0,0,0,0,0,0,0,0,0,1,0,"1643","Maryland","Queen Anne's",2
"1211",0,0,0,0,0,0,1,0,0,0,0,0,0,0,0,0,0,0,"840","Maryland","St. Mary's",1
"1212",0,0,0,0,0,0,0,0,0,0,0,0,0,0,0,0,0,0,"1679","Maryland","Somerset",0
"1213",0,0,0,0,0,0,0,0,0,0,0,0,0,0,0,0,0,0,"2637","Maryland","Talbot",0
"1214",0,0,0,0,0,0,0,0,0,0,0,0,0,0,0,0,0,0,"1762","Maryland","Washington",0
"1215",0,0,0,0,0,0,0,0,0,0,0,0,0,0,0,0,0,0,"1768","Maryland","Wicomico",0
"1216",0,0,0,0,0,0,0,0,0,0,0,0,0,0,0,0,1,0,"2642","Maryland","Worcester",1
"1217",0,0,0,0,0,0,0,0,0,0,0,0,0,0,0,0,0,0,"2681","Maryland","Baltimore",0
"1218",0,0,0,0,0,0,0,1,0,1,0,1,1,0,1,0,1,0,"2896","Massachusetts","Barnstable",6
"1219",0,0,0,0,0,0,0,0,0,1,0,1,1,0,0,0,1,0,"434","Massachusetts","Berkshire",4
"1220",0,0,0,0,0,0,0,1,0,1,0,1,1,0,1,0,1,0,"2897","Massachusetts","Bristol",6
"1221",0,0,0,0,0,0,0,1,0,0,0,1,0,0,1,0,1,0,"1129","Massachusetts","Dukes",4
"1222",0,0,0,0,0,0,0,1,0,1,0,1,1,0,1,0,1,0,"1388","Massachusetts","Essex",6
"1223",0,0,0,0,0,0,0,0,0,1,0,0,1,0,0,0,1,0,"954","Massachusetts","Franklin",3
"1224",0,0,0,0,0,0,0,0,0,1,0,0,1,0,0,0,1,0,"1529","Massachusetts","Hampden",3
"1225",0,0,0,0,0,0,0,0,0,1,0,0,1,0,0,0,1,0,"1644","Massachusetts","Hampshire",3
"1226",0,0,0,0,0,0,0,0,0,1,0,0,1,0,0,0,1,0,"2210","Massachusetts","Middlesex",3
"1227",0,0,0,0,0,0,0,1,0,0,0,1,0,0,1,0,1,0,"2598","Massachusetts","Nantucket",4
"1228",0,0,0,0,0,0,0,1,0,1,0,1,1,0,1,0,1,0,"2165","Massachusetts","Norfolk",6
"1229",0,0,0,0,0,0,0,1,0,1,0,1,1,0,1,0,1,0,"1571","Massachusetts","Plymouth",6
"1230",0,0,0,0,0,0,0,0,0,1,0,0,1,0,0,0,1,0,"1367","Massachusetts","Suffolk",3
"1231",0,0,0,0,0,0,0,0,0,1,0,0,1,0,0,0,1,0,"1460","Massachusetts","Worcester",3
"1232",0,0,0,0,0,0,0,0,0,0,0,0,1,0,0,0,0,0,"2508","Michigan","Alcona",1
"1233",0,0,0,0,0,0,0,0,0,0,0,0,1,0,0,0,1,0,"841","Michigan","Alger",2
"1234",0,0,0,0,0,0,0,0,0,0,0,0,0,0,0,0,1,0,"2553","Michigan","Allegan",1
"1235",0,0,0,0,0,0,0,0,0,0,0,0,0,0,0,0,1,0,"956","Michigan","Alpena",1
"1236",0,0,0,0,0,0,0,0,0,0,0,0,1,0,0,0,1,0,"2520","Michigan","Antrim",2
"1237",0,0,0,0,0,0,0,0,0,0,0,0,1,0,0,0,1,0,"417","Michigan","Arenac",2
"1238",0,0,0,0,0,0,0,0,0,0,0,0,1,0,0,0,1,0,"1231","Michigan","Baraga",2
"1239",0,0,0,0,0,0,0,0,0,0,0,0,1,0,0,0,1,0,"394","Michigan","Barry",2
"1240",0,0,0,0,0,0,0,0,0,0,0,0,0,0,0,0,1,0,"2522","Michigan","Bay",1
"1241",0,0,0,0,0,0,0,0,0,0,0,0,1,0,0,0,1,0,"955","Michigan","Benzie",2
"1242",0,0,0,0,0,0,0,0,0,0,0,0,1,0,0,0,1,0,"2709","Michigan","Berrien",2
"1243",0,0,0,0,0,0,0,0,0,0,0,0,0,0,0,0,0,0,"1709","Michigan","Branch",0
"1244",0,0,0,0,0,0,0,0,0,0,0,0,1,0,0,0,1,0,"340","Michigan","Calhoun",2
"1245",0,0,0,0,0,0,0,0,0,0,0,0,1,0,0,0,1,0,"2917","Michigan","Cass",2
"1246",0,0,0,0,0,0,0,0,0,0,0,0,1,0,0,0,1,0,"2865","Michigan","Charlevoix",2
"1247",0,0,0,0,0,0,0,0,0,0,0,0,1,0,0,0,1,0,"2131","Michigan","Cheboygan",2
"1248",0,0,0,0,0,0,0,0,0,0,0,0,1,0,0,0,1,0,"2245","Michigan","Chippewa",2
"1249",0,0,0,0,0,0,0,0,0,0,0,0,1,0,0,0,1,0,"412","Michigan","Clare",2
"1250",0,0,0,0,0,0,0,0,0,0,0,0,0,0,0,0,1,0,"277","Michigan","Clinton",1
"1251",0,0,0,0,0,0,0,0,0,0,0,0,1,0,0,0,0,0,"384","Michigan","Crawford",1
"1252",0,0,0,0,0,0,0,0,0,0,0,0,1,0,0,0,1,0,"1765","Michigan","Delta",2
"1253",0,0,0,0,0,0,0,0,0,0,0,0,1,0,0,0,0,0,"2256","Michigan","Dickinson",1
"1254",0,0,0,0,0,0,0,0,0,0,0,0,0,0,0,0,1,0,"280","Michigan","Eaton",1
"1255",0,0,0,0,0,0,0,0,0,0,0,0,1,0,0,0,1,0,"2080","Michigan","Emmet",2
"1256",0,0,0,0,0,0,0,0,0,0,0,0,0,0,0,0,0,0,"169","Michigan","Genesee",0
"1257",0,0,0,0,0,0,0,0,0,0,0,0,1,0,0,0,1,0,"778","Michigan","Gladwin",2
"1258",0,0,0,0,0,0,0,0,0,0,0,0,1,0,0,0,1,0,"1466","Michigan","Gogebic",2
"1259",0,0,0,0,0,0,0,0,0,0,0,0,0,0,0,0,1,0,"2638","Michigan","Grand Traverse",1
"1260",0,0,0,0,0,0,0,0,0,0,0,0,1,0,0,0,1,0,"368","Michigan","Gratiot",2
"1261",0,0,0,0,0,0,0,0,0,0,0,0,0,0,0,0,0,0,"742","Michigan","Hillsdale",0
"1262",0,0,0,0,0,0,0,0,0,0,0,0,1,0,0,0,1,0,"2497","Michigan","Houghton",2
"1263",0,0,0,0,0,0,0,0,0,0,0,0,1,0,0,0,1,0,"2043","Michigan","Huron",2
"1264",0,0,0,0,0,0,0,0,0,0,0,0,1,0,0,0,1,0,"144","Michigan","Ingham",2
"1265",0,0,0,0,0,0,0,0,0,0,0,0,0,0,0,0,0,0,"371","Michigan","Ionia",0
"1266",0,0,0,0,0,0,0,0,0,0,0,0,1,0,0,0,1,0,"2130","Michigan","Iosco",2
"1267",0,0,0,0,0,0,0,0,0,0,0,0,1,0,0,0,1,0,"1056","Michigan","Iron",2
"1268",0,0,0,0,0,0,0,0,0,0,0,0,0,0,0,0,1,0,"221","Michigan","Isabella",1
"1269",0,0,0,0,0,0,0,0,0,0,0,0,1,0,0,0,1,0,"714","Michigan","Jackson",2
"1270",0,0,0,0,0,0,0,0,0,0,0,0,1,0,0,0,1,0,"1794","Michigan","Kalamazoo",2
"1271",0,0,0,0,0,0,0,0,0,0,0,0,1,0,0,0,1,0,"693","Michigan","Kalkaska",2
"1272",0,0,0,0,0,0,0,0,0,0,0,0,1,0,0,0,1,0,"853","Michigan","Kent",2
"1273",0,0,0,0,0,0,0,0,0,0,0,0,1,0,0,0,1,0,"2317","Michigan","Keweenaw",2
"1274",0,0,0,0,0,0,0,0,0,0,0,0,1,0,0,0,1,0,"2319","Michigan","Lake",2
"1275",0,0,0,0,0,0,0,0,0,0,0,0,1,0,0,0,1,0,"779","Michigan","Lapeer",2
"1276",0,0,0,0,0,0,0,0,0,0,0,0,1,0,0,0,1,0,"1796","Michigan","Leelanau",2
"1277",0,0,0,0,0,0,0,0,0,0,0,0,0,0,0,0,0,0,"1489","Michigan","Lenawee",0
"1278",0,0,0,0,0,0,0,0,0,0,0,0,1,0,0,0,1,0,"385","Michigan","Livingston",2
"1279",0,0,0,0,0,0,0,0,0,0,0,0,1,0,0,0,0,0,"2383","Michigan","Luce",1
"1280",0,0,0,0,0,0,0,0,0,0,0,0,1,0,0,0,1,0,"1488","Michigan","Mackinac",2
"1281",0,0,0,0,0,0,0,0,0,0,0,0,0,0,0,0,1,0,"1465","Michigan","Macomb",1
"1282",0,0,0,0,0,0,0,0,0,0,0,0,1,0,0,0,1,0,"2883","Michigan","Manistee",2
"1283",0,0,0,0,0,0,0,0,0,0,0,0,1,0,0,0,1,0,"1516","Michigan","Marquette",2
"1284",0,0,0,0,0,0,0,0,0,0,0,0,1,0,0,0,1,0,"1269","Michigan","Mason",2
"1285",0,0,0,0,0,0,0,0,0,0,0,0,0,0,0,0,1,0,"376","Michigan","Mecosta",1
"1286",0,0,0,0,0,0,0,0,0,0,0,0,1,0,0,0,1,0,"229","Michigan","Menominee",2
"1287",0,0,0,0,0,0,0,0,0,0,0,0,1,0,0,0,1,0,"419","Michigan","Midland",2
"1288",0,0,0,0,0,0,0,0,0,0,0,0,1,0,0,0,1,0,"172","Michigan","Missaukee",2
"1289",0,0,0,0,0,0,0,0,0,0,0,0,0,0,0,0,0,0,"2083","Michigan","Monroe",0
"1290",0,0,0,0,0,0,0,0,0,0,0,0,1,0,0,0,1,0,"273","Michigan","Montcalm",2
"1291",0,0,0,0,0,0,0,0,0,0,0,0,1,0,0,0,0,0,"418","Michigan","Montmorency",1
"1292",0,0,0,0,0,0,0,0,0,0,0,0,1,0,0,0,1,0,"45","Michigan","Muskegon",2
"1293",0,0,0,0,0,0,0,0,0,0,0,0,1,0,0,0,1,0,"379","Michigan","Newaygo",2
"1294",0,0,0,0,0,0,0,0,0,0,0,0,1,0,0,0,1,0,"2928","Michigan","Oakland",2
"1295",0,0,0,0,0,0,0,0,0,0,0,0,1,0,0,0,1,0,"380","Michigan","Oceana",2
"1296",0,0,0,0,0,0,0,0,0,0,0,0,0,0,0,0,1,0,"136","Michigan","Ogemaw",1
"1297",0,0,0,0,0,0,0,0,0,0,0,0,1,0,0,0,1,0,"1859","Michigan","Ontonagon",2
"1298",0,0,0,0,0,0,0,0,0,0,0,0,1,0,0,0,1,0,"1540","Michigan","Osceola",2
"1299",0,0,0,0,0,0,0,0,0,0,0,0,1,0,0,0,1,0,"876","Michigan","Oscoda",2
"1300",0,0,0,0,0,0,0,0,0,0,0,0,0,0,0,0,1,0,"745","Michigan","Otsego",1
"1301",0,0,0,0,0,0,0,0,0,0,0,0,0,0,0,0,1,0,"1817","Michigan","Ottawa",1
"1302",0,0,0,0,0,0,0,0,0,0,0,0,0,0,0,0,1,0,"247","Michigan","Presque Isle",1
"1303",0,0,0,0,0,0,0,0,0,0,0,0,1,0,0,0,1,0,"816","Michigan","Roscommon",2
"1304",0,0,0,0,0,0,0,0,0,0,0,0,0,0,0,0,0,0,"2403","Michigan","Saginaw",0
"1305",0,0,0,0,0,0,0,0,0,0,0,0,1,0,0,0,1,0,"935","Michigan","St. Clair",2
"1306",0,0,0,0,0,0,0,0,0,0,0,0,1,0,0,0,1,0,"934","Michigan","St. Joseph",2
"1307",0,0,0,0,0,0,0,0,0,0,0,0,0,0,0,0,0,0,"1611","Michigan","Sanilac",0
"1308",0,0,0,0,0,0,0,0,0,0,0,0,1,0,0,0,1,0,"2796","Michigan","Schoolcraft",2
"1309",0,0,0,0,0,0,0,0,0,0,0,0,0,0,0,0,1,0,"76","Michigan","Shiawassee",1
"1310",0,0,0,0,0,0,0,0,0,0,0,0,0,0,0,0,1,0,"3121","Michigan","Tuscola",1
"1311",0,0,0,0,0,0,0,0,0,0,0,0,1,0,0,0,1,0,"2586","Michigan","Van Buren",2
"1312",0,0,0,0,0,0,0,0,0,0,0,0,1,0,0,0,1,0,"2564","Michigan","Washtenaw",2
"1313",0,0,0,0,0,0,0,0,0,0,0,0,0,0,0,0,1,0,"2036","Michigan","Wayne",1
"1314",0,0,0,0,0,0,0,0,0,0,0,0,1,0,0,0,1,0,"78","Michigan","Wexford",2
"1315",0,0,0,0,0,0,0,0,0,0,0,0,0,0,0,0,1,0,"667","Minnesota","Aitkin",1
"1316",0,0,0,0,0,0,0,0,0,0,0,0,1,0,0,0,1,0,"1639","Minnesota","Anoka",2
"1317",0,0,0,0,0,0,0,0,0,0,0,0,0,0,0,0,0,0,"827","Minnesota","Becker",0
"1318",0,0,0,0,0,0,0,0,0,0,0,0,0,0,0,0,0,0,"947","Minnesota","Beltrami",0
"1319",0,0,0,0,0,0,0,0,0,0,0,0,0,0,0,0,1,0,"559","Minnesota","Benton",1
"1320",0,0,0,0,0,0,0,0,0,0,0,0,0,0,0,0,0,0,"2659","Minnesota","Big Stone",0
"1321",0,0,0,0,0,0,0,0,0,0,0,0,0,0,0,0,0,0,"2660","Minnesota","Blue Earth",0
"1322",0,0,0,0,0,0,0,0,0,0,0,0,0,0,0,0,0,0,"1219","Minnesota","Brown",0
"1323",0,0,0,0,0,0,0,0,0,0,0,0,1,0,0,0,1,0,"343","Minnesota","Carlton",2
"1324",0,0,0,0,0,0,0,0,0,0,0,0,0,0,0,0,0,0,"1188","Minnesota","Carver",0
"1325",0,0,0,0,0,0,0,0,0,0,0,0,0,0,0,0,1,0,"1922","Minnesota","Cass",1
"1326",0,0,0,0,0,0,0,0,0,0,0,0,0,0,0,0,0,0,"1095","Minnesota","Chippewa",0
"1327",0,0,0,0,0,0,0,0,0,0,0,0,1,0,0,0,1,0,"1152","Minnesota","Chisago",2
"1328",0,0,0,0,0,0,0,0,0,0,0,0,0,0,0,0,0,0,"2856","Minnesota","Clay",0
"1329",0,0,0,0,0,0,0,0,0,0,0,0,0,0,0,0,0,0,"344","Minnesota","Clearwater",0
"1330",0,0,0,0,0,0,0,0,0,0,0,0,0,0,0,0,0,0,"449","Minnesota","Cook",0
"1331",0,0,0,0,0,0,0,0,0,0,0,0,0,0,0,0,0,0,"1115","Minnesota","Cottonwood",0
"1332",0,0,0,0,0,0,0,0,0,0,0,0,0,0,0,0,1,0,"1327","Minnesota","Crow Wing",1
"1333",0,0,0,0,0,0,0,0,0,0,0,0,0,0,0,0,1,0,"3201","Minnesota","Dakota",1
"1334",0,0,0,0,0,0,0,0,0,0,0,0,0,0,0,0,0,0,"866","Minnesota","Dodge",0
"1335",0,0,0,0,0,0,0,0,0,0,0,0,0,0,0,0,0,0,"316","Minnesota","Douglas",0
"1336",0,0,0,0,0,0,0,0,0,0,0,0,0,0,0,0,0,0,"680","Minnesota","Faribault",0
"1337",0,0,0,0,0,0,0,0,0,0,0,0,0,0,0,0,1,0,"1811","Minnesota","Fillmore",1
"1338",0,0,0,0,0,0,0,0,0,0,0,0,0,0,0,0,0,0,"937","Minnesota","Freeborn",0
"1339",0,0,0,0,0,0,0,0,0,0,0,0,0,0,0,0,1,0,"2211","Minnesota","Goodhue",1
"1340",0,0,0,0,0,0,0,0,0,0,0,0,0,0,0,0,0,0,"1839","Minnesota","Grant",0
"1341",0,0,0,0,0,0,0,0,0,0,0,0,1,0,0,0,1,0,"1838","Minnesota","Hennepin",2
"1342",0,0,0,0,0,0,0,0,0,0,0,0,0,0,0,0,1,0,"2202","Minnesota","Houston",1
"1343",0,0,0,0,0,0,0,0,0,0,0,0,0,0,0,0,0,0,"345","Minnesota","Hubbard",0
"1344",0,0,0,0,0,0,0,0,0,0,0,0,1,0,0,0,1,0,"1541","Minnesota","Isanti",2
"1345",0,0,0,0,0,0,0,0,0,0,0,0,0,0,0,0,1,0,"3202","Minnesota","Itasca",1
"1346",0,0,0,0,0,0,0,0,0,0,0,0,0,0,0,0,0,0,"1268","Minnesota","Jackson",0
"1347",0,0,0,0,0,0,0,0,0,0,0,0,0,0,0,0,1,0,"381","Minnesota","Kanabec",1
"1348",0,0,0,0,0,0,0,0,0,0,0,0,0,0,0,0,0,0,"257","Minnesota","Kandiyohi",0
"1349",0,0,0,0,0,0,0,0,0,0,0,0,0,0,0,0,0,0,"1353","Minnesota","Kittson",0
"1350",0,0,0,0,0,0,0,0,0,0,0,0,0,0,0,0,0,0,"2766","Minnesota","Koochiching",0
"1351",0,0,0,0,0,0,0,0,0,0,0,0,0,0,0,0,0,0,"1262","Minnesota","Lac qui Parle",0
"1352",0,0,0,0,0,0,0,0,0,0,0,0,0,0,0,0,1,0,"1559","Minnesota","Lake",1
"1353",0,0,0,0,0,0,0,0,0,0,0,0,0,0,0,0,0,0,"2296","Minnesota","Lake of the Woods",0
"1354",0,0,0,0,0,0,0,0,0,0,0,0,0,0,0,0,0,0,"756","Minnesota","Le Sueur",0
"1355",0,0,0,0,0,0,0,0,0,0,0,0,0,0,0,0,0,0,"2788","Minnesota","Lincoln",0
"1356",0,0,0,0,0,0,0,0,0,0,0,0,0,0,0,0,0,0,"137","Minnesota","Lyon",0
"1357",0,0,0,0,0,0,0,0,0,0,0,0,0,0,0,0,0,0,"719","Minnesota","McLeod",0
"1358",0,0,0,0,0,0,0,0,0,0,0,0,0,0,0,0,0,0,"26","Minnesota","Mahnomen",0
"1359",0,0,0,0,0,0,0,0,0,0,0,0,0,0,0,0,0,0,"936","Minnesota","Marshall",0
"1360",0,0,0,0,0,0,0,0,0,0,0,0,0,0,0,0,0,0,"1490","Minnesota","Martin",0
"1361",0,0,0,0,0,0,0,0,0,0,0,0,0,0,0,0,0,0,"497","Minnesota","Meeker",0
"1362",0,0,0,0,0,0,0,0,0,0,0,0,0,0,0,0,1,0,"3084","Minnesota","Mille Lacs",1
"1363",0,0,0,0,0,0,0,0,0,0,0,0,0,0,0,0,1,0,"2419","Minnesota","Morrison",1
"1364",0,0,0,0,0,0,0,0,0,0,0,0,0,0,0,0,1,0,"444","Minnesota","Mower",1
"1365",0,0,0,0,0,0,0,0,0,0,0,0,0,0,0,0,0,0,"445","Minnesota","Murray",0
"1366",0,0,0,0,0,0,0,0,0,0,0,0,0,0,0,0,0,0,"3040","Minnesota","Nicollet",0
"1367",0,0,0,0,0,0,0,0,0,0,0,0,0,0,0,0,0,0,"1553","Minnesota","Nobles",0
"1368",0,0,0,0,0,0,0,0,0,0,0,0,0,0,0,0,0,0,"1783","Minnesota","Norman",0
"1369",0,0,0,0,0,0,0,0,0,0,0,0,0,0,0,0,0,0,"25","Minnesota","Olmsted",0
"1370",0,0,0,0,0,0,0,0,0,0,0,0,0,0,0,0,0,0,"607","Minnesota","Otter Tail",0
"1371",0,0,0,0,0,0,0,0,0,0,0,0,0,0,0,0,0,0,"288","Minnesota","Pennington",0
"1372",0,0,0,0,0,0,0,0,0,0,0,0,1,0,0,0,1,0,"2366","Minnesota","Pine",2
"1373",0,0,0,0,0,0,0,0,0,0,0,0,0,0,0,0,0,0,"447","Minnesota","Pipestone",0
"1374",0,0,0,0,0,0,0,0,0,0,0,0,0,0,0,0,0,0,"535","Minnesota","Polk",0
"1375",0,0,0,0,0,0,0,0,0,0,0,0,0,0,0,0,0,0,"663","Minnesota","Pope",0
"1376",0,0,0,0,0,0,0,0,0,0,0,0,1,0,0,0,1,0,"1225","Minnesota","Ramsey",2
"1377",0,0,0,0,0,0,0,0,0,0,0,0,0,0,0,0,0,0,"3085","Minnesota","Red Lake",0
"1378",0,0,0,0,0,0,0,0,0,0,0,0,0,0,0,0,0,0,"1235","Minnesota","Redwood",0
"1379",0,0,0,0,0,0,0,0,0,0,0,0,0,0,0,0,0,0,"2460","Minnesota","Renville",0
"1380",0,0,0,0,0,0,0,0,0,0,0,0,0,0,0,0,1,0,"775","Minnesota","Rice",1
"1381",0,0,0,0,0,0,0,0,0,0,0,0,0,0,0,0,0,0,"15","Minnesota","Rock",0
"1382",0,0,0,0,0,0,0,0,0,0,0,0,0,0,0,0,0,0,"2074","Minnesota","Roseau",0
"1383",0,0,0,0,0,0,0,0,0,0,0,0,0,0,0,0,1,0,"289","Minnesota","St. Louis",1
"1384",0,0,0,0,0,0,0,0,0,0,0,0,0,0,0,0,0,0,"3047","Minnesota","Scott",0
"1385",0,0,0,0,0,0,0,0,0,0,0,0,0,0,0,0,1,0,"2099","Minnesota","Sherburne",1
"1386",0,0,0,0,0,0,0,0,0,0,0,0,0,0,0,0,0,0,"1615","Minnesota","Sibley",0
"1387",0,0,0,0,0,0,0,0,0,0,0,0,0,0,0,0,1,0,"3142","Minnesota","Stearns",1
"1388",0,0,0,0,0,0,0,0,0,0,0,0,0,0,0,0,0,0,"450","Minnesota","Steele",0
"1389",0,0,0,0,0,0,0,0,0,0,0,0,0,0,0,0,0,0,"146","Minnesota","Stevens",0
"1390",0,0,0,0,0,0,0,0,0,0,0,0,0,0,0,0,0,0,"819","Minnesota","Swift",0
"1391",0,0,0,0,0,0,0,0,0,0,0,0,0,0,0,0,0,0,"28","Minnesota","Todd",0
"1392",0,0,0,0,0,0,0,0,0,0,0,0,0,0,0,0,0,0,"1878","Minnesota","Traverse",0
"1393",0,0,0,0,0,0,0,0,0,0,0,0,1,0,0,0,1,0,"1491","Minnesota","Wabasha",2
"1394",0,0,0,0,0,0,0,0,0,0,0,0,0,0,0,0,0,0,"377","Minnesota","Wadena",0
"1395",0,0,0,0,0,0,0,0,0,0,0,0,0,0,0,0,0,0,"744","Minnesota","Waseca",0
"1396",0,0,0,0,0,0,0,0,0,0,0,0,0,0,0,0,1,0,"2706","Minnesota","Washington",1
"1397",0,0,0,0,0,0,0,0,0,0,0,0,0,0,0,0,0,0,"501","Minnesota","Watonwan",0
"1398",0,0,0,0,0,0,0,0,0,0,0,0,0,0,0,0,0,0,"2777","Minnesota","Wilkin",0
"1399",0,0,0,0,0,0,0,0,0,0,0,0,0,0,0,0,0,0,"2393","Minnesota","Winona",0
"1400",0,0,0,0,0,0,0,0,0,0,0,0,0,0,0,0,1,0,"2018","Minnesota","Wright",1
"1401",0,0,0,0,0,0,0,0,0,0,0,0,0,0,0,0,0,0,"3114","Minnesota","Yellow Medicine",0
"1402",0,0,0,0,0,0,1,0,0,0,0,0,0,0,1,0,0,0,"2561","Mississippi","Adams",2
"1403",0,0,0,0,0,0,1,0,0,0,0,0,0,0,0,0,0,0,"521","Mississippi","Alcorn",1
"1404",1,0,0,0,0,0,1,0,0,0,1,0,0,0,1,0,1,1,"2015","Mississippi","Amite",6
"1405",0,0,0,0,0,0,1,0,0,0,0,0,0,0,1,0,0,0,"2218","Mississippi","Attala",2
"1406",0,0,0,0,0,0,0,0,0,0,0,0,0,0,0,0,0,0,"566","Mississippi","Benton",0
"1407",0,0,0,0,0,0,0,0,0,0,0,0,0,0,0,0,0,0,"1978","Mississippi","Bolivar",0
"1408",0,0,0,0,0,0,1,0,0,0,0,0,0,0,0,0,1,0,"601","Mississippi","Calhoun",2
"1409",0,0,0,0,0,0,1,0,0,0,0,0,0,0,1,0,0,0,"1923","Mississippi","Carroll",2
"1410",0,0,0,0,0,0,1,0,0,0,0,0,0,0,0,0,0,0,"948","Mississippi","Chickasaw",1
"1411",0,0,0,0,0,0,1,0,0,0,1,0,0,0,0,0,0,0,"3056","Mississippi","Choctaw",2
"1412",0,0,0,0,0,0,1,0,0,0,0,0,0,0,1,0,0,0,"1979","Mississippi","Claiborne",2
"1413",1,0,0,0,1,0,0,0,0,0,1,0,0,0,1,0,0,1,"3031","Mississippi","Clarke",5
"1414",1,0,0,0,0,0,1,0,0,0,0,0,0,0,0,0,0,0,"2756","Mississippi","Clay",2
"1415",0,0,0,0,0,0,0,0,0,0,0,0,0,0,0,0,0,0,"2791","Mississippi","Coahoma",0
"1416",0,0,0,0,0,0,1,0,0,0,0,0,0,0,1,0,0,0,"1480","Mississippi","Copiah",2
"1417",1,0,0,0,1,0,0,1,0,0,0,0,0,0,1,0,0,1,"2434","Mississippi","Covington",5
"1418",0,0,0,0,0,0,1,0,0,0,0,0,0,0,1,0,0,0,"2140","Mississippi","DeSoto",2
"1419",1,1,0,0,1,0,1,1,0,0,1,0,0,0,1,0,1,1,"664","Mississippi","Forrest",9
"1420",1,0,0,0,0,0,1,0,0,0,0,0,0,0,1,0,0,1,"2142","Mississippi","Franklin",4
"1421",1,1,0,0,1,0,1,1,0,0,1,0,0,1,1,0,0,1,"2214","Mississippi","George",9
"1422",1,1,0,0,1,0,1,1,0,0,0,0,0,0,1,0,0,1,"604","Mississippi","Greene",7
"1423",0,0,0,0,0,0,1,0,0,0,0,0,0,0,1,0,0,0,"583","Mississippi","Grenada",2
"1424",1,1,0,0,1,0,0,1,0,0,0,0,0,1,1,0,0,1,"2734","Mississippi","Hancock",7
"1425",1,1,1,0,1,0,1,1,0,0,0,0,0,1,1,0,0,1,"2011","Mississippi","Harrison",9
"1426",1,0,0,0,0,0,1,0,0,0,0,0,0,0,1,0,0,0,"2182","Mississippi","Hinds",3
"1427",0,0,0,0,0,0,1,0,0,0,0,0,0,0,0,0,0,0,"929","Mississippi","Holmes",1
"1428",0,0,0,0,0,0,1,0,0,0,0,0,0,0,0,0,0,0,"3066","Mississippi","Humphreys",1
"1429",0,0,0,0,0,0,0,0,0,0,0,0,0,0,0,0,0,0,"2277","Mississippi","Issaquena",0
"1430",1,0,0,0,0,0,1,0,0,0,0,0,0,0,1,0,0,0,"608","Mississippi","Itawamba",3
"1431",1,1,1,0,1,0,1,1,0,0,0,0,0,1,1,0,0,1,"1198","Mississippi","Jackson",9
"1432",0,0,0,0,0,0,1,0,0,0,0,0,0,0,1,0,0,0,"212","Mississippi","Jasper",2
"1433",0,0,0,0,0,0,1,0,0,0,0,0,0,0,1,0,0,0,"2112","Mississippi","Jefferson",2
"1434",0,0,0,0,0,0,0,0,0,0,0,0,0,0,1,0,0,1,"2527","Mississippi","Jefferson Davis",2
"1435",0,0,0,0,0,0,1,1,0,0,0,0,0,0,1,0,0,1,"1096","Mississippi","Jones",4
"1436",0,0,0,0,0,0,1,0,0,0,0,0,0,0,0,0,0,0,"2798","Mississippi","Kemper",1
"1437",0,0,0,0,0,0,1,0,0,0,0,0,0,0,1,0,1,0,"2902","Mississippi","Lafayette",3
"1438",0,0,0,0,1,0,0,1,0,0,1,0,0,0,1,0,0,1,"2361","Mississippi","Lamar",5
"1439",1,0,0,0,0,0,1,0,0,0,0,0,0,0,1,0,0,1,"2363","Mississippi","Lauderdale",4
"1440",0,0,0,0,1,0,1,0,0,0,0,0,0,0,1,0,0,1,"3183","Mississippi","Lawrence",4
"1441",0,0,0,0,0,0,1,0,0,0,0,0,0,0,0,0,0,0,"584","Mississippi","Leake",1
"1442",1,0,0,0,0,0,1,0,0,0,0,0,0,0,1,0,0,0,"1116","Mississippi","Lee",3
"1443",0,0,0,0,0,0,1,0,0,0,0,0,0,0,1,0,0,0,"2049","Mississippi","Leflore",2
"1444",0,0,0,0,0,0,0,0,0,0,0,0,0,0,0,0,0,1,"2088","Mississippi","Lincoln",1
"1445",1,0,0,0,0,0,1,0,0,0,0,0,0,0,0,0,0,0,"2540","Mississippi","Lowndes",2
"1446",0,0,0,0,0,0,1,0,0,0,1,0,0,0,1,0,1,1,"927","Mississippi","Madison",5
"1447",1,0,0,0,1,0,1,1,0,0,0,0,0,0,1,0,0,1,"159","Mississippi","Marion",6
"1448",0,0,0,0,0,0,1,0,0,0,0,0,0,0,1,0,1,0,"2674","Mississippi","Marshall",3
"1449",1,0,0,0,0,0,1,0,0,0,0,0,0,0,1,0,0,0,"2668","Mississippi","Monroe",3
"1450",0,0,0,0,0,0,1,0,0,0,0,0,0,0,0,0,0,0,"2055","Mississippi","Montgomery",1
"1451",1,0,0,0,0,0,1,0,0,0,0,0,0,0,0,0,0,0,"595","Mississippi","Neshoba",2
"1452",1,0,0,0,0,0,1,0,0,0,0,0,0,0,1,0,0,0,"123","Mississippi","Newton",3
"1453",0,0,0,0,0,0,1,0,0,0,0,0,0,0,1,0,0,0,"676","Mississippi","Noxubee",2
"1454",0,0,0,0,0,0,1,0,0,0,0,0,0,0,0,0,0,0,"589","Mississippi","Oktibbeha",1
"1455",0,0,0,0,0,0,1,0,0,0,0,0,0,0,1,0,0,0,"2087","Mississippi","Panola",2
"1456",1,1,1,0,1,0,1,1,0,0,0,0,0,0,1,0,0,1,"1337","Mississippi","Pearl River",8
"1457",1,1,0,0,0,0,1,1,0,0,1,0,0,1,1,0,0,1,"3213","Mississippi","Perry",8
"1458",1,1,0,0,1,0,1,0,0,0,0,0,0,0,1,0,1,1,"619","Mississippi","Pike",7
"1459",0,0,0,0,0,0,1,0,0,0,0,0,0,0,0,0,0,0,"58","Mississippi","Pontotoc",1
"1460",0,0,0,0,0,0,0,0,0,0,0,0,0,0,0,0,0,0,"2737","Mississippi","Prentiss",0
"1461",0,0,0,0,0,0,0,0,0,0,0,0,0,0,0,0,0,0,"781","Mississippi","Quitman",0
"1462",1,0,0,0,0,0,1,0,0,0,0,0,0,0,1,0,0,0,"1636","Mississippi","Rankin",3
"1463",0,1,0,0,0,0,1,0,0,0,0,0,0,0,1,0,1,0,"810","Mississippi","Scott",4
"1464",0,0,0,0,0,0,1,0,0,0,0,0,0,0,0,0,0,0,"1100","Mississippi","Sharkey",1
"1465",0,0,0,0,0,0,1,0,0,0,0,0,0,0,1,0,0,1,"2736","Mississippi","Simpson",3
"1466",1,1,0,0,1,0,1,0,0,0,0,0,0,0,1,0,0,1,"1683","Mississippi","Smith",6
"1467",0,1,0,0,1,0,0,1,0,0,0,0,0,1,1,0,0,1,"2518","Mississippi","Stone",6
"1468",0,0,0,0,0,0,0,0,0,0,0,0,0,0,0,0,0,0,"710","Mississippi","Sunflower",0
"1469",0,0,0,0,0,0,1,0,0,0,0,0,0,0,0,0,0,0,"733","Mississippi","Tallahatchie",1
"1470",0,0,0,0,0,0,1,0,0,0,0,0,0,0,0,0,0,0,"2548","Mississippi","Tate",1
"1471",0,0,0,0,0,0,1,0,0,0,0,0,0,0,1,0,0,0,"1283","Mississippi","Tippah",2
"1472",1,0,0,0,0,0,1,1,0,0,0,0,0,0,1,0,1,0,"5","Mississippi","Tishomingo",5
"1473",0,0,0,0,0,0,1,0,0,0,0,0,0,0,0,0,0,0,"957","Mississippi","Tunica",1
"1474",0,0,0,0,0,0,0,0,0,0,0,0,0,0,0,0,0,0,"949","Mississippi","Union",0
"1475",0,0,0,0,0,0,0,0,0,0,1,0,0,0,1,0,0,1,"2587","Mississippi","Walthall",3
"1476",0,0,0,0,0,0,1,0,0,0,0,0,0,0,1,0,0,0,"2044","Mississippi","Warren",2
"1477",0,0,0,0,0,0,1,0,0,0,0,0,0,0,1,0,0,1,"2367","Mississippi","Washington",3
"1478",0,0,0,0,1,0,1,1,0,0,0,0,0,0,1,0,0,1,"4","Mississippi","Wayne",5
"1479",0,0,0,0,0,0,1,0,0,0,1,0,0,0,0,0,0,0,"2849","Mississippi","Webster",2
"1480",1,0,0,0,0,0,1,0,0,0,1,0,0,0,1,0,0,0,"1199","Mississippi","Wilkinson",4
"1481",0,0,0,0,0,0,1,0,0,0,0,0,0,0,1,0,0,0,"1226","Mississippi","Winston",2
"1482",0,0,0,0,0,0,0,0,0,0,0,0,0,0,1,0,0,0,"258","Mississippi","Yalobusha",1
"1483",0,0,0,0,0,0,1,0,0,0,0,0,0,0,0,0,0,0,"3067","Mississippi","Yazoo",1
"1484",0,0,0,0,0,0,0,0,0,0,0,0,0,0,0,0,0,0,"564","Missouri","Adair",0
"1485",0,0,0,0,0,0,0,0,0,0,0,0,0,0,0,0,0,0,"1156","Missouri","Andrew",0
"1486",0,0,0,0,0,0,0,0,0,0,0,0,0,0,0,0,0,0,"1154","Missouri","Atchison",0
"1487",0,0,0,0,0,0,0,0,0,0,0,0,0,0,0,0,0,0,"145","Missouri","Audrain",0
"1488",0,0,0,0,0,0,1,0,0,0,0,0,0,0,0,0,0,0,"2686","Missouri","Barry",1
"1489",0,0,0,0,0,0,1,0,0,0,0,0,0,0,0,0,0,0,"1780","Missouri","Barton",1
"1490",0,0,0,0,0,0,1,0,0,0,0,0,0,0,0,0,0,0,"2106","Missouri","Bates",1
"1491",0,0,0,0,0,0,1,0,0,0,0,0,0,0,0,0,0,0,"2164","Missouri","Benton",1
"1492",0,0,0,0,0,0,1,0,0,0,0,0,0,0,0,0,0,0,"467","Missouri","Bollinger",1
"1493",0,0,0,0,0,0,0,0,0,0,0,0,0,0,0,0,0,0,"2242","Missouri","Boone",0
"1494",0,0,0,0,0,0,0,0,0,0,0,0,0,0,0,0,0,0,"3079","Missouri","Buchanan",0
"1495",0,0,0,0,0,0,1,0,0,0,0,0,0,0,1,0,0,0,"1200","Missouri","Butler",2
"1496",0,0,0,0,0,0,0,0,0,0,0,0,0,0,0,0,0,0,"726","Missouri","Caldwell",0
"1497",0,0,0,0,0,0,0,0,0,0,0,0,0,0,0,0,0,0,"1371","Missouri","Callaway",0
"1498",0,0,0,0,0,0,1,0,0,0,0,0,0,0,0,0,0,0,"988","Missouri","Camden",1
"1499",0,0,0,0,0,0,1,0,0,0,0,0,0,0,1,0,0,0,"2199","Missouri","Cape Girardeau",2
"1500",0,0,0,0,0,0,0,0,0,0,0,0,0,0,0,0,0,0,"1530","Missouri","Carroll",0
"1501",0,0,0,0,0,0,1,0,0,0,0,0,0,0,0,0,0,0,"522","Missouri","Carter",1
"1502",0,0,0,0,0,0,1,0,0,0,0,0,0,0,0,0,0,0,"3034","Missouri","Cass",1
"1503",0,0,0,0,0,0,0,0,0,0,0,0,0,0,0,0,0,0,"408","Missouri","Cedar",0
"1504",0,0,0,0,0,0,0,0,0,0,0,0,0,0,0,0,0,0,"1789","Missouri","Chariton",0
"1505",0,0,0,0,0,0,1,0,0,0,0,0,0,0,0,0,0,0,"660","Missouri","Christian",1
"1506",0,0,0,0,0,0,0,0,0,0,0,0,0,0,0,0,0,0,"2385","Missouri","Clark",0
"1507",0,0,0,0,0,0,0,0,0,0,0,0,0,0,0,0,0,0,"634","Missouri","Clay",0
"1508",0,0,0,0,0,0,0,0,0,0,0,0,0,0,0,0,0,0,"590","Missouri","Clinton",0
"1509",0,0,0,0,0,0,1,0,0,0,0,0,0,0,0,0,0,0,"1806","Missouri","Cole",1
"1510",0,0,0,0,0,0,0,0,0,0,0,0,0,0,0,0,0,0,"1503","Missouri","Cooper",0
"1511",0,0,0,0,0,0,0,0,0,0,0,0,0,0,0,0,0,0,"49","Missouri","Crawford",0
"1512",0,0,0,0,0,0,0,0,0,0,0,0,0,0,0,0,0,0,"170","Missouri","Dade",0
"1513",0,0,0,0,0,0,0,0,0,0,0,0,0,0,0,0,0,0,"452","Missouri","Dallas",0
"1514",0,0,0,0,0,0,0,0,0,0,0,0,0,0,0,0,0,0,"59","Missouri","Daviess",0
"1515",0,0,0,0,0,0,0,0,0,0,0,0,0,0,0,0,0,0,"585","Missouri","DeKalb",0
"1516",0,0,0,0,0,0,0,0,0,0,0,0,0,0,0,0,0,0,"2253","Missouri","Dent",0
"1517",0,0,0,0,0,0,1,0,0,0,0,0,0,0,0,0,0,0,"470","Missouri","Douglas",1
"1518",0,0,0,0,0,0,1,0,0,0,0,0,0,0,1,0,0,0,"2866","Missouri","Dunklin",2
"1519",0,0,0,0,0,0,1,0,0,0,0,0,0,0,0,0,0,0,"609","Missouri","Franklin",1
"1520",0,0,0,0,0,0,1,0,0,0,0,0,0,0,0,0,0,0,"971","Missouri","Gasconade",1
"1521",0,0,0,0,0,0,0,0,0,0,0,0,0,0,0,0,0,0,"1098","Missouri","Gentry",0
"1522",0,0,0,0,0,0,0,0,0,0,0,0,0,0,0,0,0,0,"9","Missouri","Greene",0
"1523",0,0,0,0,0,0,0,0,0,0,0,0,0,0,0,0,0,0,"213","Missouri","Grundy",0
"1524",0,0,0,0,0,0,0,0,0,0,0,0,0,0,0,0,0,0,"2404","Missouri","Harrison",0
"1525",0,0,0,0,0,0,1,0,0,0,0,0,0,0,0,0,0,0,"473","Missouri","Henry",1
"1526",0,0,0,0,0,0,0,0,0,0,0,0,0,0,0,0,0,0,"2565","Missouri","Hickory",0
"1527",0,0,0,0,0,0,0,0,0,0,0,0,0,0,0,0,0,0,"1201","Missouri","Holt",0
"1528",0,0,0,0,0,0,0,0,0,0,0,0,0,0,0,0,0,0,"717","Missouri","Howard",0
"1529",0,0,0,0,0,0,1,0,0,0,0,0,0,0,0,0,0,0,"1057","Missouri","Howell",1
"1530",0,0,0,0,0,0,1,0,0,0,0,0,0,0,0,0,1,0,"2304","Missouri","Iron",2
"1531",0,0,0,0,0,0,0,0,0,0,0,0,0,0,0,0,0,0,"958","Missouri","Jackson",0
"1532",0,0,0,0,0,0,1,0,0,0,0,0,0,0,0,0,0,0,"856","Missouri","Jasper",1
"1533",0,0,0,0,0,0,1,0,0,0,0,0,0,0,0,0,0,0,"3231","Missouri","Jefferson",1
"1534",0,0,0,0,0,0,1,0,0,0,0,0,0,0,0,0,0,0,"2337","Missouri","Johnson",1
"1535",0,0,0,0,0,0,0,0,0,0,0,0,0,0,0,0,0,0,"1449","Missouri","Knox",0
"1536",0,0,0,0,0,0,0,0,0,0,0,0,0,0,0,0,0,0,"3178","Missouri","Laclede",0
"1537",0,0,0,0,0,0,0,0,0,0,0,0,0,0,0,0,0,0,"1117","Missouri","Lafayette",0
"1538",0,0,0,0,0,0,0,0,0,0,0,0,0,0,0,0,0,0,"138","Missouri","Lawrence",0
"1539",0,0,0,0,0,0,1,0,0,0,0,0,0,0,0,0,0,0,"2488","Missouri","Lewis",1
"1540",0,0,0,0,0,0,1,0,0,0,0,0,0,0,0,0,0,0,"938","Missouri","Lincoln",1
"1541",0,0,0,0,0,0,0,0,0,0,0,0,0,0,0,0,0,0,"462","Missouri","Linn",0
"1542",0,0,0,0,0,0,0,0,0,0,0,0,0,0,0,0,0,0,"382","Missouri","Livingston",0
"1543",0,0,0,0,0,0,0,0,0,0,0,0,0,0,0,0,0,0,"1290","Missouri","McDonald",0
"1544",0,0,0,0,0,0,0,0,0,0,0,0,0,0,0,0,0,0,"383","Missouri","Macon",0
"1545",0,0,0,0,0,0,1,0,0,0,0,0,0,0,0,0,1,0,"475","Missouri","Madison",2
"1546",0,0,0,0,0,0,0,0,0,0,0,0,0,0,0,0,0,0,"2715","Missouri","Maries",0
"1547",0,0,0,0,0,0,1,0,0,0,0,0,0,0,0,0,0,0,"1803","Missouri","Marion",1
"1548",0,0,0,0,0,0,0,0,0,0,0,0,0,0,0,0,0,0,"586","Missouri","Mercer",0
"1549",0,0,0,0,0,0,1,0,0,0,0,0,0,0,0,0,0,0,"2498","Missouri","Miller",1
"1550",0,0,0,0,0,0,1,0,0,0,0,0,0,0,1,0,0,0,"2198","Missouri","Mississippi",2
"1551",0,0,0,0,0,0,0,0,0,0,0,0,0,0,0,0,0,0,"1308","Missouri","Moniteau",0
"1552",0,0,0,0,0,0,0,0,0,0,0,0,0,0,0,0,0,0,"396","Missouri","Monroe",0
"1553",0,0,0,0,0,0,1,0,0,0,0,0,0,0,0,0,0,0,"620","Missouri","Montgomery",1
"1554",0,0,0,0,0,0,0,0,0,0,0,0,0,0,0,0,0,0,"658","Missouri","Morgan",0
"1555",0,0,0,0,0,0,1,0,0,0,0,0,0,0,1,0,0,0,"2189","Missouri","New Madrid",2
"1556",0,0,0,0,0,0,1,0,0,0,0,0,0,0,0,0,0,0,"3151","Missouri","Newton",1
"1557",0,0,0,0,0,0,0,0,0,0,0,0,0,0,0,0,0,0,"3024","Missouri","Nodaway",0
"1558",0,0,0,0,0,0,1,0,0,0,0,0,0,0,0,0,0,0,"1774","Missouri","Oregon",1
"1559",0,0,0,0,0,0,1,0,0,0,0,0,0,0,0,0,0,0,"1291","Missouri","Osage",1
"1560",0,0,0,0,0,0,1,0,0,0,0,0,0,0,0,0,0,0,"2816","Missouri","Ozark",1
"1561",0,0,0,0,0,0,1,0,0,0,0,0,0,0,0,0,0,0,"1153","Missouri","Pemiscot",1
"1562",0,0,0,0,0,0,1,0,0,0,0,0,0,0,0,0,0,0,"2225","Missouri","Perry",1
"1563",0,0,0,0,0,0,1,0,0,0,0,0,0,0,0,0,0,0,"529","Missouri","Pettis",1
"1564",0,0,0,0,0,0,0,0,0,0,0,0,0,0,0,0,0,0,"359","Missouri","Phelps",0
"1565",0,0,0,0,0,0,1,0,0,0,0,0,0,0,0,0,0,0,"2196","Missouri","Pike",1
"1566",0,0,0,0,0,0,0,0,0,0,0,0,0,0,0,0,0,0,"2374","Missouri","Platte",0
"1567",0,0,0,0,0,0,0,0,0,0,0,0,0,0,0,0,0,0,"513","Missouri","Polk",0
"1568",0,0,0,0,0,0,0,0,0,0,0,0,0,0,0,0,0,0,"814","Missouri","Pulaski",0
"1569",0,0,0,0,0,0,0,0,0,0,0,0,0,0,0,0,0,0,"2647","Missouri","Putnam",0
"1570",0,0,0,0,0,0,1,0,0,0,0,0,0,0,0,0,0,0,"1368","Missouri","Ralls",1
"1571",0,0,0,0,0,0,0,0,0,0,0,0,0,0,0,0,0,0,"236","Missouri","Randolph",0
"1572",0,0,0,0,0,0,0,0,0,0,0,0,0,0,0,0,0,0,"1306","Missouri","Ray",0
"1573",0,0,0,0,0,0,0,0,0,0,0,0,0,0,0,0,1,0,"2247","Missouri","Reynolds",1
"1574",0,0,0,0,0,0,1,0,0,0,0,0,0,0,0,0,0,0,"128","Missouri","Ripley",1
"1575",0,0,0,0,0,0,1,0,0,0,0,0,0,0,0,0,0,0,"2569","Missouri","St. Charles",1
"1576",0,0,0,0,0,0,1,0,0,0,0,0,0,0,0,0,0,0,"2307","Missouri","St. Clair",1
"1577",0,0,0,0,0,0,1,0,0,0,0,0,0,0,0,0,1,0,"1048","Missouri","Ste. Genevieve",2
"1578",0,0,0,0,0,0,1,0,0,0,0,0,0,0,0,0,1,0,"1990","Missouri","St. Francois",2
"1579",0,0,0,0,0,0,1,0,0,0,0,0,0,0,0,0,0,0,"3028","Missouri","St. Louis",1
"1580",0,0,0,0,0,0,0,0,0,0,0,0,0,0,0,0,0,0,"1384","Missouri","Saline",0
"1581",0,0,0,0,0,0,0,0,0,0,0,0,0,0,0,0,0,0,"2405","Missouri","Schuyler",0
"1582",0,0,0,0,0,0,0,0,0,0,0,0,0,0,0,0,0,0,"570","Missouri","Scotland",0
"1583",0,0,0,0,0,0,1,0,0,0,0,0,0,0,0,0,0,0,"1528","Missouri","Scott",1
"1584",0,0,0,0,0,0,1,0,0,0,0,0,0,0,0,0,0,0,"2306","Missouri","Shannon",1
"1585",0,0,0,0,0,0,0,0,0,0,0,0,0,0,0,0,0,0,"10","Missouri","Shelby",0
"1586",0,0,0,0,0,0,1,0,0,0,0,0,0,0,1,0,0,0,"1402","Missouri","Stoddard",2
"1587",0,0,0,0,0,0,1,0,0,0,0,0,0,0,0,0,0,0,"877","Missouri","Stone",1
"1588",0,0,0,0,0,0,0,0,0,0,0,0,0,0,0,0,0,0,"782","Missouri","Sullivan",0
"1589",0,0,0,0,0,0,1,0,0,0,0,0,0,0,0,0,0,0,"2347","Missouri","Taney",1
"1590",0,0,0,0,0,0,0,0,0,0,0,0,0,0,0,0,0,0,"239","Missouri","Texas",0
"1591",0,0,0,0,0,0,1,0,0,0,0,0,0,0,0,0,0,0,"2624","Missouri","Vernon",1
"1592",0,0,0,0,0,0,1,0,0,0,0,0,0,0,0,0,0,0,"1548","Missouri","Warren",1
"1593",0,0,0,0,0,0,1,0,0,0,0,0,0,0,0,0,0,0,"461","Missouri","Washington",1
"1594",0,0,0,0,0,0,1,0,0,0,0,0,0,0,1,0,0,0,"2255","Missouri","Wayne",2
"1595",0,0,0,0,0,0,0,0,0,0,0,0,0,0,0,0,0,0,"234","Missouri","Webster",0
"1596",0,0,0,0,0,0,0,0,0,0,0,0,0,0,0,0,0,0,"200","Missouri","Worth",0
"1597",0,0,0,0,0,0,1,0,0,0,0,0,0,0,0,0,0,0,"352","Missouri","Wright",1
"1598",0,0,0,0,0,0,0,0,0,0,0,0,0,0,0,0,0,0,"1358","Missouri","St. Louis",0
"1599",0,0,0,0,0,0,0,0,0,0,0,0,0,0,0,0,0,0,"677","Montana","Beaverhead",0
"1600",0,0,0,0,0,0,0,0,0,0,0,0,0,0,0,0,0,0,"2423","Montana","Big Horn",0
"1601",0,0,0,0,0,0,0,0,0,0,0,0,0,0,0,0,0,0,"2085","Montana","Blaine",0
"1602",0,0,0,0,0,0,0,0,0,0,0,0,0,0,0,0,0,0,"550","Montana","Broadwater",0
"1603",0,0,0,0,0,0,0,0,0,0,0,0,0,0,0,0,0,0,"2840","Montana","Carbon",0
"1604",0,0,0,0,0,0,0,0,0,0,0,0,0,0,0,0,0,0,"1945","Montana","Carter",0
"1605",0,0,0,0,0,0,0,0,0,0,0,0,0,0,0,0,0,0,"1804","Montana","Cascade",0
"1606",0,0,0,0,0,0,0,0,0,0,0,0,0,0,0,0,0,0,"2880","Montana","Chouteau",0
"1607",0,0,0,0,0,0,0,0,0,0,0,0,0,0,0,0,0,0,"2103","Montana","Custer",0
"1608",0,0,0,0,0,0,0,0,0,0,0,0,0,0,0,0,0,0,"2407","Montana","Daniels",0
"1609",0,0,0,0,0,0,0,0,0,0,0,0,0,0,0,0,0,0,"2524","Montana","Dawson",0
"1610",0,0,0,0,0,0,0,0,0,0,0,0,0,0,0,0,0,0,"1309","Montana","Deer Lodge",0
"1611",0,0,0,0,0,0,0,0,0,0,0,0,0,0,0,0,0,0,"1166","Montana","Fallon",0
"1612",0,0,0,0,0,0,0,0,0,0,0,0,0,0,0,0,0,0,"1524","Montana","Fergus",0
"1613",0,0,0,0,0,0,0,0,0,0,0,0,0,0,0,0,0,0,"540","Montana","Flathead",0
"1614",0,0,0,0,0,0,0,0,0,0,0,0,0,0,0,0,0,0,"1653","Montana","Gallatin",0
"1615",0,0,0,0,0,0,0,0,0,0,0,0,0,0,0,0,0,0,"777","Montana","Garfield",0
"1616",0,0,0,0,0,0,0,0,0,0,0,0,0,0,0,0,0,0,"1049","Montana","Glacier",0
"1617",0,0,0,0,0,0,0,0,0,0,0,0,0,0,0,0,0,0,"2504","Montana","Golden Valley",0
"1618",0,0,0,0,0,0,0,0,0,0,0,0,0,0,0,0,0,0,"1314","Montana","Granite",0
"1619",0,0,0,0,0,0,0,0,0,0,0,0,0,0,0,0,0,0,"2200","Montana","Hill",0
"1620",0,0,0,0,0,0,0,0,0,0,0,0,0,0,0,0,0,0,"2046","Montana","Jefferson",0
"1621",0,0,0,0,0,0,0,0,0,0,0,0,0,0,0,0,0,0,"1439","Montana","Judith Basin",0
"1622",0,0,0,0,0,0,0,0,0,0,0,0,0,0,0,0,0,0,"2061","Montana","Lake",0
"1623",0,0,0,0,0,0,0,0,0,0,0,0,0,0,0,0,0,0,"675","Montana","Lewis and Clark",0
"1624",0,0,0,0,0,0,0,0,0,0,0,0,0,0,0,0,0,0,"2509","Montana","Liberty",0
"1625",0,0,0,0,0,0,0,0,0,0,0,0,0,0,0,0,0,0,"3154","Montana","Lincoln",0
"1626",0,0,0,0,0,0,0,0,0,0,0,0,0,0,0,0,0,0,"2408","Montana","McCone",0
"1627",0,0,0,0,0,0,0,0,0,0,0,0,0,0,0,0,0,0,"1788","Montana","Madison",0
"1628",0,0,0,0,0,0,0,0,0,0,0,0,0,0,0,0,0,0,"1455","Montana","Meagher",0
"1629",0,0,0,0,0,0,0,0,0,0,0,0,0,0,0,0,0,0,"2607","Montana","Mineral",0
"1630",0,0,0,0,0,0,0,0,0,0,0,0,0,0,0,0,0,0,"2327","Montana","Missoula",0
"1631",0,0,0,0,0,0,0,0,0,0,0,0,0,0,0,0,0,0,"2021","Montana","Musselshell",0
"1632",0,0,0,0,0,0,0,0,0,0,0,0,0,0,0,0,0,0,"107","Montana","Park",0
"1633",0,0,0,0,0,0,0,0,0,0,0,0,0,0,0,0,0,0,"873","Montana","Petroleum",0
"1634",0,0,0,0,0,0,0,0,0,0,0,0,0,0,0,0,0,0,"2664","Montana","Phillips",0
"1635",0,0,0,0,0,0,0,0,0,0,0,0,0,0,0,0,0,0,"1919","Montana","Pondera",0
"1636",0,0,0,0,0,0,0,0,0,0,0,0,0,0,0,0,0,0,"771","Montana","Powder River",0
"1637",0,0,0,0,0,0,0,0,0,0,0,0,0,0,0,0,0,0,"2053","Montana","Powell",0
"1638",0,0,0,0,0,0,0,0,0,0,0,0,0,0,0,0,0,0,"1149","Montana","Prairie",0
"1639",0,0,0,0,0,0,0,0,0,0,0,0,0,0,0,0,0,0,"785","Montana","Ravalli",0
"1640",0,0,0,0,0,0,0,0,0,0,0,0,0,0,0,0,0,0,"2368","Montana","Richland",0
"1641",0,0,0,0,0,0,0,0,0,0,0,0,0,0,0,0,0,0,"1505","Montana","Roosevelt",0
"1642",0,0,0,0,0,0,0,0,0,0,0,0,0,0,0,0,0,0,"1425","Montana","Rosebud",0
"1643",0,0,0,0,0,0,0,0,0,0,0,0,0,0,0,0,0,0,"6","Montana","Sanders",0
"1644",0,0,0,0,0,0,0,0,0,0,0,0,0,0,0,0,0,0,"2416","Montana","Sheridan",0
"1645",0,0,0,0,0,0,0,0,0,0,0,0,0,0,0,0,0,0,"1542","Montana","Silver Bow",0
"1646",0,0,0,0,0,0,0,0,0,0,0,0,0,0,0,0,0,0,"1407","Montana","Stillwater",0
"1647",0,0,0,0,0,0,0,0,0,0,0,0,0,0,0,0,0,0,"2275","Montana","Sweet Grass",0
"1648",0,0,0,0,0,0,0,0,0,0,0,0,0,0,0,0,0,0,"2132","Montana","Teton",0
"1649",0,0,0,0,0,0,0,0,0,0,0,0,0,0,0,0,0,0,"1155","Montana","Toole",0
"1650",0,0,0,0,0,0,0,0,0,0,0,0,0,0,0,0,0,0,"1042","Montana","Treasure",0
"1651",0,0,0,0,0,0,0,0,0,0,0,0,0,0,0,0,0,0,"895","Montana","Valley",0
"1652",0,0,0,0,0,0,0,0,0,0,0,0,0,0,0,0,0,0,"2171","Montana","Wheatland",0
"1653",0,0,0,0,0,0,0,0,0,0,0,0,0,0,0,0,0,0,"2186","Montana","Wibaux",0
"1654",0,0,0,0,0,0,0,0,0,0,0,0,0,0,0,0,0,0,"3137","Montana","Yellowstone",0
"1655",0,0,0,0,0,0,0,0,0,0,0,0,0,0,0,0,0,0,"3150","Nebraska","Adams",0
"1656",0,0,0,0,0,0,0,0,0,0,0,0,0,0,0,0,0,0,"2685","Nebraska","Antelope",0
"1657",0,0,0,0,0,0,0,0,0,0,0,0,0,0,0,0,0,0,"97","Nebraska","Arthur",0
"1658",0,0,0,0,0,0,0,0,0,0,0,0,0,0,0,0,0,0,"2795","Nebraska","Banner",0
"1659",0,0,0,0,0,0,0,0,0,0,0,0,0,0,0,0,0,0,"27","Nebraska","Blaine",0
"1660",0,0,0,0,0,0,0,0,0,0,0,0,0,0,0,0,0,0,"115","Nebraska","Boone",0
"1661",0,0,0,0,0,0,0,0,0,0,0,0,0,0,0,0,0,0,"455","Nebraska","Box Butte",0
"1662",0,0,0,0,0,0,0,0,0,0,0,0,0,0,0,0,0,0,"1520","Nebraska","Boyd",0
"1663",0,0,0,0,0,0,0,0,0,0,0,0,0,0,0,0,0,0,"872","Nebraska","Brown",0
"1664",0,0,0,0,0,0,0,0,0,0,0,0,0,0,0,0,0,0,"2572","Nebraska","Buffalo",0
"1665",0,0,0,0,0,0,0,0,0,0,0,0,0,0,0,0,0,0,"1942","Nebraska","Burt",0
"1666",0,0,0,0,0,0,0,0,0,0,0,0,0,0,0,0,0,0,"678","Nebraska","Butler",0
"1667",0,0,0,0,0,0,0,0,0,0,0,0,0,0,0,0,0,0,"1139","Nebraska","Cass",0
"1668",0,0,0,0,0,0,0,0,0,0,0,0,0,0,0,0,0,0,"2588","Nebraska","Cedar",0
"1669",0,0,0,0,0,0,0,0,0,0,0,0,0,0,0,0,0,0,"108","Nebraska","Chase",0
"1670",0,0,0,0,0,0,0,0,0,0,0,0,0,0,0,0,0,0,"1645","Nebraska","Cherry",0
"1671",0,0,0,0,0,0,0,0,0,0,0,0,0,0,0,0,0,0,"1682","Nebraska","Cheyenne",0
"1672",0,0,0,0,0,0,0,0,0,0,0,0,0,0,0,0,0,0,"150","Nebraska","Clay",0
"1673",0,0,0,0,0,0,0,0,0,0,0,0,0,0,0,0,0,0,"1570","Nebraska","Colfax",0
"1674",0,0,0,0,0,0,0,0,0,0,0,0,0,0,0,0,0,0,"2330","Nebraska","Cuming",0
"1675",0,0,0,0,0,0,0,0,0,0,0,0,0,0,0,0,0,0,"2269","Nebraska","Custer",0
"1676",0,0,0,0,0,0,0,0,0,0,0,0,0,0,0,0,0,0,"1885","Nebraska","Dakota",0
"1677",0,0,0,0,0,0,0,0,0,0,0,0,0,0,0,0,0,0,"2898","Nebraska","Dawes",0
"1678",0,0,0,0,0,0,0,0,0,0,0,0,0,0,0,0,0,0,"867","Nebraska","Dawson",0
"1679",0,0,0,0,0,0,0,0,0,0,0,0,0,0,0,0,0,0,"2276","Nebraska","Deuel",0
"1680",0,0,0,0,0,0,0,0,0,0,0,0,0,0,0,0,0,0,"1947","Nebraska","Dixon",0
"1681",0,0,0,0,0,0,0,0,0,0,0,0,0,0,0,0,0,0,"1232","Nebraska","Dodge",0
"1682",0,0,0,0,0,0,0,0,0,0,0,0,0,0,0,0,0,0,"959","Nebraska","Douglas",0
"1683",0,0,0,0,0,0,0,0,0,0,0,0,0,0,0,0,0,0,"2717","Nebraska","Dundy",0
"1684",0,0,0,0,0,0,0,0,0,0,0,0,0,0,0,0,0,0,"651","Nebraska","Fillmore",0
"1685",0,0,0,0,0,0,0,0,0,0,0,0,0,0,0,0,0,0,"587","Nebraska","Franklin",0
"1686",0,0,0,0,0,0,0,0,0,0,0,0,0,0,0,0,0,0,"2435","Nebraska","Frontier",0
"1687",0,0,0,0,0,0,0,0,0,0,0,0,0,0,0,0,0,0,"2436","Nebraska","Furnas",0
"1688",0,0,0,0,0,0,0,0,0,0,0,0,0,0,0,0,0,0,"649","Nebraska","Gage",0
"1689",0,0,0,0,0,0,0,0,0,0,0,0,0,0,0,0,0,0,"233","Nebraska","Garden",0
"1690",0,0,0,0,0,0,0,0,0,0,0,0,0,0,0,0,0,0,"2978","Nebraska","Garfield",0
"1691",0,0,0,0,0,0,0,0,0,0,0,0,0,0,0,0,0,0,"2523","Nebraska","Gosper",0
"1692",0,0,0,0,0,0,0,0,0,0,0,0,0,0,0,0,0,0,"531","Nebraska","Grant",0
"1693",0,0,0,0,0,0,0,0,0,0,0,0,0,0,0,0,0,0,"890","Nebraska","Greeley",0
"1694",0,0,0,0,0,0,0,0,0,0,0,0,0,0,0,0,0,0,"1422","Nebraska","Hall",0
"1695",0,0,0,0,0,0,0,0,0,0,0,0,0,0,0,0,0,0,"96","Nebraska","Hamilton",0
"1696",0,0,0,0,0,0,0,0,0,0,0,0,0,0,0,0,0,0,"1091","Nebraska","Harlan",0
"1697",0,0,0,0,0,0,0,0,0,0,0,0,0,0,0,0,0,0,"389","Nebraska","Hayes",0
"1698",0,0,0,0,0,0,0,0,0,0,0,0,0,0,0,0,0,0,"387","Nebraska","Hitchcock",0
"1699",0,0,0,0,0,0,0,0,0,0,0,0,0,0,0,0,0,0,"1019","Nebraska","Holt",0
"1700",0,0,0,0,0,0,0,0,0,0,0,0,0,0,0,0,0,0,"459","Nebraska","Hooker",0
"1701",0,0,0,0,0,0,0,0,0,0,0,0,0,0,0,0,0,0,"171","Nebraska","Howard",0
"1702",0,0,0,0,0,0,0,0,0,0,0,0,0,0,0,0,0,0,"3152","Nebraska","Jefferson",0
"1703",0,0,0,0,0,0,0,0,0,0,0,0,0,0,0,0,0,0,"868","Nebraska","Johnson",0
"1704",0,0,0,0,0,0,0,0,0,0,0,0,0,0,0,0,0,0,"588","Nebraska","Kearney",0
"1705",0,0,0,0,0,0,0,0,0,0,0,0,0,0,0,0,0,0,"82","Nebraska","Keith",0
"1706",0,0,0,0,0,0,0,0,0,0,0,0,0,0,0,0,0,0,"1150","Nebraska","Keya Paha",0
"1707",0,0,0,0,0,0,0,0,0,0,0,0,0,0,0,0,0,0,"2009","Nebraska","Kimball",0
"1708",0,0,0,0,0,0,0,0,0,0,0,0,0,0,0,0,0,0,"1519","Nebraska","Knox",0
"1709",0,0,0,0,0,0,0,0,0,0,0,0,0,0,0,0,0,0,"1544","Nebraska","Lancaster",0
"1710",0,0,0,0,0,0,0,0,0,0,0,0,0,0,0,0,0,0,"32","Nebraska","Lincoln",0
"1711",0,0,0,0,0,0,0,0,0,0,0,0,0,0,0,0,0,0,"818","Nebraska","Logan",0
"1712",0,0,0,0,0,0,0,0,0,0,0,0,0,0,0,0,0,0,"1214","Nebraska","Loup",0
"1713",0,0,0,0,0,0,0,0,0,0,0,0,0,0,0,0,0,0,"34","Nebraska","McPherson",0
"1714",0,0,0,0,0,0,0,0,0,0,0,0,0,0,0,0,0,0,"762","Nebraska","Madison",0
"1715",0,0,0,0,0,0,0,0,0,0,0,0,0,0,0,0,0,0,"1041","Nebraska","Merrick",0
"1716",0,0,0,0,0,0,0,0,0,0,0,0,0,0,0,0,0,0,"392","Nebraska","Morrill",0
"1717",0,0,0,0,0,0,0,0,0,0,0,0,0,0,0,0,0,0,"1369","Nebraska","Nance",0
"1718",0,0,0,0,0,0,0,0,0,0,0,0,0,0,0,0,0,0,"1140","Nebraska","Nemaha",0
"1719",0,0,0,0,0,0,0,0,0,0,0,0,0,0,0,0,0,0,"2742","Nebraska","Nuckolls",0
"1720",0,0,0,0,0,0,0,0,0,0,0,0,0,0,0,0,0,0,"2821","Nebraska","Otoe",0
"1721",0,0,0,0,0,0,0,0,0,0,0,0,0,0,0,0,0,0,"941","Nebraska","Pawnee",0
"1722",0,0,0,0,0,0,0,0,0,0,0,0,0,0,0,0,0,0,"763","Nebraska","Perkins",0
"1723",0,0,0,0,0,0,0,0,0,0,0,0,0,0,0,0,0,0,"1120","Nebraska","Phelps",0
"1724",0,0,0,0,0,0,0,0,0,0,0,0,0,0,0,0,0,0,"259","Nebraska","Pierce",0
"1725",0,0,0,0,0,0,0,0,0,0,0,0,0,0,0,0,0,0,"395","Nebraska","Platte",0
"1726",0,0,0,0,0,0,0,0,0,0,0,0,0,0,0,0,0,0,"218","Nebraska","Polk",0
"1727",0,0,0,0,0,0,0,0,0,0,0,0,0,0,0,0,0,0,"2690","Nebraska","Red Willow",0
"1728",0,0,0,0,0,0,0,0,0,0,0,0,0,0,0,0,0,0,"1976","Nebraska","Richardson",0
"1729",0,0,0,0,0,0,0,0,0,0,0,0,0,0,0,0,0,0,"1423","Nebraska","Rock",0
"1730",0,0,0,0,0,0,0,0,0,0,0,0,0,0,0,0,0,0,"1151","Nebraska","Saline",0
"1731",0,0,0,0,0,0,0,0,0,0,0,0,0,0,0,0,0,0,"2650","Nebraska","Sarpy",0
"1732",0,0,0,0,0,0,0,0,0,0,0,0,0,0,0,0,0,0,"1260","Nebraska","Saunders",0
"1733",0,0,0,0,0,0,0,0,0,0,0,0,0,0,0,0,0,0,"2201","Nebraska","Scotts Bluff",0
"1734",0,0,0,0,0,0,0,0,0,0,0,0,0,0,0,0,0,0,"151","Nebraska","Seward",0
"1735",0,0,0,0,0,0,0,0,0,0,0,0,0,0,0,0,0,0,"1627","Nebraska","Sheridan",0
"1736",0,0,0,0,0,0,0,0,0,0,0,0,0,0,0,0,0,0,"617","Nebraska","Sherman",0
"1737",0,0,0,0,0,0,0,0,0,0,0,0,0,0,0,0,0,0,"1782","Nebraska","Sioux",0
"1738",0,0,0,0,0,0,0,0,0,0,0,0,0,0,0,0,0,0,"224","Nebraska","Stanton",0
"1739",0,0,0,0,0,0,0,0,0,0,0,0,0,0,0,0,0,0,"454","Nebraska","Thayer",0
"1740",0,0,0,0,0,0,0,0,0,0,0,0,0,0,0,0,0,0,"103","Nebraska","Thomas",0
"1741",0,0,0,0,0,0,0,0,0,0,0,0,0,0,0,0,0,0,"2195","Nebraska","Thurston",0
"1742",0,0,0,0,0,0,0,0,0,0,0,0,0,0,0,0,0,0,"632","Nebraska","Valley",0
"1743",0,0,0,0,0,0,0,0,0,0,0,0,0,0,0,0,0,0,"1471","Nebraska","Washington",0
"1744",0,0,0,0,0,0,0,0,0,0,0,0,0,0,0,0,0,0,"748","Nebraska","Wayne",0
"1745",0,0,0,0,0,0,0,0,0,0,0,0,0,0,0,0,0,0,"248","Nebraska","Webster",0
"1746",0,0,0,0,0,0,0,0,0,0,0,0,0,0,0,0,0,0,"679","Nebraska","Wheeler",0
"1747",0,0,0,0,0,0,0,0,0,0,0,0,0,0,0,0,0,0,"77","Nebraska","York",0
"1748",0,0,0,0,0,0,0,0,0,0,0,0,0,0,0,0,0,0,"1940","Nevada","Churchill",0
"1749",0,0,0,0,0,0,0,0,0,0,0,0,0,0,0,0,0,0,"1205","Nevada","Clark",0
"1750",0,0,0,0,0,0,0,0,0,0,0,0,0,0,0,0,0,0,"1050","Nevada","Douglas",0
"1751",0,0,0,0,0,0,0,0,0,0,0,0,0,0,0,0,0,0,"2871","Nevada","Elko",0
"1752",0,0,0,0,0,0,0,0,0,0,0,0,0,0,0,0,0,0,"2989","Nevada","Esmeralda",0
"1753",0,0,0,0,0,0,0,0,0,0,0,0,0,0,0,0,0,0,"1060","Nevada","Eureka",0
"1754",0,0,0,0,0,0,0,0,0,0,0,0,0,0,0,0,0,0,"2129","Nevada","Humboldt",0
"1755",0,0,0,0,0,0,0,0,0,0,0,0,0,0,0,0,0,0,"2559","Nevada","Lander",0
"1756",0,0,0,0,0,0,0,0,0,0,0,0,0,0,0,0,0,0,"2190","Nevada","Lincoln",0
"1757",0,0,0,0,0,0,0,0,0,0,0,0,0,0,0,0,0,0,"1182","Nevada","Lyon",0
"1758",0,0,0,0,0,0,0,0,0,0,0,0,0,0,0,0,0,0,"2278","Nevada","Mineral",0
"1759",0,0,0,0,0,0,0,0,0,0,0,0,0,0,0,0,0,0,"2852","Nevada","Nye",0
"1760",0,0,0,0,0,0,0,0,0,0,0,0,0,0,0,0,0,0,"2799","Nevada","Pershing",0
"1761",0,0,0,0,0,0,0,0,0,0,0,0,0,0,0,0,0,0,"338","Nevada","Storey",0
"1762",0,0,0,0,0,0,0,0,0,0,0,0,0,0,0,0,0,0,"1223","Nevada","Washoe",0
"1763",0,0,0,0,0,0,0,0,0,0,0,0,0,0,0,0,0,0,"2997","Nevada","White Pine",0
"1764",0,0,0,0,0,0,0,0,0,0,0,0,0,0,0,0,0,0,"2890","Nevada","Carson City",0
"1765",0,0,0,0,0,0,0,0,0,1,0,0,1,0,0,0,1,0,"1830","New Hampshire","Belknap",3
"1766",0,0,0,0,0,0,0,0,0,1,0,0,1,0,0,0,1,0,"2244","New Hampshire","Carroll",3
"1767",0,0,0,0,0,0,0,0,0,1,0,0,1,0,0,0,1,0,"2020","New Hampshire","Cheshire",3
"1768",0,0,0,0,0,0,0,0,0,0,0,0,1,0,0,0,1,0,"397","New Hampshire","Coos",2
"1769",0,0,0,0,0,0,0,0,0,0,0,0,1,0,0,0,1,0,"746","New Hampshire","Grafton",2
"1770",0,0,0,0,0,0,0,0,0,1,0,0,1,0,0,0,1,0,"2466","New Hampshire","Hillsborough",3
"1771",0,0,0,0,0,0,0,0,0,1,0,0,1,0,0,0,1,0,"1773","New Hampshire","Merrimack",3
"1772",0,0,0,0,0,0,0,1,0,1,0,0,1,0,0,0,1,0,"1509","New Hampshire","Rockingham",4
"1773",0,0,0,0,0,0,0,0,0,1,0,0,1,0,0,0,1,0,"3076","New Hampshire","Strafford",3
"1774",0,0,0,0,0,0,0,0,0,1,0,0,1,0,0,0,1,0,"2615","New Hampshire","Sullivan",3
"1775",0,0,0,0,0,0,0,1,0,1,0,0,1,0,1,0,1,0,"1356","New Jersey","Atlantic",5
"1776",0,0,0,0,0,0,0,0,0,1,0,0,0,0,1,0,1,0,"2056","New Jersey","Bergen",3
"1777",0,0,0,0,0,0,0,1,0,1,0,0,0,0,1,0,1,0,"2279","New Jersey","Burlington",4
"1778",0,0,0,0,0,0,0,1,0,1,0,0,1,0,1,0,1,0,"1224","New Jersey","Camden",5
"1779",0,0,0,0,0,0,0,1,0,1,0,0,1,0,1,0,1,0,"2354","New Jersey","Cape May",5
"1780",0,0,0,0,0,0,0,1,0,1,0,0,0,0,1,0,1,0,"1820","New Jersey","Cumberland",4
"1781",0,0,0,0,0,0,0,0,0,1,0,0,1,0,1,0,1,0,"1964","New Jersey","Essex",4
"1782",0,0,0,0,0,0,0,1,0,1,0,0,1,0,1,0,1,0,"1831","New Jersey","Gloucester",5
"1783",0,0,0,0,0,0,0,1,0,1,0,0,1,0,0,0,1,0,"3069","New Jersey","Hudson",4
"1784",0,0,0,0,0,0,0,0,0,0,0,0,1,0,0,0,1,0,"1554","New Jersey","Hunterdon",2
"1785",0,0,0,0,0,0,0,1,0,1,0,0,1,0,1,0,1,0,"896","New Jersey","Mercer",5
"1786",0,0,0,0,0,0,0,1,0,1,0,0,1,0,1,0,1,0,"2970","New Jersey","Middlesex",5
"1787",0,0,0,0,0,0,0,1,0,1,0,0,1,0,1,0,1,0,"2794","New Jersey","Monmouth",5
"1788",0,0,0,0,0,0,0,1,0,1,0,1,1,0,1,0,1,0,"1335","New Jersey","Morris",6
"1789",0,0,0,0,0,0,0,1,0,1,0,0,1,0,1,0,1,0,"2988","New Jersey","Ocean",5
"1790",0,0,0,0,0,0,0,0,0,0,0,1,1,0,1,0,1,0,"2052","New Jersey","Passaic",4
"1791",0,0,0,0,0,0,0,1,0,1,0,0,0,0,0,0,1,0,"1506","New Jersey","Salem",3
"1792",0,0,0,0,0,0,0,0,0,1,0,0,1,0,1,0,1,0,"1588","New Jersey","Somerset",4
"1793",0,0,0,0,0,0,0,0,0,1,0,1,1,0,0,0,1,0,"2206","New Jersey","Sussex",4
"1794",0,0,0,0,0,0,0,0,0,1,0,0,1,0,1,0,1,0,"2621","New Jersey","Union",4
"1795",0,0,0,0,0,0,0,0,0,1,0,1,1,0,1,0,1,0,"1034","New Jersey","Warren",5
"1796",0,0,0,0,0,0,0,0,0,0,0,0,0,0,0,0,0,0,"2800","New Mexico","Bernalillo",0
"1797",0,0,0,0,0,0,0,0,0,0,0,0,0,0,0,0,0,0,"547","New Mexico","Catron",0
"1798",0,0,0,0,0,0,0,0,0,0,0,0,0,0,0,0,0,0,"1711","New Mexico","Chaves",0
"1799",0,0,0,0,0,0,0,0,0,0,0,0,0,0,0,0,0,0,"1295","New Mexico","Cibola",0
"1800",0,0,0,0,0,0,0,0,0,0,0,0,0,0,0,0,0,0,"1681","New Mexico","Colfax",0
"1801",0,0,0,0,0,0,0,0,0,0,0,0,0,0,0,0,0,0,"3025","New Mexico","Curry",0
"1802",0,0,0,0,0,0,0,0,0,0,0,0,0,0,0,0,0,0,"88","New Mexico","De Baca",0
"1803",0,0,0,0,0,0,0,0,0,0,0,0,0,0,0,0,0,0,"1333","New Mexico","Doña Ana",0
"1804",0,0,0,0,0,0,0,0,0,0,0,0,0,0,0,0,0,0,"807","New Mexico","Eddy",0
"1805",0,0,0,0,0,0,0,0,0,0,0,0,0,0,0,0,0,0,"1825","New Mexico","Grant",0
"1806",0,0,0,0,0,0,0,0,0,0,0,0,0,0,0,0,0,0,"1044","New Mexico","Guadalupe",0
"1807",0,0,0,0,0,0,0,0,0,0,0,0,0,0,0,0,0,0,"2387","New Mexico","Harding",0
"1808",0,0,0,0,0,0,0,0,0,0,0,0,0,0,0,0,0,0,"1021","New Mexico","Hidalgo",0
"1809",0,0,0,0,0,0,0,0,0,0,0,0,0,0,0,0,0,0,"2805","New Mexico","Lea",0
"1810",0,0,0,0,0,0,0,0,0,0,0,0,0,0,0,0,0,0,"2985","New Mexico","Lincoln",0
"1811",0,0,0,0,0,0,0,0,0,0,0,0,0,0,0,0,0,0,"1950","New Mexico","Los Alamos",0
"1812",0,0,0,0,0,0,0,0,0,0,0,0,0,0,0,0,0,0,"2634","New Mexico","Luna",0
"1813",0,0,0,0,0,0,0,0,0,0,0,0,0,0,0,0,0,0,"46","New Mexico","McKinley",0
"1814",0,0,0,0,0,0,0,0,0,0,0,0,0,0,0,0,0,0,"2203","New Mexico","Mora",0
"1815",0,0,0,0,0,0,0,0,0,0,0,0,0,0,0,0,0,0,"898","New Mexico","Otero",0
"1816",0,0,0,0,0,0,0,0,0,0,0,0,0,0,0,0,0,0,"1296","New Mexico","Quay",0
"1817",0,0,0,0,0,0,0,0,0,0,0,0,0,0,0,0,0,0,"2867","New Mexico","Rio Arriba",0
"1818",0,0,0,0,0,0,0,0,0,0,0,0,0,0,0,0,0,0,"1339","New Mexico","Roosevelt",0
"1819",0,0,0,0,0,0,0,0,0,0,0,0,0,0,0,0,0,0,"1253","New Mexico","Sandoval",0
"1820",0,0,0,0,0,0,0,0,0,0,0,0,0,0,0,0,0,0,"1725","New Mexico","San Juan",0
"1821",0,0,0,0,0,0,0,0,0,0,0,0,0,0,0,0,0,0,"1772","New Mexico","San Miguel",0
"1822",0,0,0,0,0,0,0,0,0,0,0,0,0,0,0,0,0,0,"2487","New Mexico","Santa Fe",0
"1823",0,0,0,0,0,0,0,0,0,0,0,0,0,0,0,0,0,0,"2412","New Mexico","Sierra",0
"1824",0,0,0,0,0,0,0,0,0,0,0,0,0,0,0,0,0,0,"1815","New Mexico","Socorro",0
"1825",0,0,0,0,0,0,0,0,0,0,0,0,0,0,0,0,0,0,"897","New Mexico","Taos",0
"1826",0,0,0,0,0,0,0,0,0,0,0,0,0,0,0,0,0,0,"250","New Mexico","Torrance",0
"1827",0,0,0,0,0,0,0,0,0,0,0,0,0,0,0,0,0,0,"735","New Mexico","Union",0
"1828",0,0,0,0,0,0,0,0,0,0,0,0,0,0,0,0,0,0,"1363","New Mexico","Valencia",0
"1829",0,0,0,0,0,0,0,0,0,1,0,0,1,0,0,0,1,0,"7","New York","Albany",3
"1830",0,0,0,0,0,0,0,0,0,0,0,0,0,0,0,0,0,0,"201","New York","Allegany",0
"1831",0,0,0,0,0,0,0,0,0,1,0,0,0,0,1,0,1,0,"2665","New York","Bronx",3
"1832",0,0,0,0,0,0,0,0,0,0,0,1,0,0,0,0,1,0,"2601","New York","Broome",2
"1833",0,0,0,0,0,0,0,0,0,0,0,1,1,0,0,0,1,0,"3179","New York","Cattaraugus",3
"1834",0,0,0,0,0,0,0,0,0,0,0,0,1,0,0,0,0,0,"2064","New York","Cayuga",1
"1835",0,0,0,0,0,0,0,0,0,0,0,0,1,0,0,0,1,0,"1316","New York","Chautauqua",2
"1836",0,0,0,0,0,0,0,0,0,0,0,0,1,0,0,0,1,0,"1183","New York","Chemung",2
"1837",0,0,0,0,0,0,0,0,0,0,0,0,1,0,0,0,1,0,"2109","New York","Chenango",2
"1838",0,0,0,0,0,0,0,0,0,0,0,0,1,0,0,0,1,0,"1556","New York","Clinton",2
"1839",0,0,0,0,0,0,0,0,0,1,0,0,1,0,0,0,1,0,"3027","New York","Columbia",3
"1840",0,0,0,0,0,0,0,0,0,0,0,0,1,0,0,0,1,0,"850","New York","Cortland",2
"1841",0,0,0,0,0,0,0,0,0,1,0,1,1,0,0,0,1,0,"3146","New York","Delaware",4
"1842",0,0,0,0,0,0,0,0,0,0,0,0,0,0,1,0,1,0,"1315","New York","Dutchess",2
"1843",0,0,0,0,0,0,0,0,0,0,0,0,1,0,0,0,1,0,"2772","New York","Erie",2
"1844",0,0,0,0,0,0,0,0,0,0,0,0,1,0,0,0,1,0,"905","New York","Essex",2
"1845",0,0,0,0,0,0,0,0,0,0,0,0,1,0,0,0,0,0,"652","New York","Franklin",1
"1846",0,0,0,0,0,0,0,0,0,0,0,1,0,0,0,0,0,0,"654","New York","Fulton",1
"1847",0,0,0,0,0,0,0,0,0,0,0,0,1,0,0,0,1,0,"1241","New York","Genesee",2
"1848",0,0,0,0,0,0,0,0,0,1,0,1,1,0,0,0,1,0,"813","New York","Greene",4
"1849",0,0,0,0,0,0,0,0,0,0,0,0,1,0,0,0,1,0,"1427","New York","Hamilton",2
"1850",0,0,0,0,0,0,0,0,0,0,0,0,0,0,0,0,1,0,"1364","New York","Herkimer",1
"1851",0,0,0,0,0,0,0,0,0,0,0,0,0,0,0,0,0,0,"2016","New York","Jefferson",0
"1852",0,0,0,0,0,0,0,1,0,1,0,0,0,0,1,0,1,0,"2797","New York","Kings",4
"1853",0,0,0,0,0,0,0,0,0,0,0,0,1,0,0,0,1,0,"84","New York","Lewis",2
"1854",0,0,0,0,0,0,0,0,0,0,0,0,0,0,0,0,0,0,"1507","New York","Livingston",0
"1855",0,0,0,0,0,0,0,0,0,0,0,0,1,0,0,0,1,0,"2340","New York","Madison",2
"1856",0,0,0,0,0,0,0,0,0,0,0,0,0,0,0,0,1,0,"1070","New York","Monroe",1
"1857",0,0,0,0,0,0,0,0,0,0,0,0,0,0,0,0,0,0,"2566","New York","Montgomery",0
"1858",0,0,0,0,0,0,0,1,0,1,0,1,1,0,1,0,1,0,"1797","New York","Nassau",6
"1859",0,0,0,0,0,0,0,0,0,0,0,1,0,0,1,0,1,0,"3115","New York","New York",3
"1860",0,0,0,0,0,0,0,0,0,0,0,0,0,0,0,0,1,0,"2467","New York","Niagara",1
"1861",0,0,0,0,0,0,0,0,0,0,0,0,1,0,0,0,1,0,"2346","New York","Oneida",2
"1862",0,0,0,0,0,0,0,0,0,0,0,0,1,0,0,0,1,0,"3167","New York","Onondaga",2
"1863",0,0,0,0,0,0,0,0,0,0,0,0,1,0,0,0,1,0,"2707","New York","Ontario",2
"1864",0,0,0,0,0,0,0,0,0,1,0,1,1,0,1,0,1,0,"2980","New York","Orange",5
"1865",0,0,0,0,0,0,0,0,0,0,0,0,0,0,0,0,0,0,"249","New York","Orleans",0
"1866",0,0,0,0,0,0,0,0,0,0,0,0,1,0,0,0,1,0,"1157","New York","Oswego",2
"1867",0,0,0,0,0,0,0,0,0,0,0,0,1,0,0,0,0,0,"2934","New York","Otsego",1
"1868",0,0,0,0,0,0,0,0,0,1,0,0,1,0,0,0,1,0,"808","New York","Putnam",3
"1869",0,0,0,0,0,0,0,1,0,1,0,0,1,0,1,0,1,0,"1022","New York","Queens",5
"1870",0,0,0,0,0,0,0,0,0,0,0,0,1,0,0,0,1,0,"1511","New York","Rensselaer",2
"1871",0,0,0,0,0,0,0,1,0,1,0,0,1,0,1,0,1,0,"1069","New York","Richmond",5
"1872",0,0,0,0,0,0,0,0,0,0,0,1,1,0,1,0,1,0,"3145","New York","Rockland",4
"1873",0,0,0,0,0,0,0,0,0,0,0,0,1,0,0,0,1,0,"2302","New York","St. Lawrence",2
"1874",0,0,0,0,0,0,0,0,0,0,0,0,0,0,0,0,1,0,"2977","New York","Saratoga",1
"1875",0,0,0,0,0,0,0,0,0,0,0,0,1,0,0,0,1,0,"653","New York","Schenectady",2
"1876",0,0,0,0,0,0,0,0,0,0,0,0,0,0,0,0,0,0,"2757","New York","Schoharie",0
"1877",0,0,0,0,0,0,0,0,0,0,0,0,0,0,0,0,0,0,"160","New York","Schuyler",0
"1878",0,0,0,0,0,0,0,0,0,0,0,0,0,0,0,0,0,0,"129","New York","Seneca",0
"1879",0,0,0,0,0,0,0,0,0,0,0,0,1,0,0,0,0,0,"2635","New York","Steuben",1
"1880",0,0,0,0,0,0,0,1,0,1,0,1,1,0,1,0,1,0,"1912","New York","Suffolk",6
"1881",0,0,0,0,0,0,0,0,0,1,0,1,1,0,0,0,1,0,"3112","New York","Sullivan",4
"1882",0,0,0,0,0,0,0,0,0,0,0,0,0,0,0,0,1,0,"2546","New York","Tioga",1
"1883",0,0,0,0,0,0,0,0,0,0,0,0,1,0,0,0,1,0,"3033","New York","Tompkins",2
"1884",0,0,0,0,0,0,0,0,0,1,0,1,1,0,0,0,1,0,"1589","New York","Ulster",4
"1885",0,0,0,0,0,0,0,0,0,1,0,0,1,0,0,0,1,0,"793","New York","Warren",3
"1886",0,0,0,0,0,0,0,0,0,1,0,0,1,0,0,0,1,0,"2108","New York","Washington",3
"1887",0,0,0,0,0,0,0,0,0,0,0,0,0,0,0,0,0,0,"1340","New York","Wayne",0
"1888",0,0,0,0,0,0,0,0,0,1,0,0,1,0,1,0,1,0,"2226","New York","Westchester",4
"1889",0,0,0,0,0,0,0,0,0,0,0,0,1,0,0,0,1,0,"976","New York","Wyoming",2
"1890",0,0,0,0,0,0,0,0,0,0,0,0,0,0,0,0,0,0,"1043","New York","Yates",0
"1891",0,0,0,0,0,0,0,0,0,0,0,0,0,0,1,0,0,0,"1717","North Carolina","Alamance",1
"1892",0,0,0,0,0,0,0,0,0,0,0,1,0,0,1,0,1,0,"3026","North Carolina","Alexander",3
"1893",0,0,0,0,0,0,0,0,0,0,0,1,0,0,0,0,1,0,"1515","North Carolina","Alleghany",2
"1894",0,0,0,0,0,0,1,0,0,0,0,0,0,0,1,0,1,0,"2925","North Carolina","Anson",3
"1895",0,0,0,0,0,0,0,0,0,0,0,1,0,0,1,0,0,0,"1745","North Carolina","Ashe",2
"1896",0,0,0,0,0,0,0,0,0,0,0,1,0,0,0,0,1,0,"2027","North Carolina","Avery",2
"1897",1,0,0,0,1,0,0,1,0,0,0,0,0,0,1,0,1,0,"2688","North Carolina","Beaufort",5
"1898",0,0,0,0,0,0,1,1,0,0,0,0,0,0,1,0,1,0,"1484","North Carolina","Bertie",4
"1899",0,0,0,0,1,0,1,1,0,1,0,0,0,0,1,0,1,0,"2421","North Carolina","Bladen",6
"1900",1,1,1,0,1,0,0,1,0,1,0,0,0,1,1,0,1,1,"1875","North Carolina","Brunswick",10
"1901",0,0,0,0,0,0,0,0,0,0,0,1,0,0,1,0,0,0,"2900","North Carolina","Buncombe",2
"1902",0,0,0,0,0,0,0,0,0,0,0,1,0,0,0,0,1,0,"2148","North Carolina","Burke",2
"1903",0,0,0,0,0,0,1,0,0,0,0,0,0,0,1,0,0,0,"1775","North Carolina","Cabarrus",2
"1904",0,0,0,0,0,0,0,0,0,0,0,1,0,0,1,0,0,0,"1853","North Carolina","Caldwell",2
"1905",0,0,0,0,0,0,0,0,0,0,0,0,0,0,0,0,0,1,"2030","North Carolina","Camden",1
"1906",0,0,0,0,1,0,0,1,0,0,0,0,0,0,1,0,0,1,"3184","North Carolina","Carteret",4
"1907",0,0,0,0,0,0,0,0,0,0,0,0,0,0,1,0,0,0,"2716","North Carolina","Caswell",1
"1908",0,0,0,0,0,0,0,0,0,0,0,1,0,0,1,0,0,0,"933","North Carolina","Catawba",2
"1909",0,0,0,0,0,0,1,1,0,0,0,0,0,0,1,0,1,0,"1010","North Carolina","Chatham",4
"1910",0,0,0,0,0,0,0,0,0,0,0,1,0,0,1,0,1,0,"2386","North Carolina","Cherokee",3
"1911",0,0,0,0,1,0,0,1,0,1,0,0,0,0,1,0,1,0,"2881","North Carolina","Chowan",5
"1912",0,0,0,0,0,0,0,0,0,0,0,1,0,0,1,0,1,0,"2825","North Carolina","Clay",3
"1913",0,0,0,0,0,0,0,0,0,0,0,0,0,0,1,0,1,0,"2929","North Carolina","Cleveland",2
"1914",0,0,0,0,1,0,0,1,0,0,0,0,0,1,1,0,1,0,"3071","North Carolina","Columbus",5
"1915",0,0,0,0,1,0,1,1,0,1,0,0,0,1,1,0,0,0,"415","North Carolina","Craven",6
"1916",1,0,0,0,1,0,1,1,0,1,0,1,0,0,1,0,0,0,"932","North Carolina","Cumberland",7
"1917",0,0,0,0,0,0,0,0,0,0,0,0,0,0,0,0,0,1,"2643","North Carolina","Currituck",1
"1918",0,0,0,0,1,0,0,1,0,0,0,0,0,0,1,0,0,1,"2632","North Carolina","Dare",4
"1919",0,0,0,0,0,0,0,0,0,0,0,1,0,0,1,0,1,0,"2738","North Carolina","Davidson",3
"1920",0,0,0,0,0,0,1,0,0,0,0,0,0,0,1,0,0,0,"2658","North Carolina","Davie",2
"1921",0,0,0,0,1,0,0,1,0,0,0,0,0,0,1,0,0,0,"1904","North Carolina","Duplin",3
"1922",0,0,0,0,0,0,1,1,0,0,0,1,0,0,1,0,1,0,"1328","North Carolina","Durham",5
"1923",0,0,0,0,0,0,0,1,0,0,0,1,0,0,0,0,0,0,"2450","North Carolina","Edgecombe",2
"1924",0,0,0,0,0,0,1,0,0,0,0,1,0,0,1,0,1,0,"1189","North Carolina","Forsyth",4
"1925",0,0,0,0,0,0,1,0,0,0,0,0,0,0,1,0,1,0,"1063","North Carolina","Franklin",3
"1926",0,0,0,0,0,0,1,0,0,0,0,0,0,0,1,0,0,0,"1317","North Carolina","Gaston",2
"1927",0,0,0,0,1,0,1,1,0,1,0,0,0,0,1,0,1,0,"1658","North Carolina","Gates",6
"1928",0,0,0,0,0,0,0,0,0,0,0,1,0,0,1,0,1,0,"2353","North Carolina","Graham",3
"1929",0,0,0,0,0,0,1,0,0,0,0,1,0,0,1,0,1,0,"2398","North Carolina","Granville",4
"1930",0,0,0,0,0,0,1,1,0,1,0,0,0,0,1,0,0,0,"2472","North Carolina","Greene",4
"1931",0,0,0,0,0,0,1,0,0,0,0,1,0,0,1,0,1,0,"751","North Carolina","Guilford",4
"1932",0,0,0,0,0,0,1,1,0,0,0,0,0,0,1,0,1,0,"3215","North Carolina","Halifax",4
"1933",0,1,0,0,1,0,0,1,0,1,0,0,0,0,1,0,1,0,"2320","North Carolina","Harnett",6
"1934",0,0,0,0,0,0,0,0,0,0,0,1,0,0,1,0,1,0,"1534","North Carolina","Haywood",3
"1935",0,0,0,0,0,0,0,0,0,0,0,0,0,0,1,0,1,0,"1061","North Carolina","Henderson",2
"1936",0,0,0,0,0,0,1,1,0,1,0,0,0,0,1,0,1,0,"2067","North Carolina","Hertford",5
"1937",0,1,0,0,1,0,1,1,0,1,0,0,0,0,0,0,0,0,"1398","North Carolina","Hoke",5
"1938",0,0,0,0,0,0,0,1,0,0,0,0,0,0,0,0,0,1,"2669","North Carolina","Hyde",2
"1939",0,0,0,0,0,0,1,0,0,0,0,1,0,0,1,0,1,0,"2401","North Carolina","Iredell",4
"1940",0,0,0,0,0,0,0,0,0,0,0,1,0,0,1,0,1,0,"2075","North Carolina","Jackson",3
"1941",0,0,0,0,1,0,1,1,0,1,0,0,0,0,1,0,1,0,"2552","North Carolina","Johnston",6
"1942",1,0,0,0,1,0,0,1,0,1,0,0,0,0,1,0,0,0,"295","North Carolina","Jones",5
"1943",0,0,0,0,0,0,1,1,0,1,0,1,0,0,1,0,1,0,"2861","North Carolina","Lee",6
"1944",1,0,0,0,1,0,1,0,0,1,0,1,0,0,1,0,0,0,"1526","North Carolina","Lenoir",6
"1945",0,0,0,0,0,0,0,0,0,0,0,0,0,0,1,0,1,0,"1357","North Carolina","Lincoln",2
"1946",0,0,0,0,0,0,0,0,0,0,0,1,0,0,1,0,0,0,"2267","North Carolina","McDowell",2
"1947",0,0,0,0,0,0,0,0,0,0,0,1,0,0,1,0,1,0,"2349","North Carolina","Macon",3
"1948",0,0,0,0,0,0,0,0,0,0,0,1,0,0,1,0,0,0,"1206","North Carolina","Madison",2
"1949",0,0,0,0,0,0,0,1,0,0,0,1,0,0,1,0,0,0,"2969","North Carolina","Martin",3
"1950",0,0,0,0,0,0,0,0,0,0,1,0,0,0,0,0,0,0,"2780","North Carolina","Mecklenburg",1
"1951",0,0,0,0,0,0,0,0,0,0,0,1,0,0,0,0,1,0,"2654","North Carolina","Mitchell",2
"1952",0,0,0,0,0,0,0,0,0,1,0,0,0,0,1,0,1,0,"1272","North Carolina","Montgomery",3
"1953",0,0,0,0,1,0,1,1,0,0,0,0,0,0,0,0,1,0,"2963","North Carolina","Moore",4
"1954",0,0,0,0,0,0,1,1,0,0,0,0,0,0,1,0,1,0,"2449","North Carolina","Nash",4
"1955",0,0,1,0,1,0,0,1,0,0,0,0,0,1,1,0,0,1,"1707","North Carolina","New Hanover",6
"1956",0,0,0,0,1,0,1,1,0,0,0,1,0,0,1,0,1,0,"3000","North Carolina","Northampton",6
"1957",0,0,0,0,1,0,0,1,0,0,0,0,0,1,1,0,0,1,"1362","North Carolina","Onslow",5
"1958",0,0,0,0,0,0,1,1,0,0,0,1,0,0,1,0,1,0,"260","North Carolina","Orange",5
"1959",0,0,0,0,1,0,0,1,0,0,0,0,0,1,0,0,0,0,"2789","North Carolina","Pamlico",3
"1960",0,0,0,0,0,0,0,1,0,0,0,0,0,0,1,0,0,0,"2234","North Carolina","Pasquotank",2
"1961",0,1,0,0,1,0,0,1,0,0,0,0,0,1,1,0,1,1,"1312","North Carolina","Pender",7
"1962",0,0,0,0,0,0,0,0,0,0,0,0,0,0,1,0,0,0,"2384","North Carolina","Perquimans",1
"1963",0,0,0,0,0,0,1,0,0,0,0,0,0,0,0,0,0,0,"2739","North Carolina","Person",1
"1964",0,0,0,0,1,0,1,1,0,0,0,1,0,0,1,0,1,1,"2568","North Carolina","Pitt",7
"1965",0,0,0,0,0,0,0,0,0,0,0,0,0,0,1,0,0,0,"2188","North Carolina","Polk",1
"1966",0,0,0,0,0,0,1,0,0,0,0,1,0,0,1,0,1,0,"60","North Carolina","Randolph",4
"1967",0,0,0,0,1,0,1,1,0,1,0,0,0,0,1,0,0,0,"2863","North Carolina","Richmond",5
"1968",1,1,0,0,1,0,0,1,0,1,0,0,0,0,1,0,1,0,"1222","North Carolina","Robeson",7
"1969",0,0,0,0,0,0,0,0,0,0,0,1,0,0,1,0,1,0,"1750","North Carolina","Rockingham",3
"1970",0,0,0,0,0,0,0,0,0,0,0,0,0,0,1,0,1,0,"1763","North Carolina","Rowan",2
"1971",0,0,0,0,0,0,0,0,0,0,0,0,0,0,0,0,0,0,"2089","North Carolina","Rutherford",0
"1972",0,0,0,0,1,0,0,1,0,0,0,0,0,0,1,0,0,0,"1787","North Carolina","Sampson",3
"1973",0,1,0,0,1,0,0,1,0,1,0,0,0,0,1,0,0,0,"3165","North Carolina","Scotland",5
"1974",0,0,0,0,0,0,1,0,0,0,0,0,0,0,1,0,1,0,"915","North Carolina","Stanly",3
"1975",0,0,0,0,0,0,0,0,0,0,0,1,0,0,1,0,1,0,"2136","North Carolina","Stokes",3
"1976",0,0,0,0,0,0,0,0,0,0,0,1,0,0,1,0,1,0,"1254","North Carolina","Surry",3
"1977",0,0,0,0,0,0,1,0,0,0,0,1,0,0,1,0,1,0,"1991","North Carolina","Swain",4
"1978",0,0,0,0,0,0,0,0,0,0,0,1,0,0,1,0,1,0,"2784","North Carolina","Transylvania",3
"1979",0,0,0,0,0,0,0,1,0,0,0,0,0,0,1,0,0,0,"1877","North Carolina","Tyrrell",2
"1980",0,0,0,0,0,0,1,0,0,0,0,0,0,0,1,0,1,0,"2510","North Carolina","Union",3
"1981",0,0,0,0,0,0,0,1,0,0,0,0,0,0,0,0,1,0,"741","North Carolina","Vance",2
"1982",0,0,0,0,0,0,1,1,0,0,0,1,0,0,1,0,1,0,"1251","North Carolina","Wake",5
"1983",0,0,0,0,0,0,1,0,0,0,0,0,0,0,1,0,0,0,"692","North Carolina","Warren",2
"1984",0,0,0,0,1,0,0,0,0,0,0,0,0,0,1,0,0,0,"1300","North Carolina","Washington",2
"1985",0,0,0,0,0,0,0,0,0,0,0,1,0,0,0,0,1,0,"2537","North Carolina","Watauga",2
"1986",1,0,0,0,1,0,1,1,0,1,0,1,0,0,1,0,0,0,"1855","North Carolina","Wayne",7
"1987",0,0,0,0,0,0,0,0,0,0,0,1,0,0,1,0,1,0,"968","North Carolina","Wilkes",3
"1988",0,0,0,0,0,0,1,1,0,1,0,0,0,0,1,0,0,0,"1777","North Carolina","Wilson",4
"1989",0,0,0,0,0,0,0,0,0,0,0,0,0,0,1,0,0,0,"1550","North Carolina","Yadkin",1
"1990",0,0,0,0,0,0,0,0,0,0,0,0,0,0,0,0,1,0,"2538","North Carolina","Yancey",1
"1991",0,0,0,0,0,0,0,0,0,0,0,0,0,0,0,0,0,0,"943","North Dakota","Adams",0
"1992",0,0,0,0,0,0,0,0,0,0,0,0,0,0,0,0,0,0,"226","North Dakota","Barnes",0
"1993",0,0,0,0,0,0,0,0,0,0,0,0,0,0,0,0,0,0,"3198","North Dakota","Benson",0
"1994",0,0,0,0,0,0,0,0,0,0,0,0,0,0,0,0,0,0,"3200","North Dakota","Billings",0
"1995",0,0,0,0,0,0,0,0,0,0,0,0,0,0,0,0,0,0,"576","North Dakota","Bottineau",0
"1996",0,0,0,0,0,0,0,0,0,0,0,0,0,0,0,0,0,0,"2991","North Dakota","Bowman",0
"1997",0,0,0,0,0,0,0,0,0,0,0,0,0,0,0,0,0,0,"682","North Dakota","Burke",0
"1998",0,0,0,0,0,0,0,0,0,0,0,0,0,0,0,0,0,0,"1348","North Dakota","Burleigh",0
"1999",0,0,0,0,0,0,0,0,0,0,0,0,0,0,0,0,0,0,"391","North Dakota","Cass",0
"2000",0,0,0,0,0,0,0,0,0,0,0,0,0,0,0,0,0,0,"579","North Dakota","Cavalier",0
"2001",0,0,0,0,0,0,0,0,0,0,0,0,0,0,0,0,0,0,"2807","North Dakota","Dickey",0
"2002",0,0,0,0,0,0,0,0,0,0,0,0,0,0,0,0,0,0,"2851","North Dakota","Divide",0
"2003",0,0,0,0,0,0,0,0,0,0,0,0,0,0,0,0,0,0,"1012","North Dakota","Dunn",0
"2004",0,0,0,0,0,0,0,0,0,0,0,0,0,0,0,0,0,0,"347","North Dakota","Eddy",0
"2005",0,0,0,0,0,0,0,0,0,0,0,0,0,0,0,0,0,0,"3122","North Dakota","Emmons",0
"2006",0,0,0,0,0,0,0,0,0,0,0,0,0,0,0,0,0,0,"393","North Dakota","Foster",0
"2007",0,0,0,0,0,0,0,0,0,0,0,0,0,0,0,0,0,0,"2272","North Dakota","Golden Valley",0
"2008",0,0,0,0,0,0,0,0,0,0,0,0,0,0,0,0,0,0,"1190","North Dakota","Grand Forks",0
"2009",0,0,0,0,0,0,0,0,0,0,0,0,0,0,0,0,0,0,"2904","North Dakota","Grant",0
"2010",0,0,0,0,0,0,0,0,0,0,0,0,0,0,0,0,0,0,"227","North Dakota","Griggs",0
"2011",0,0,0,0,0,0,0,0,0,0,0,0,0,0,0,0,0,0,"505","North Dakota","Hettinger",0
"2012",0,0,0,0,0,0,0,0,0,0,0,0,0,0,0,0,0,0,"242","North Dakota","Kidder",0
"2013",0,0,0,0,0,0,0,0,0,0,0,0,0,0,0,0,0,0,"228","North Dakota","LaMoure",0
"2014",0,0,0,0,0,0,0,0,0,0,0,0,0,0,0,0,0,0,"511","North Dakota","Logan",0
"2015",0,0,0,0,0,0,0,0,0,0,0,0,0,0,0,0,0,0,"708","North Dakota","McHenry",0
"2016",0,0,0,0,0,0,0,0,0,0,0,0,0,0,0,0,0,0,"1598","North Dakota","McIntosh",0
"2017",0,0,0,0,0,0,0,0,0,0,0,0,0,0,0,0,0,0,"2229","North Dakota","McKenzie",0
"2018",0,0,0,0,0,0,0,0,0,0,0,0,0,0,0,0,0,0,"2830","North Dakota","McLean",0
"2019",0,0,0,0,0,0,0,0,0,0,0,0,0,0,0,0,0,0,"1812","North Dakota","Mercer",0
"2020",0,0,0,0,0,0,0,0,0,0,0,0,0,0,0,0,0,0,"1136","North Dakota","Morton",0
"2021",0,0,0,0,0,0,0,0,0,0,0,0,0,0,0,0,0,0,"1728","North Dakota","Mountrail",0
"2022",0,0,0,0,0,0,0,0,0,0,0,0,0,0,0,0,0,0,"1011","North Dakota","Nelson",0
"2023",0,0,0,0,0,0,0,0,0,0,0,0,0,0,0,0,0,0,"1633","North Dakota","Oliver",0
"2024",0,0,0,0,0,0,0,0,0,0,0,0,0,0,0,0,0,0,"1535","North Dakota","Pembina",0
"2025",0,0,0,0,0,0,0,0,0,0,0,0,0,0,0,0,0,0,"2573","North Dakota","Pierce",0
"2026",0,0,0,0,0,0,0,0,0,0,0,0,0,0,0,0,0,0,"2996","North Dakota","Ramsey",0
"2027",0,0,0,0,0,0,0,0,0,0,0,0,0,0,0,0,0,0,"684","North Dakota","Ransom",0
"2028",0,0,0,0,0,0,0,0,0,0,0,0,0,0,0,0,0,0,"528","North Dakota","Renville",0
"2029",0,0,0,0,0,0,0,0,0,0,0,0,0,0,0,0,0,0,"451","North Dakota","Richland",0
"2030",0,0,0,0,0,0,0,0,0,0,0,0,0,0,0,0,0,0,"870","North Dakota","Rolette",0
"2031",0,0,0,0,0,0,0,0,0,0,0,0,0,0,0,0,0,0,"689","North Dakota","Sargent",0
"2032",0,0,0,0,0,0,0,0,0,0,0,0,0,0,0,0,0,0,"274","North Dakota","Sheridan",0
"2033",0,0,0,0,0,0,0,0,0,0,0,0,0,0,0,0,0,0,"2992","North Dakota","Sioux",0
"2034",0,0,0,0,0,0,0,0,0,0,0,0,0,0,0,0,0,0,"3203","North Dakota","Slope",0
"2035",0,0,0,0,0,0,0,0,0,0,0,0,0,0,0,0,0,0,"346","North Dakota","Stark",0
"2036",0,0,0,0,0,0,0,0,0,0,0,0,0,0,0,0,0,0,"237","North Dakota","Steele",0
"2037",0,0,0,0,0,0,0,0,0,0,0,0,0,0,0,0,0,0,"551","North Dakota","Stutsman",0
"2038",0,0,0,0,0,0,0,0,0,0,0,0,0,0,0,0,0,0,"398","North Dakota","Towner",0
"2039",0,0,0,0,0,0,0,0,0,0,0,0,0,0,0,0,0,0,"1587","North Dakota","Traill",0
"2040",0,0,0,0,0,0,0,0,0,0,0,0,0,0,0,0,0,0,"3106","North Dakota","Walsh",0
"2041",0,0,0,0,0,0,0,0,0,0,0,0,0,0,0,0,0,0,"1924","North Dakota","Ward",0
"2042",0,0,0,0,0,0,0,0,0,0,0,0,0,0,0,0,0,0,"79","North Dakota","Wells",0
"2043",0,0,0,0,0,0,0,0,0,0,0,0,0,0,0,0,0,0,"1801","North Dakota","Williams",0
"2044",0,0,0,0,0,0,0,0,0,0,0,0,0,0,0,0,1,0,"2844","Ohio","Adams",1
"2045",0,0,0,0,0,0,0,0,0,0,0,0,0,0,0,0,1,0,"499","Ohio","Allen",1
"2046",0,0,0,0,0,0,0,0,0,0,0,0,1,0,0,0,1,0,"1635","Ohio","Ashland",2
"2047",0,0,0,0,0,0,0,0,0,0,0,0,1,0,0,0,1,0,"2493","Ohio","Ashtabula",2
"2048",0,0,0,0,0,0,0,0,0,0,0,0,0,0,0,0,1,0,"657","Ohio","Athens",1
"2049",0,0,0,0,0,0,0,0,0,0,0,0,0,0,0,0,1,0,"2181","Ohio","Auglaize",1
"2050",0,0,0,0,0,0,0,0,0,0,0,0,0,0,0,0,0,0,"2947","Ohio","Belmont",0
"2051",0,0,0,0,0,0,0,0,0,0,0,0,0,0,0,0,0,0,"1863","Ohio","Brown",0
"2052",0,0,0,0,0,0,0,0,0,0,0,0,0,0,0,0,0,0,"1892","Ohio","Butler",0
"2053",0,0,0,0,0,0,0,0,0,0,0,0,0,0,0,0,1,0,"388","Ohio","Carroll",1
"2054",0,0,0,0,0,0,0,0,0,0,0,0,0,0,0,0,1,0,"2205","Ohio","Champaign",1
"2055",0,0,0,0,0,0,0,0,0,0,0,0,0,0,0,0,0,0,"1555","Ohio","Clark",0
"2056",0,0,0,0,0,0,0,0,0,0,0,0,0,0,0,0,1,0,"2726","Ohio","Clermont",1
"2057",0,0,0,0,0,0,0,0,0,0,0,0,0,0,0,0,1,0,"488","Ohio","Clinton",1
"2058",0,0,0,0,0,0,0,0,0,0,0,0,0,0,0,0,1,0,"1255","Ohio","Columbiana",1
"2059",0,0,0,0,0,0,0,0,0,0,0,0,0,0,0,0,1,0,"691","Ohio","Coshocton",1
"2060",0,0,0,0,0,0,0,0,0,0,0,0,0,0,0,0,1,0,"261","Ohio","Crawford",1
"2061",0,0,0,0,0,0,0,0,0,0,0,0,1,0,0,0,1,0,"1690","Ohio","Cuyahoga",2
"2062",0,0,0,0,0,0,0,0,0,0,0,0,0,0,0,0,0,0,"3086","Ohio","Darke",0
"2063",0,0,0,0,0,0,0,0,0,0,0,0,1,0,0,0,1,0,"3013","Ohio","Defiance",2
"2064",0,0,0,0,0,0,0,0,0,0,0,0,0,0,0,0,1,0,"490","Ohio","Delaware",1
"2065",0,0,0,0,0,0,0,0,0,0,0,0,0,0,0,0,1,0,"1824","Ohio","Erie",1
"2066",0,0,0,0,0,0,0,0,0,0,0,0,0,0,1,0,1,0,"61","Ohio","Fairfield",2
"2067",0,0,0,0,0,0,0,0,0,0,0,0,0,0,0,0,0,0,"484","Ohio","Fayette",0
"2068",0,0,0,0,0,0,0,0,0,0,0,0,0,0,0,0,1,0,"294","Ohio","Franklin",1
"2069",0,0,0,0,0,0,0,0,0,0,0,0,0,0,0,0,1,0,"611","Ohio","Fulton",1
"2070",0,0,0,0,0,0,0,0,0,0,0,0,0,0,0,0,1,0,"2194","Ohio","Gallia",1
"2071",0,0,0,0,0,0,0,0,0,0,0,0,1,0,0,0,1,0,"491","Ohio","Geauga",2
"2072",0,0,0,0,0,0,0,0,0,0,0,0,0,0,0,0,0,0,"293","Ohio","Greene",0
"2073",0,0,0,0,0,0,0,0,0,0,0,0,0,0,0,0,0,0,"628","Ohio","Guernsey",0
"2074",0,0,0,0,0,0,0,0,0,0,0,0,0,0,0,0,1,0,"1523","Ohio","Hamilton",1
"2075",0,0,0,0,0,0,0,0,0,0,0,0,0,0,0,0,1,0,"486","Ohio","Hancock",1
"2076",0,0,0,0,0,0,0,0,0,0,0,0,0,0,0,0,1,0,"2886","Ohio","Hardin",1
"2077",0,0,0,0,0,0,0,0,0,0,0,0,0,0,0,0,1,0,"147","Ohio","Harrison",1
"2078",0,0,0,0,0,0,0,0,0,0,0,0,0,0,0,0,1,0,"1834","Ohio","Henry",1
"2079",0,0,0,0,0,0,0,0,0,0,0,0,0,0,0,0,1,0,"0","Ohio","Highland",1
"2080",0,0,0,0,0,0,0,0,0,0,0,0,0,0,0,0,1,0,"1428","Ohio","Hocking",1
"2081",0,0,0,0,0,0,0,0,0,0,0,0,0,0,0,0,1,0,"222","Ohio","Holmes",1
"2082",0,0,0,0,0,0,0,0,0,0,0,0,0,0,0,0,1,0,"835","Ohio","Huron",1
"2083",0,0,0,0,0,0,0,0,0,0,0,0,0,0,1,0,1,0,"747","Ohio","Jackson",2
"2084",0,0,0,0,0,0,0,0,0,0,0,0,0,0,0,0,0,0,"1887","Ohio","Jefferson",0
"2085",0,0,0,0,0,0,0,0,0,0,0,0,0,0,0,0,1,0,"1330","Ohio","Knox",1
"2086",0,0,0,0,0,0,0,0,0,0,0,0,1,0,0,0,1,0,"1071","Ohio","Lake",2
"2087",0,0,0,0,0,0,0,0,0,0,0,0,0,0,1,0,1,0,"2689","Ohio","Lawrence",2
"2088",0,0,0,0,0,0,0,0,0,0,0,0,0,0,1,0,1,0,"2069","Ohio","Licking",2
"2089",0,0,0,0,0,0,0,0,0,0,0,0,0,0,0,0,1,0,"512","Ohio","Logan",1
"2090",0,0,0,0,0,0,0,0,0,0,0,0,1,0,0,0,1,0,"1349","Ohio","Lorain",2
"2091",0,0,0,0,0,0,0,0,0,0,0,0,0,0,0,0,1,0,"1256","Ohio","Lucas",1
"2092",0,0,0,0,0,0,0,0,0,0,0,0,0,0,0,0,0,0,"830","Ohio","Madison",0
"2093",0,0,0,0,0,0,0,0,0,0,0,0,0,0,0,0,1,0,"1158","Ohio","Mahoning",1
"2094",0,0,0,0,0,0,0,0,0,0,0,0,0,0,0,0,1,0,"1876","Ohio","Marion",1
"2095",0,0,0,0,0,0,0,0,0,0,0,0,0,0,0,0,1,0,"356","Ohio","Medina",1
"2096",0,0,0,0,0,0,0,0,0,0,0,0,0,0,1,0,1,0,"1178","Ohio","Meigs",2
"2097",0,0,0,0,0,0,0,0,0,0,0,0,0,0,0,0,0,0,"358","Ohio","Mercer",0
"2098",0,0,0,0,0,0,0,0,0,0,0,0,0,0,0,0,0,0,"296","Ohio","Miami",0
"2099",0,0,0,0,0,0,0,0,0,0,0,0,0,0,0,0,0,0,"3126","Ohio","Monroe",0
"2100",0,0,0,0,0,0,0,0,0,0,0,0,0,0,0,0,0,0,"2786","Ohio","Montgomery",0
"2101",0,0,0,0,0,0,0,0,0,0,0,0,0,0,0,0,0,0,"2090","Ohio","Morgan",0
"2102",0,0,0,0,0,0,0,0,0,0,0,0,0,0,0,0,1,0,"215","Ohio","Morrow",1
"2103",0,0,0,0,0,0,0,0,0,0,0,0,0,0,0,0,1,0,"2787","Ohio","Muskingum",1
"2104",0,0,0,0,0,0,0,0,0,0,0,0,0,0,0,0,0,0,"3139","Ohio","Noble",0
"2105",0,0,0,0,0,0,0,0,0,0,0,0,0,0,0,0,1,0,"2702","Ohio","Ottawa",1
"2106",0,0,0,0,0,0,0,0,0,0,0,0,0,0,0,0,1,0,"290","Ohio","Paulding",1
"2107",0,0,0,0,0,0,0,0,0,0,0,0,0,0,0,0,1,0,"1013","Ohio","Perry",1
"2108",0,0,0,0,0,0,0,0,0,0,0,0,0,0,0,0,1,0,"2127","Ohio","Pickaway",1
"2109",0,0,0,0,0,0,0,0,0,0,0,0,0,0,0,0,1,0,"2152","Ohio","Pike",1
"2110",0,0,0,0,0,0,0,0,0,0,0,0,1,0,0,0,1,0,"292","Ohio","Portage",2
"2111",0,0,0,0,0,0,0,0,0,0,0,0,0,0,0,0,0,0,"1073","Ohio","Preble",0
"2112",0,0,0,0,0,0,0,0,0,0,0,0,0,0,0,0,1,0,"3007","Ohio","Putnam",1
"2113",0,0,0,0,0,0,0,0,0,0,0,0,0,0,0,0,1,0,"328","Ohio","Richland",1
"2114",0,0,0,0,0,0,0,0,0,0,0,0,0,0,0,0,1,0,"329","Ohio","Ross",1
"2115",0,0,0,0,0,0,0,0,0,0,0,0,0,0,0,0,1,0,"86","Ohio","Sandusky",1
"2116",0,0,0,0,0,0,0,0,0,0,0,0,0,0,1,0,1,0,"1870","Ohio","Scioto",2
"2117",0,0,0,0,0,0,0,0,0,0,0,0,0,0,0,0,1,0,"80","Ohio","Seneca",1
"2118",0,0,0,0,0,0,0,0,0,0,0,0,0,0,0,0,1,0,"2451","Ohio","Shelby",1
"2119",0,0,0,0,0,0,0,0,0,0,0,0,1,0,0,0,1,0,"1461","Ohio","Stark",2
"2120",0,0,0,0,0,0,0,0,0,0,0,0,1,0,0,0,1,0,"2909","Ohio","Summit",2
"2121",0,0,0,0,0,0,0,0,0,0,0,0,1,0,0,0,1,0,"1072","Ohio","Trumbull",2
"2122",0,0,0,0,0,0,0,0,0,0,0,0,0,0,1,0,1,0,"627","Ohio","Tuscarawas",2
"2123",0,0,0,0,0,0,0,0,0,0,0,0,0,0,0,0,1,0,"482","Ohio","Union",1
"2124",0,0,0,0,0,0,0,0,0,0,0,0,0,0,0,0,0,0,"3225","Ohio","Van Wert",0
"2125",0,0,0,0,0,0,0,0,0,0,0,0,0,0,0,0,1,0,"1329","Ohio","Vinton",1
"2126",0,0,0,0,0,0,0,0,0,0,0,0,0,0,0,0,1,0,"483","Ohio","Warren",1
"2127",0,0,0,0,0,0,0,0,0,0,0,0,0,0,0,0,0,0,"3064","Ohio","Washington",0
"2128",0,0,0,0,0,0,0,0,0,0,0,0,1,0,0,0,1,0,"243","Ohio","Wayne",2
"2129",0,0,0,0,0,0,0,0,0,0,0,0,1,0,0,0,1,0,"81","Ohio","Williams",2
"2130",0,0,0,0,0,0,0,0,0,0,0,0,0,0,0,0,1,0,"1551","Ohio","Wood",1
"2131",0,0,0,0,0,0,0,0,0,0,0,0,0,0,0,0,1,0,"1092","Ohio","Wyandot",1
"2132",0,0,0,0,0,0,1,0,0,0,0,0,0,0,0,0,0,0,"1159","Oklahoma","Adair",1
"2133",0,0,0,0,0,0,0,0,0,0,0,0,0,0,0,0,0,0,"2582","Oklahoma","Alfalfa",0
"2134",0,0,0,0,0,0,0,0,0,0,0,0,0,0,0,0,0,0,"1470","Oklahoma","Atoka",0
"2135",0,0,0,0,0,0,0,0,0,0,0,0,0,0,0,0,0,0,"1185","Oklahoma","Beaver",0
"2136",0,0,0,0,0,0,0,0,0,0,0,0,0,0,0,0,0,0,"524","Oklahoma","Beckham",0
"2137",0,0,0,0,0,0,0,0,0,0,0,0,0,0,0,0,0,0,"87","Oklahoma","Blaine",0
"2138",0,0,0,0,0,0,1,0,0,0,0,0,0,0,0,0,0,0,"2054","Oklahoma","Bryan",1
"2139",0,0,0,0,0,0,0,0,0,0,0,0,0,0,0,0,0,0,"1462","Oklahoma","Caddo",0
"2140",0,0,0,0,0,0,0,0,0,0,0,0,0,0,0,0,0,0,"2932","Oklahoma","Canadian",0
"2141",0,0,0,0,0,0,0,0,0,0,0,0,0,0,0,0,0,0,"2602","Oklahoma","Carter",0
"2142",0,0,0,0,0,0,1,0,0,0,0,0,0,0,0,0,0,0,"1138","Oklahoma","Cherokee",1
"2143",0,0,0,0,0,0,1,0,0,0,0,0,0,0,0,0,0,0,"1212","Oklahoma","Choctaw",1
"2144",0,0,0,0,0,0,0,0,0,0,0,0,0,0,0,0,0,0,"2593","Oklahoma","Cimarron",0
"2145",0,0,0,0,0,0,0,0,0,0,0,0,0,0,0,0,0,0,"2639","Oklahoma","Cleveland",0
"2146",0,0,0,0,0,0,0,0,0,0,0,0,0,0,0,0,0,0,"2439","Oklahoma","Coal",0
"2147",0,0,0,0,0,0,0,0,0,0,0,0,0,0,0,0,0,0,"474","Oklahoma","Comanche",0
"2148",0,0,0,0,0,0,0,0,0,0,0,0,0,0,0,0,0,0,"2815","Oklahoma","Cotton",0
"2149",0,0,0,0,0,0,0,0,0,0,0,0,0,0,0,0,0,0,"1487","Oklahoma","Craig",0
"2150",0,0,0,0,0,0,0,0,0,0,0,0,0,0,0,0,0,0,"2174","Oklahoma","Creek",0
"2151",0,0,0,0,0,0,0,0,0,0,0,0,0,0,0,0,0,0,"885","Oklahoma","Custer",0
"2152",0,0,0,0,0,0,0,0,0,0,0,0,0,0,0,0,0,0,"2511","Oklahoma","Delaware",0
"2153",0,0,0,0,0,0,0,0,0,0,0,0,0,0,0,0,0,0,"492","Oklahoma","Dewey",0
"2154",0,0,0,0,0,0,0,0,0,0,0,0,0,0,0,0,0,0,"1429","Oklahoma","Ellis",0
"2155",0,0,0,0,0,0,0,0,0,0,0,0,0,0,0,0,0,0,"317","Oklahoma","Garfield",0
"2156",0,0,0,0,0,0,0,0,0,0,0,0,0,0,0,0,0,0,"2452","Oklahoma","Garvin",0
"2157",0,0,0,0,0,0,0,0,0,0,0,0,0,0,0,0,0,0,"2529","Oklahoma","Grady",0
"2158",0,0,0,0,0,0,0,0,0,0,0,0,0,0,0,0,0,0,"282","Oklahoma","Grant",0
"2159",0,0,0,0,0,0,0,0,0,0,0,0,0,0,0,0,0,0,"2300","Oklahoma","Greer",0
"2160",0,0,0,0,0,0,0,0,0,0,0,0,0,0,0,0,0,0,"1607","Oklahoma","Harmon",0
"2161",0,0,0,0,0,0,0,0,0,0,0,0,0,0,0,0,0,0,"62","Oklahoma","Harper",0
"2162",0,0,0,0,0,0,1,0,0,0,0,0,0,0,0,0,0,0,"2314","Oklahoma","Haskell",1
"2163",0,0,0,0,0,0,0,0,0,0,0,0,0,0,0,0,0,0,"1015","Oklahoma","Hughes",0
"2164",0,0,0,0,0,0,0,0,0,0,0,0,0,0,0,0,0,0,"2254","Oklahoma","Jackson",0
"2165",0,0,0,0,0,0,0,0,0,0,0,0,0,0,0,0,0,0,"1213","Oklahoma","Jefferson",0
"2166",0,0,0,0,0,0,1,0,0,0,0,0,0,0,0,0,0,0,"655","Oklahoma","Johnston",1
"2167",0,0,0,0,0,0,0,0,0,0,0,0,0,0,0,0,0,0,"1318","Oklahoma","Kay",0
"2168",0,0,0,0,0,0,0,0,0,0,0,0,0,0,0,0,0,0,"318","Oklahoma","Kingfisher",0
"2169",0,0,0,0,0,0,0,0,0,0,0,0,0,0,0,0,0,0,"1062","Oklahoma","Kiowa",0
"2170",0,0,0,0,0,0,1,0,0,0,0,0,0,0,0,0,0,0,"795","Oklahoma","Latimer",1
"2171",0,0,0,0,0,0,1,0,0,0,0,0,0,0,0,0,0,0,"1074","Oklahoma","Le Flore",1
"2172",0,0,0,0,0,0,1,0,0,0,0,0,0,0,0,0,0,0,"1849","Oklahoma","Lincoln",1
"2173",0,0,0,0,0,0,0,0,0,0,0,0,0,0,0,0,0,0,"544","Oklahoma","Logan",0
"2174",0,0,0,0,0,0,0,0,0,0,0,0,0,0,0,0,0,0,"2257","Oklahoma","Love",0
"2175",0,0,0,0,0,0,0,0,0,0,0,0,0,0,0,0,0,0,"2961","Oklahoma","McClain",0
"2176",0,0,0,0,0,0,1,0,0,0,0,0,0,0,0,0,0,0,"2333","Oklahoma","McCurtain",1
"2177",0,0,0,0,0,0,0,0,0,0,0,0,0,0,0,0,0,0,"1403","Oklahoma","McIntosh",0
"2178",0,0,0,0,0,0,0,0,0,0,0,0,0,0,0,0,0,0,"424","Oklahoma","Major",0
"2179",0,0,0,0,0,0,1,0,0,0,0,0,0,0,0,0,0,0,"973","Oklahoma","Marshall",1
"2180",0,0,0,0,0,0,1,0,0,0,0,0,0,0,0,0,0,0,"707","Oklahoma","Mayes",1
"2181",0,0,0,0,0,0,0,0,0,0,0,0,0,0,0,0,0,0,"2297","Oklahoma","Murray",0
"2182",0,0,0,0,0,0,1,0,0,0,0,0,0,0,0,0,0,0,"1463","Oklahoma","Muskogee",1
"2183",0,0,0,0,0,0,0,0,0,0,0,0,0,0,0,0,0,0,"2793","Oklahoma","Noble",0
"2184",0,0,0,0,0,0,0,0,0,0,0,0,0,0,0,0,0,0,"498","Oklahoma","Nowata",0
"2185",0,0,0,0,0,0,0,0,0,0,0,0,0,0,0,0,0,0,"148","Oklahoma","Okfuskee",0
"2186",0,0,0,0,0,0,0,0,0,0,0,0,0,0,0,0,0,0,"2979","Oklahoma","Oklahoma",0
"2187",0,0,0,0,0,0,1,0,0,0,0,0,0,0,0,0,0,0,"502","Oklahoma","Okmulgee",1
"2188",0,0,0,0,0,0,0,0,0,0,0,0,0,0,0,0,0,0,"2549","Oklahoma","Osage",0
"2189",0,0,0,0,0,0,1,0,0,0,0,0,0,0,0,0,0,0,"2156","Oklahoma","Ottawa",1
"2190",0,0,0,0,0,0,0,0,0,0,0,0,0,0,0,0,0,0,"2740","Oklahoma","Pawnee",0
"2191",0,0,0,0,0,0,1,0,0,0,0,0,0,0,0,0,0,0,"2453","Oklahoma","Payne",1
"2192",0,0,0,0,0,0,0,0,0,0,0,0,0,0,0,0,0,0,"1014","Oklahoma","Pittsburg",0
"2193",0,0,0,0,0,0,0,0,0,0,0,0,0,0,0,0,0,0,"656","Oklahoma","Pontotoc",0
"2194",0,0,0,0,0,0,0,0,0,0,0,0,0,0,0,0,0,0,"3049","Oklahoma","Pottawatomie",0
"2195",0,0,0,0,0,0,0,0,0,0,0,0,0,0,0,0,0,0,"665","Oklahoma","Pushmataha",0
"2196",0,0,0,0,0,0,0,0,0,0,0,0,0,0,0,0,0,0,"716","Oklahoma","Roger Mills",0
"2197",0,0,0,0,0,0,0,0,0,0,0,0,0,0,0,0,0,0,"969","Oklahoma","Rogers",0
"2198",0,0,0,0,0,0,0,0,0,0,0,0,0,0,0,0,0,0,"822","Oklahoma","Seminole",0
"2199",0,0,0,0,0,0,1,0,0,0,0,0,0,0,0,0,0,0,"2041","Oklahoma","Sequoyah",1
"2200",0,0,0,0,0,0,0,0,0,0,0,0,0,0,0,0,0,0,"2271","Oklahoma","Stephens",0
"2201",0,0,0,0,0,0,0,0,0,0,0,0,0,0,0,0,0,0,"974","Oklahoma","Texas",0
"2202",0,0,0,0,0,0,0,0,0,0,0,0,0,0,0,0,0,0,"3100","Oklahoma","Tillman",0
"2203",0,0,0,0,0,0,1,0,0,0,0,0,0,0,0,0,0,0,"1897","Oklahoma","Tulsa",1
"2204",0,0,0,0,0,0,0,0,0,0,0,0,0,0,0,0,0,0,"673","Oklahoma","Wagoner",0
"2205",0,0,0,0,0,0,0,0,0,0,0,0,0,0,0,0,0,0,"977","Oklahoma","Washington",0
"2206",0,0,0,0,0,0,0,0,0,0,0,0,0,0,0,0,0,0,"1137","Oklahoma","Washita",0
"2207",0,0,0,0,0,0,0,0,0,0,0,0,0,0,0,0,0,0,"1731","Oklahoma","Woods",0
"2208",0,0,0,0,0,0,0,0,0,0,0,0,0,0,0,0,0,0,"2268","Oklahoma","Woodward",0
"2209",0,0,0,0,0,0,0,0,0,0,0,0,0,0,0,0,0,0,"753","Oregon","Baker",0
"2210",0,0,0,0,0,0,0,0,0,0,0,0,0,0,0,0,0,0,"1784","Oregon","Benton",0
"2211",0,0,0,0,0,0,0,0,0,0,0,0,0,0,0,0,0,0,"2273","Oregon","Clackamas",0
"2212",0,0,0,0,0,0,0,0,0,0,0,0,0,0,0,0,0,0,"2700","Oregon","Clatsop",0
"2213",0,0,0,0,0,0,0,0,0,0,0,0,0,0,0,0,0,0,"2754","Oregon","Columbia",0
"2214",0,0,0,0,0,0,0,0,0,0,0,0,0,0,0,0,0,0,"1068","Oregon","Coos",0
"2215",0,0,0,0,0,0,0,0,0,0,0,0,0,0,0,0,0,0,"448","Oregon","Crook",0
"2216",0,0,0,0,0,0,0,0,0,0,0,0,0,0,0,0,0,0,"109","Oregon","Curry",0
"2217",0,0,0,0,0,0,0,0,0,0,0,0,0,0,0,0,0,0,"1805","Oregon","Deschutes",0
"2218",0,0,0,0,0,0,0,0,0,0,0,0,0,0,0,0,0,0,"2291","Oregon","Douglas",0
"2219",0,0,0,0,0,0,0,0,0,0,0,0,0,0,0,0,0,0,"411","Oregon","Gilliam",0
"2220",0,0,0,0,0,0,0,0,0,0,0,0,0,0,0,0,0,0,"124","Oregon","Grant",0
"2221",0,0,0,0,0,0,0,0,0,0,0,0,0,0,0,0,0,0,"2104","Oregon","Harney",0
"2222",0,0,0,0,0,0,0,0,0,0,0,0,0,0,0,0,0,0,"3187","Oregon","Hood River",0
"2223",0,0,0,0,0,0,0,0,0,0,0,0,0,0,0,0,0,0,"3131","Oregon","Jackson",0
"2224",0,0,0,0,0,0,0,0,0,0,0,0,0,0,0,0,0,0,"1202","Oregon","Jefferson",0
"2225",0,0,0,0,0,0,0,0,0,0,0,0,0,0,0,0,0,0,"130","Oregon","Josephine",0
"2226",0,0,0,0,0,0,0,0,0,0,0,0,0,0,0,0,0,0,"2042","Oregon","Klamath",0
"2227",0,0,0,0,0,0,0,0,0,0,0,0,0,0,0,0,0,0,"1257","Oregon","Lake",0
"2228",0,0,0,0,0,0,0,0,0,0,0,0,0,0,0,0,0,0,"1785","Oregon","Lane",0
"2229",0,0,0,0,0,0,0,0,0,0,0,0,0,0,0,0,0,0,"1380","Oregon","Lincoln",0
"2230",0,0,0,0,0,0,0,0,0,0,0,0,0,0,0,0,0,0,"758","Oregon","Linn",0
"2231",0,0,0,0,0,0,0,0,0,0,0,0,0,0,0,0,0,0,"1076","Oregon","Malheur",0
"2232",0,0,0,0,0,0,0,0,0,0,0,0,0,0,0,0,0,0,"16","Oregon","Marion",0
"2233",0,0,0,0,0,0,0,0,0,0,0,0,0,0,0,0,0,0,"1828","Oregon","Morrow",0
"2234",0,0,0,0,0,0,0,0,0,0,0,0,0,0,0,0,0,0,"1873","Oregon","Multnomah",0
"2235",0,0,0,0,0,0,0,0,0,0,0,0,0,0,0,0,0,0,"2876","Oregon","Polk",0
"2236",0,0,0,0,0,0,0,0,0,0,0,0,0,0,0,0,0,0,"401","Oregon","Sherman",0
"2237",0,0,0,0,0,0,0,0,0,0,0,0,0,0,0,0,0,0,"1179","Oregon","Tillamook",0
"2238",0,0,0,0,0,0,0,0,0,0,0,0,0,0,0,0,0,0,"1017","Oregon","Umatilla",0
"2239",0,0,0,0,0,0,0,0,0,0,0,0,0,0,0,0,0,0,"2100","Oregon","Union",0
"2240",0,0,0,0,0,0,0,0,0,0,0,0,0,0,0,0,0,0,"2263","Oregon","Wallowa",0
"2241",0,0,0,0,0,0,0,0,0,0,0,0,0,0,0,0,0,0,"202","Oregon","Wasco",0
"2242",0,0,0,0,0,0,0,0,0,0,0,0,0,0,0,0,0,0,"1629","Oregon","Washington",0
"2243",0,0,0,0,0,0,0,0,0,0,0,0,0,0,0,0,0,0,"446","Oregon","Wheeler",0
"2244",0,0,0,0,0,0,0,0,0,0,0,0,0,0,0,0,0,0,"979","Oregon","Yamhill",0
"2245",0,0,0,0,0,0,0,0,0,0,0,1,1,0,0,0,1,0,"1886","Pennsylvania","Adams",3
"2246",0,0,0,0,0,0,0,1,0,0,0,1,0,0,1,0,1,0,"1381","Pennsylvania","Allegheny",4
"2247",0,0,0,0,0,0,0,0,0,0,0,0,0,0,0,0,0,0,"1355","Pennsylvania","Armstrong",0
"2248",0,0,0,0,0,0,0,0,0,0,0,0,0,0,0,0,1,0,"3048","Pennsylvania","Beaver",1
"2249",0,0,0,0,0,0,0,0,0,0,0,1,0,0,0,0,1,0,"1207","Pennsylvania","Bedford",2
"2250",0,0,0,0,0,0,0,0,0,1,0,1,1,0,1,0,1,0,"1857","Pennsylvania","Berks",5
"2251",0,0,0,0,0,0,0,0,0,0,0,1,0,0,0,0,1,0,"2091","Pennsylvania","Blair",2
"2252",0,0,0,0,0,0,0,0,0,0,0,1,1,0,0,0,1,0,"2724","Pennsylvania","Bradford",3
"2253",0,0,0,0,0,0,0,1,0,1,0,0,0,0,1,0,1,0,"1584","Pennsylvania","Bucks",4
"2254",0,0,0,0,0,0,0,0,0,0,0,1,1,0,0,0,1,0,"161","Pennsylvania","Butler",3
"2255",0,0,0,0,0,0,0,0,0,0,0,1,0,0,0,0,1,0,"1513","Pennsylvania","Cambria",2
"2256",0,0,0,0,0,0,0,0,0,0,0,1,1,0,0,0,1,0,"111","Pennsylvania","Cameron",3
"2257",0,0,0,0,0,0,0,0,0,1,0,1,1,0,0,0,1,0,"1619","Pennsylvania","Carbon",4
"2258",0,0,0,0,0,0,0,0,0,0,0,1,1,0,0,0,1,0,"3188","Pennsylvania","Centre",3
"2259",0,0,0,0,0,0,0,0,0,0,0,0,0,0,1,0,1,0,"2197","Pennsylvania","Chester",2
"2260",0,0,0,0,0,0,0,0,0,0,0,1,0,0,0,0,1,0,"1612","Pennsylvania","Clarion",2
"2261",0,0,0,0,0,0,0,0,0,0,0,1,1,0,0,0,1,0,"1275","Pennsylvania","Clearfield",3
"2262",0,0,0,0,0,0,0,0,0,0,0,1,1,0,0,0,1,0,"3052","Pennsylvania","Clinton",3
"2263",0,0,0,0,0,0,0,0,0,1,0,1,1,0,0,0,1,0,"2454","Pennsylvania","Columbia",4
"2264",0,0,0,0,0,0,0,0,0,0,0,1,1,0,0,0,1,0,"3057","Pennsylvania","Crawford",3
"2265",0,0,0,0,0,0,0,0,0,0,0,0,1,0,0,0,1,0,"3092","Pennsylvania","Cumberland",2
"2266",0,0,0,0,0,0,0,0,0,0,0,0,1,0,1,0,1,0,"970","Pennsylvania","Dauphin",3
"2267",0,0,0,0,0,0,0,0,0,0,0,0,0,0,1,0,1,0,"1640","Pennsylvania","Delaware",2
"2268",0,0,0,0,0,0,0,0,0,0,0,1,1,0,0,0,1,0,"541","Pennsylvania","Elk",3
"2269",0,0,0,0,0,0,0,0,0,0,0,0,1,0,0,0,1,0,"2606","Pennsylvania","Erie",2
"2270",0,0,0,0,0,0,0,0,0,1,0,1,1,0,0,0,1,0,"1319","Pennsylvania","Fayette",4
"2271",0,0,0,0,0,0,0,0,0,0,0,1,0,0,0,0,1,0,"2710","Pennsylvania","Forest",2
"2272",0,0,0,0,0,0,0,0,0,0,0,1,1,0,1,0,1,0,"3228","Pennsylvania","Franklin",4
"2273",0,0,0,0,0,0,0,0,0,0,0,1,0,0,0,0,1,0,"1344","Pennsylvania","Fulton",2
"2274",0,0,0,0,0,0,0,0,0,0,0,1,0,0,0,0,1,0,"2078","Pennsylvania","Greene",2
"2275",0,0,0,0,0,0,0,0,0,0,0,1,0,0,0,0,1,0,"2722","Pennsylvania","Huntingdon",2
"2276",0,0,0,0,0,0,0,0,0,0,0,1,0,0,0,0,1,0,"3082","Pennsylvania","Indiana",2
"2277",0,0,0,0,0,0,0,0,0,0,0,1,0,0,0,0,1,0,"3157","Pennsylvania","Jefferson",2
"2278",0,0,0,0,0,0,0,0,0,0,0,1,0,0,0,0,1,0,"1180","Pennsylvania","Juniata",2
"2279",0,0,0,0,0,0,0,0,0,1,0,1,1,0,0,0,1,0,"2834","Pennsylvania","Lackawanna",4
"2280",0,0,0,0,0,0,0,0,0,1,0,0,0,0,1,0,1,0,"2942","Pennsylvania","Lancaster",3
"2281",0,0,0,0,0,0,0,0,0,0,0,1,0,0,0,0,1,0,"2612","Pennsylvania","Lawrence",2
"2282",0,0,0,0,0,0,0,0,0,0,0,1,0,0,1,0,1,0,"880","Pennsylvania","Lebanon",3
"2283",0,0,0,0,0,0,0,0,0,1,0,1,1,0,0,0,1,0,"110","Pennsylvania","Lehigh",4
"2284",0,0,0,0,0,0,0,0,0,1,0,1,1,0,0,0,1,0,"2703","Pennsylvania","Luzerne",4
"2285",0,0,0,0,0,0,0,1,0,0,0,1,1,0,0,0,1,0,"2864","Pennsylvania","Lycoming",4
"2286",0,0,0,0,0,0,0,0,0,0,0,1,1,0,0,0,1,0,"797","Pennsylvania","McKean",3
"2287",0,0,0,0,0,0,0,0,0,0,0,1,1,0,1,0,1,0,"3177","Pennsylvania","Mercer",4
"2288",0,0,0,0,0,0,0,0,0,0,0,1,0,0,0,0,1,0,"2884","Pennsylvania","Mifflin",2
"2289",0,0,0,0,0,0,0,0,0,1,0,1,1,0,0,0,1,0,"2935","Pennsylvania","Monroe",4
"2290",0,0,0,0,0,0,0,0,0,0,0,0,0,0,1,0,1,0,"1382","Pennsylvania","Montgomery",2
"2291",0,0,0,0,0,0,0,0,0,0,0,0,0,0,0,0,1,0,"761","Pennsylvania","Montour",1
"2292",0,0,0,0,0,0,0,0,0,1,0,1,1,0,0,0,1,0,"1343","Pennsylvania","Northampton",4
"2293",0,0,0,0,0,0,0,0,0,0,0,1,0,0,0,0,1,0,"2581","Pennsylvania","Northumberland",2
"2294",0,0,0,0,0,0,0,0,0,0,0,0,0,0,1,0,1,0,"2455","Pennsylvania","Perry",2
"2295",0,0,0,0,0,0,0,0,0,0,0,0,0,0,1,0,1,0,"906","Pennsylvania","Philadelphia",2
"2296",0,0,0,0,0,0,0,0,0,1,0,1,1,0,1,0,1,0,"3160","Pennsylvania","Pike",5
"2297",0,0,0,0,0,0,0,0,0,0,0,1,0,0,0,0,0,0,"8","Pennsylvania","Potter",1
"2298",0,0,0,0,0,0,0,0,0,1,0,1,1,0,0,0,1,0,"1836","Pennsylvania","Schuylkill",4
"2299",0,0,0,0,0,0,0,0,0,0,0,1,1,0,0,0,1,0,"2567","Pennsylvania","Snyder",3
"2300",0,0,0,0,0,0,0,0,0,0,0,1,1,0,0,0,1,0,"1517","Pennsylvania","Somerset",3
"2301",0,0,0,0,0,0,0,0,0,0,0,1,1,0,0,0,1,0,"29","Pennsylvania","Sullivan",3
"2302",0,0,0,0,0,0,0,0,0,0,0,1,1,0,0,0,1,0,"3020","Pennsylvania","Susquehanna",3
"2303",0,0,0,0,0,0,0,0,0,0,0,1,1,0,0,0,1,0,"230","Pennsylvania","Tioga",3
"2304",0,0,0,0,0,0,0,0,0,0,0,1,1,0,0,0,1,0,"2192","Pennsylvania","Union",3
"2305",0,0,0,0,0,0,0,0,0,0,0,1,0,0,0,0,1,0,"1512","Pennsylvania","Venango",2
"2306",0,0,0,0,0,0,0,0,0,0,0,1,1,0,0,0,1,0,"2388","Pennsylvania","Warren",3
"2307",0,0,0,0,0,0,0,0,0,0,0,0,0,0,0,0,1,0,"2604","Pennsylvania","Washington",1
"2308",0,0,0,0,0,0,0,0,0,0,0,1,1,0,0,0,1,0,"2682","Pennsylvania","Wayne",3
"2309",0,0,0,0,0,0,0,0,0,0,0,1,0,0,0,0,1,0,"907","Pennsylvania","Westmoreland",2
"2310",0,0,0,0,0,0,0,0,0,0,0,1,0,0,0,0,0,0,"661","Pennsylvania","Wyoming",1
"2311",0,0,0,0,0,0,0,0,0,0,0,0,0,0,1,0,1,0,"2397","Pennsylvania","York",2
"2312",0,0,0,0,0,0,0,1,0,0,0,0,0,0,0,0,1,0,"1508","Rhode Island","Bristol",2
"2313",0,0,0,0,0,0,0,1,0,1,0,0,1,0,1,0,1,0,"1265","Rhode Island","Kent",5
"2314",0,0,0,0,0,0,0,0,0,1,0,0,0,0,1,0,1,0,"3091","Rhode Island","Newport",3
"2315",0,0,0,0,0,0,0,0,0,0,0,0,1,0,1,0,1,0,"2126","Rhode Island","Providence",3
"2316",0,0,0,0,0,0,0,1,0,1,0,0,1,0,1,0,1,0,"1160","Rhode Island","Washington",5
"2317",0,0,0,0,0,0,1,0,0,0,0,0,0,0,1,0,0,0,"1389","South Carolina","Abbeville",2
"2318",1,0,0,0,1,0,1,1,0,0,0,1,0,0,1,0,0,1,"3009","South Carolina","Aiken",7
"2319",0,0,0,0,1,0,1,1,0,0,0,0,0,1,1,0,1,0,"1856","South Carolina","Allendale",6
"2320",0,0,0,0,0,0,0,0,0,0,0,0,0,0,1,0,0,0,"1191","South Carolina","Anderson",1
"2321",0,0,0,0,0,0,0,1,0,0,0,0,0,1,1,0,0,0,"616","South Carolina","Bamberg",3
"2322",0,0,0,0,1,0,1,1,0,0,0,0,0,1,1,0,1,0,"3010","South Carolina","Barnwell",6
"2323",1,0,1,0,0,0,0,1,0,0,0,0,0,0,1,0,0,1,"1572","South Carolina","Beaufort",5
"2324",0,0,1,0,1,0,1,1,0,0,0,0,0,1,1,0,1,1,"1906","South Carolina","Berkeley",8
"2325",0,0,0,0,1,0,1,1,0,0,0,0,0,1,1,0,1,1,"1500","South Carolina","Calhoun",7
"2326",1,0,1,0,1,0,1,1,0,0,0,0,0,0,1,0,0,1,"1585","South Carolina","Charleston",7
"2327",0,0,0,0,0,0,0,0,0,0,1,1,0,0,1,0,0,0,"2663","South Carolina","Cherokee",3
"2328",0,0,0,0,0,0,0,0,0,0,0,0,0,0,0,0,0,0,"2850","South Carolina","Chester",0
"2329",1,0,0,0,1,0,1,1,0,0,0,0,0,0,1,0,0,0,"2457","South Carolina","Chesterfield",5
"2330",0,0,0,0,1,0,0,1,0,0,0,0,0,0,0,0,1,0,"1622","South Carolina","Clarendon",3
"2331",0,0,0,0,0,0,0,1,0,0,0,0,0,1,1,0,0,0,"2170","South Carolina","Colleton",3
"2332",0,1,0,0,1,0,1,1,0,1,0,1,0,1,1,0,0,0,"1016","South Carolina","Darlington",8
"2333",0,0,0,0,1,0,1,1,0,0,0,0,0,0,1,0,0,0,"978","South Carolina","Dillon",4
"2334",0,0,1,0,1,0,1,1,0,0,0,0,0,1,1,0,0,0,"2391","South Carolina","Dorchester",6
"2335",0,0,0,0,0,0,0,0,0,0,0,1,0,0,0,0,0,0,"1701","South Carolina","Edgefield",1
"2336",0,0,0,0,0,0,1,0,0,0,1,0,0,0,1,0,0,0,"1613","South Carolina","Fairfield",3
"2337",0,0,0,0,0,0,0,1,0,0,0,0,0,0,1,0,0,0,"1404","South Carolina","Florence",2
"2338",0,0,1,0,1,0,0,1,0,0,0,0,0,1,1,0,1,1,"2655","South Carolina","Georgetown",7
"2339",0,0,0,0,0,0,0,0,0,0,0,1,0,0,0,0,0,0,"514","South Carolina","Greenville",1
"2340",0,0,0,0,0,0,1,0,0,0,0,0,0,0,0,0,1,0,"1568","South Carolina","Greenwood",2
"2341",0,0,0,0,0,0,0,1,0,0,0,0,0,1,1,0,0,1,"1569","South Carolina","Hampton",4
"2342",0,0,1,0,1,0,1,1,0,0,0,0,0,1,1,0,0,1,"3039","South Carolina","Horry",7
"2343",1,0,0,0,0,0,1,1,0,0,0,0,0,1,1,0,1,1,"1668","South Carolina","Jasper",7
"2344",0,0,0,0,1,0,1,1,0,0,0,0,0,0,1,0,1,0,"1104","South Carolina","Kershaw",5
"2345",0,0,0,0,0,0,1,0,0,0,1,0,0,0,1,0,1,0,"1456","South Carolina","Lancaster",4
"2346",0,0,0,0,0,0,1,0,0,0,1,0,0,0,1,0,0,0,"1426","South Carolina","Laurens",3
"2347",0,1,0,0,1,0,1,1,0,0,0,0,0,0,0,0,0,0,"2687","South Carolina","Lee",4
"2348",0,0,0,0,1,0,1,1,0,0,1,0,0,0,1,0,0,1,"1591","South Carolina","Lexington",6
"2349",0,0,0,0,0,0,1,0,0,0,0,1,0,0,0,0,0,0,"1684","South Carolina","McCormick",2
"2350",0,0,0,0,0,0,1,1,0,0,0,0,0,1,0,0,1,0,"1625","South Carolina","Marion",4
"2351",0,0,0,0,1,0,1,1,0,0,0,0,0,0,1,0,0,0,"1453","South Carolina","Marlboro",4
"2352",0,0,0,0,0,0,1,0,0,0,0,0,0,0,1,0,0,0,"2626","South Carolina","Newberry",2
"2353",0,0,0,0,0,0,0,0,0,0,0,1,0,0,1,0,1,0,"972","South Carolina","Oconee",3
"2354",0,0,0,0,0,0,0,1,0,0,0,0,0,1,1,0,0,0,"1666","South Carolina","Orangeburg",3
"2355",0,0,0,0,0,0,0,0,0,0,0,0,0,0,1,0,0,0,"1865","South Carolina","Pickens",1
"2356",0,0,0,0,1,0,1,1,0,0,0,1,0,0,1,0,1,0,"3090","South Carolina","Richland",6
"2357",0,0,0,0,0,0,1,0,0,0,0,0,0,0,1,0,0,0,"757","South Carolina","Saluda",2
"2358",0,0,0,0,0,0,1,0,0,0,0,0,0,0,1,0,1,0,"2773","South Carolina","Spartanburg",3
"2359",0,0,0,0,1,0,1,1,0,0,0,1,0,1,1,0,0,0,"1752","South Carolina","Sumter",6
"2360",0,0,0,0,0,0,0,0,0,0,1,0,0,0,1,0,0,0,"1018","South Carolina","Union",2
"2361",0,0,1,0,0,0,1,1,0,0,0,0,0,1,1,0,1,0,"1632","South Carolina","Williamsburg",6
"2362",0,0,0,0,0,0,0,0,0,0,1,0,0,0,0,0,1,0,"2775","South Carolina","York",2
"2363",0,0,0,0,0,0,0,0,0,0,0,0,0,0,0,0,0,0,"423","South Dakota","Aurora",0
"2364",0,0,0,0,0,0,0,0,0,0,0,0,0,0,0,0,0,0,"154","South Dakota","Beadle",0
"2365",0,0,0,0,0,0,0,0,0,0,0,0,0,0,0,0,0,0,"283","South Dakota","Bennett",0
"2366",0,0,0,0,0,0,0,0,0,0,0,0,0,0,0,0,0,0,"1586","South Dakota","Bon Homme",0
"2367",0,0,0,0,0,0,0,0,0,0,0,0,0,0,0,0,0,0,"425","South Dakota","Brookings",0
"2368",0,0,0,0,0,0,0,0,0,0,0,0,0,0,0,0,0,0,"766","South Dakota","Brown",0
"2369",0,0,0,0,0,0,0,0,0,0,0,0,0,0,0,0,0,0,"1647","South Dakota","Brule",0
"2370",0,0,0,0,0,0,0,0,0,0,0,0,0,0,0,0,0,0,"291","South Dakota","Buffalo",0
"2371",0,0,0,0,0,0,0,0,0,0,0,0,0,0,0,0,0,0,"1618","South Dakota","Butte",0
"2372",0,0,0,0,0,0,0,0,0,0,0,0,0,0,0,0,0,0,"1674","South Dakota","Campbell",0
"2373",0,0,0,0,0,0,0,0,0,0,0,0,0,0,0,0,0,0,"1742","South Dakota","Charles Mix",0
"2374",0,0,0,0,0,0,0,0,0,0,0,0,0,0,0,0,0,0,"174","South Dakota","Clark",0
"2375",0,0,0,0,0,0,0,0,0,0,0,0,0,0,0,0,0,0,"2691","South Dakota","Clay",0
"2376",0,0,0,0,0,0,0,0,0,0,0,0,0,0,0,0,0,0,"519","South Dakota","Codington",0
"2377",0,0,0,0,0,0,0,0,0,0,0,0,0,0,0,0,0,0,"3140","South Dakota","Corson",0
"2378",0,0,0,0,0,0,0,0,0,0,0,0,0,0,0,0,0,0,"47","South Dakota","Custer",0
"2379",0,0,0,0,0,0,0,0,0,0,0,0,0,0,0,0,0,0,"30","South Dakota","Davison",0
"2380",0,0,0,0,0,0,0,0,0,0,0,0,0,0,0,0,0,0,"216","South Dakota","Day",0
"2381",0,0,0,0,0,0,0,0,0,0,0,0,0,0,0,0,0,0,"118","South Dakota","Deuel",0
"2382",0,0,0,0,0,0,0,0,0,0,0,0,0,0,0,0,0,0,"3015","South Dakota","Dewey",0
"2383",0,0,0,0,0,0,0,0,0,0,0,0,0,0,0,0,0,0,"2440","South Dakota","Douglas",0
"2384",0,0,0,0,0,0,0,0,0,0,0,0,0,0,0,0,0,0,"1648","South Dakota","Edmunds",0
"2385",0,0,0,0,0,0,0,0,0,0,0,0,0,0,0,0,0,0,"1620","South Dakota","Fall River",0
"2386",0,0,0,0,0,0,0,0,0,0,0,0,0,0,0,0,0,0,"602","South Dakota","Faulk",0
"2387",0,0,0,0,0,0,0,0,0,0,0,0,0,0,0,0,0,0,"1652","South Dakota","Grant",0
"2388",0,0,0,0,0,0,0,0,0,0,0,0,0,0,0,0,0,0,"1351","South Dakota","Gregory",0
"2389",0,0,0,0,0,0,0,0,0,0,0,0,0,0,0,0,0,0,"1747","South Dakota","Haakon",0
"2390",0,0,0,0,0,0,0,0,0,0,0,0,0,0,0,0,0,0,"883","South Dakota","Hamlin",0
"2391",0,0,0,0,0,0,0,0,0,0,0,0,0,0,0,0,0,0,"431","South Dakota","Hand",0
"2392",0,0,0,0,0,0,0,0,0,0,0,0,0,0,0,0,0,0,"767","South Dakota","Hanson",0
"2393",0,0,0,0,0,0,0,0,0,0,0,0,0,0,0,0,0,0,"2792","South Dakota","Harding",0
"2394",0,0,0,0,0,0,0,0,0,0,0,0,0,0,0,0,0,0,"1662","South Dakota","Hughes",0
"2395",0,0,0,0,0,0,0,0,0,0,0,0,0,0,0,0,0,0,"659","South Dakota","Hutchinson",0
"2396",0,0,0,0,0,0,0,0,0,0,0,0,0,0,0,0,0,0,"36","South Dakota","Hyde",0
"2397",0,0,0,0,0,0,0,0,0,0,0,0,0,0,0,0,0,0,"1421","South Dakota","Jackson",0
"2398",0,0,0,0,0,0,0,0,0,0,0,0,0,0,0,0,0,0,"536","South Dakota","Jerauld",0
"2399",0,0,0,0,0,0,0,0,0,0,0,0,0,0,0,0,0,0,"2667","South Dakota","Jones",0
"2400",0,0,0,0,0,0,0,0,0,0,0,0,0,0,0,0,0,0,"2618","South Dakota","Kingsbury",0
"2401",0,0,0,0,0,0,0,0,0,0,0,0,0,0,0,0,0,0,"755","South Dakota","Lake",0
"2402",0,0,0,0,0,0,0,0,0,0,0,0,0,0,0,0,0,0,"1623","South Dakota","Lawrence",0
"2403",0,0,0,0,0,0,0,0,0,0,0,0,0,0,0,0,0,0,"1829","South Dakota","Lincoln",0
"2404",0,0,0,0,0,0,0,0,0,0,0,0,0,0,0,0,0,0,"560","South Dakota","Lyman",0
"2405",0,0,0,0,0,0,0,0,0,0,0,0,0,0,0,0,0,0,"891","South Dakota","McCook",0
"2406",0,0,0,0,0,0,0,0,0,0,0,0,0,0,0,0,0,0,"603","South Dakota","McPherson",0
"2407",0,0,0,0,0,0,0,0,0,0,0,0,0,0,0,0,0,0,"1994","South Dakota","Marshall",0
"2408",0,0,0,0,0,0,0,0,0,0,0,0,0,0,0,0,0,0,"2747","South Dakota","Meade",0
"2409",0,0,0,0,0,0,0,0,0,0,0,0,0,0,0,0,0,0,"2072","South Dakota","Mellette",0
"2410",0,0,0,0,0,0,0,0,0,0,0,0,0,0,0,0,0,0,"173","South Dakota","Miner",0
"2411",0,0,0,0,0,0,0,0,0,0,0,0,0,0,0,0,0,0,"433","South Dakota","Minnehaha",0
"2412",0,0,0,0,0,0,0,0,0,0,0,0,0,0,0,0,0,0,"2232","South Dakota","Moody",0
"2413",0,0,0,0,0,0,0,0,0,0,0,0,0,0,0,0,0,0,"2073","South Dakota","Oglala Lakota",0
"2414",0,0,0,0,0,0,0,0,0,0,0,0,0,0,0,0,0,0,"1798","South Dakota","Pennington",0
"2415",0,0,0,0,0,0,0,0,0,0,0,0,0,0,0,0,0,0,"1083","South Dakota","Perkins",0
"2416",0,0,0,0,0,0,0,0,0,0,0,0,0,0,0,0,0,0,"900","South Dakota","Potter",0
"2417",0,0,0,0,0,0,0,0,0,0,0,0,0,0,0,0,0,0,"1501","South Dakota","Roberts",0
"2418",0,0,0,0,0,0,0,0,0,0,0,0,0,0,0,0,0,0,"812","South Dakota","Sanborn",0
"2419",0,0,0,0,0,0,0,0,0,0,0,0,0,0,0,0,0,0,"426","South Dakota","Spink",0
"2420",0,0,0,0,0,0,0,0,0,0,0,0,0,0,0,0,0,0,"2037","South Dakota","Stanley",0
"2421",0,0,0,0,0,0,0,0,0,0,0,0,0,0,0,0,0,0,"2038","South Dakota","Sully",0
"2422",0,0,0,0,0,0,0,0,0,0,0,0,0,0,0,0,0,0,"1176","South Dakota","Todd",0
"2423",0,0,0,0,0,0,0,0,0,0,0,0,0,0,0,0,0,0,"1624","South Dakota","Tripp",0
"2424",0,0,0,0,0,0,0,0,0,0,0,0,0,0,0,0,0,0,"149","South Dakota","Turner",0
"2425",0,0,0,0,0,0,0,0,0,0,0,0,0,0,0,0,0,0,"2616","South Dakota","Union",0
"2426",0,0,0,0,0,0,0,0,0,0,0,0,0,0,0,0,0,0,"2141","South Dakota","Walworth",0
"2427",0,0,0,0,0,0,0,0,0,0,0,0,0,0,0,0,0,0,"1518","South Dakota","Yankton",0
"2428",0,0,0,0,0,0,0,0,0,0,0,0,0,0,0,0,0,0,"2039","South Dakota","Ziebach",0
"2429",0,0,0,0,0,0,0,0,0,0,0,1,0,0,0,0,1,0,"2711","Tennessee","Anderson",2
"2430",0,0,0,0,0,0,1,0,0,0,0,0,0,0,0,0,0,0,"2752","Tennessee","Bedford",1
"2431",0,0,0,0,0,0,1,0,0,0,0,0,0,0,1,0,1,0,"1497","Tennessee","Benton",3
"2432",0,0,0,0,0,0,1,0,0,0,0,0,0,0,1,0,0,0,"2260","Tennessee","Bledsoe",2
"2433",1,0,0,0,0,0,0,0,0,0,0,1,0,0,1,0,1,0,"2261","Tennessee","Blount",4
"2434",0,0,0,0,0,0,0,0,0,0,0,0,0,0,0,0,0,0,"2456","Tennessee","Bradley",0
"2435",0,0,0,0,0,0,0,0,0,0,0,1,0,0,1,0,0,0,"2309","Tennessee","Campbell",2
"2436",0,0,0,0,0,0,0,0,0,0,0,0,0,0,0,0,0,0,"183","Tennessee","Cannon",0
"2437",0,0,0,0,0,0,1,0,0,0,1,0,0,0,1,0,1,0,"613","Tennessee","Carroll",4
"2438",0,0,0,0,0,0,0,0,0,0,0,1,0,0,1,0,1,0,"1106","Tennessee","Carter",3
"2439",0,0,0,0,0,0,0,0,0,0,0,0,0,0,0,0,0,0,"1799","Tennessee","Cheatham",0
"2440",0,0,0,0,0,0,0,0,0,0,0,0,0,0,1,0,1,0,"1375","Tennessee","Chester",2
"2441",0,0,0,0,0,0,0,0,0,0,0,0,0,0,0,0,0,0,"3055","Tennessee","Claiborne",0
"2442",0,0,0,0,0,0,0,0,0,0,0,0,0,0,1,0,0,0,"2062","Tennessee","Clay",1
"2443",0,0,0,0,0,0,0,0,0,0,0,1,0,0,1,0,0,0,"1336","Tennessee","Cocke",2
"2444",0,0,0,0,0,0,0,0,0,0,0,0,0,0,0,0,1,0,"1650","Tennessee","Coffee",1
"2445",0,0,0,0,0,0,1,0,0,0,0,0,0,0,0,0,0,0,"262","Tennessee","Crockett",1
"2446",0,0,0,0,0,0,0,0,0,0,0,1,0,0,1,0,1,0,"3191","Tennessee","Cumberland",3
"2447",0,0,0,0,0,0,0,0,0,0,0,0,0,0,0,0,0,0,"975","Tennessee","Davidson",0
"2448",0,0,0,0,0,0,1,0,0,0,0,0,0,0,1,0,0,0,"3011","Tennessee","Decatur",2
"2449",0,0,0,0,0,0,0,0,0,0,0,0,0,0,0,0,0,0,"2778","Tennessee","DeKalb",0
"2450",0,0,0,0,0,0,0,0,0,0,0,0,0,0,0,0,0,0,"427","Tennessee","Dickson",0
"2451",0,0,0,0,0,0,1,0,0,0,0,0,0,0,0,0,0,0,"1397","Tennessee","Dyer",1
"2452",0,0,0,0,0,0,1,0,0,0,0,0,0,0,0,0,0,0,"709","Tennessee","Fayette",1
"2453",0,0,0,0,0,0,0,0,0,0,0,1,0,0,1,0,1,0,"2670","Tennessee","Fentress",3
"2454",0,0,0,0,0,0,1,0,0,0,1,1,0,0,1,0,0,0,"2993","Tennessee","Franklin",4
"2455",0,0,0,0,0,0,0,0,0,0,0,0,0,0,0,0,0,0,"266","Tennessee","Gibson",0
"2456",0,0,0,0,0,0,1,0,0,0,0,0,0,0,0,0,0,0,"1909","Tennessee","Giles",1
"2457",0,0,0,0,0,0,0,0,0,0,0,1,0,0,0,0,0,0,"3051","Tennessee","Grainger",1
"2458",0,0,0,0,0,0,0,0,0,0,0,1,0,0,0,0,0,0,"2577","Tennessee","Greene",1
"2459",0,0,0,0,0,0,1,0,0,0,0,1,0,0,1,0,1,0,"185","Tennessee","Grundy",4
"2460",0,0,0,0,0,0,0,0,0,0,0,0,0,0,0,0,0,0,"1376","Tennessee","Hamblen",0
"2461",0,0,0,0,0,0,1,0,0,0,1,0,0,0,1,0,1,0,"1754","Tennessee","Hamilton",4
"2462",0,0,0,0,0,0,0,0,0,0,0,0,0,0,0,0,0,0,"1217","Tennessee","Hancock",0
"2463",0,0,0,0,0,0,1,0,0,0,0,0,0,0,1,0,1,0,"2708","Tennessee","Hardeman",3
"2464",1,0,0,0,0,0,1,0,0,0,1,1,0,0,1,0,1,0,"1621","Tennessee","Hardin",6
"2465",1,0,0,0,0,0,0,0,0,0,0,1,0,0,1,0,0,0,"3123","Tennessee","Hawkins",3
"2466",0,0,0,0,0,0,1,0,0,0,0,0,0,0,1,0,0,0,"1082","Tennessee","Haywood",2
"2467",0,0,0,0,0,0,1,0,0,0,0,0,0,0,1,0,0,0,"432","Tennessee","Henderson",2
"2468",0,0,0,0,0,0,1,0,0,0,0,0,0,0,1,0,1,0,"1858","Tennessee","Henry",3
"2469",0,0,0,0,0,0,0,0,0,0,0,0,0,0,0,0,0,0,"705","Tennessee","Hickman",0
"2470",0,0,0,0,0,0,1,0,0,0,0,0,0,0,0,0,0,0,"1641","Tennessee","Houston",1
"2471",0,0,0,0,0,0,0,0,0,0,0,0,0,0,0,0,0,0,"1594","Tennessee","Humphreys",0
"2472",0,0,0,0,0,0,0,0,0,0,0,0,0,0,0,0,0,0,"2550","Tennessee","Jackson",0
"2473",0,0,0,0,0,0,0,0,0,0,0,0,0,0,0,0,0,0,"1680","Tennessee","Jefferson",0
"2474",1,0,0,0,0,0,0,0,0,0,0,1,0,0,1,0,1,0,"1352","Tennessee","Johnson",4
"2475",0,0,0,0,0,0,0,0,0,0,0,1,0,0,1,0,0,0,"1372","Tennessee","Knox",2
"2476",0,0,0,0,0,0,1,0,0,0,0,0,0,0,1,0,0,0,"2173","Tennessee","Lake",2
"2477",0,0,0,0,0,0,1,0,0,0,0,0,0,0,1,0,0,0,"1654","Tennessee","Lauderdale",2
"2478",0,0,0,0,0,0,1,0,0,0,0,0,0,0,0,0,0,0,"1164","Tennessee","Lawrence",1
"2479",0,0,0,0,0,0,1,0,0,0,1,0,0,0,0,0,0,0,"2578","Tennessee","Lewis",2
"2480",0,0,0,0,0,0,0,0,0,0,0,0,0,0,0,0,1,0,"2845","Tennessee","Lincoln",1
"2481",0,0,0,0,0,0,0,0,0,0,0,0,0,0,0,0,0,0,"1748","Tennessee","Loudon",0
"2482",0,0,0,0,0,0,0,0,0,0,0,0,0,0,0,0,0,0,"1499","Tennessee","McMinn",0
"2483",0,0,0,0,0,0,1,0,0,0,0,0,0,0,1,0,1,0,"361","Tennessee","McNairy",3
"2484",0,0,0,0,0,0,0,0,0,0,0,0,0,0,0,0,0,0,"131","Tennessee","Macon",0
"2485",0,0,0,0,0,0,1,0,0,0,0,0,0,0,1,0,0,0,"532","Tennessee","Madison",2
"2486",0,0,0,0,0,0,1,0,0,0,1,0,0,0,1,0,1,0,"3093","Tennessee","Marion",4
"2487",0,0,0,0,0,0,0,0,0,0,0,0,0,0,0,0,0,0,"2987","Tennessee","Marshall",0
"2488",0,0,0,0,0,0,0,0,0,0,0,0,0,0,0,0,0,0,"1755","Tennessee","Maury",0
"2489",0,0,0,0,0,0,0,0,0,0,0,0,0,0,1,0,0,0,"2879","Tennessee","Meigs",1
"2490",0,0,0,0,0,0,0,0,0,0,0,1,0,0,1,0,1,0,"2380","Tennessee","Monroe",3
"2491",0,0,0,0,0,0,1,0,0,0,0,0,0,0,1,0,0,0,"17","Tennessee","Montgomery",2
"2492",0,0,0,0,0,0,0,0,0,0,0,0,0,0,0,0,0,0,"1866","Tennessee","Moore",0
"2493",0,0,0,0,0,0,0,0,0,0,0,1,0,0,1,0,1,0,"1522","Tennessee","Morgan",3
"2494",0,0,0,0,0,0,1,0,0,0,0,0,0,0,0,0,0,0,"1566","Tennessee","Obion",1
"2495",0,0,0,0,0,0,0,0,0,0,0,1,0,0,1,0,0,0,"1770","Tennessee","Overton",2
"2496",0,0,0,0,0,0,1,0,0,0,0,0,0,0,0,0,0,0,"2392","Tennessee","Perry",1
"2497",0,0,0,0,0,0,0,0,0,0,0,0,0,0,0,0,0,0,"1649","Tennessee","Pickett",0
"2498",1,0,0,0,0,0,0,0,0,0,0,1,0,0,1,0,1,0,"1430","Tennessee","Polk",4
"2499",0,0,0,0,0,0,0,0,0,0,0,0,0,0,0,0,1,0,"1903","Tennessee","Putnam",1
"2500",0,0,0,0,0,0,0,0,0,0,0,1,0,0,1,0,1,0,"2712","Tennessee","Rhea",3
"2501",1,0,0,0,0,0,0,0,0,0,0,0,0,0,0,0,0,0,"2644","Tennessee","Roane",1
"2502",0,0,0,0,0,0,0,0,0,0,0,0,0,0,0,0,0,0,"2526","Tennessee","Robertson",0
"2503",0,0,0,0,0,0,0,0,0,0,0,0,0,0,0,0,0,0,"1494","Tennessee","Rutherford",0
"2504",0,0,0,0,0,0,0,0,0,0,0,0,0,0,1,0,1,0,"2640","Tennessee","Scott",2
"2505",0,0,0,0,0,0,0,0,0,0,0,1,0,0,1,0,1,0,"1409","Tennessee","Sequatchie",3
"2506",1,0,0,0,0,0,0,0,0,0,0,1,0,0,1,0,0,0,"3080","Tennessee","Sevier",3
"2507",0,0,0,0,0,0,1,0,0,0,1,0,0,0,1,0,1,0,"1331","Tennessee","Shelby",4
"2508",0,0,0,0,0,0,0,0,0,0,0,0,0,0,1,0,0,0,"1483","Tennessee","Smith",1
"2509",0,0,0,0,0,0,1,0,0,0,0,0,0,0,1,0,0,0,"1175","Tennessee","Stewart",2
"2510",0,0,0,0,0,0,0,0,0,0,0,1,0,0,0,0,0,0,"1905","Tennessee","Sullivan",1
"2511",0,0,0,0,0,0,0,0,0,0,0,0,0,0,0,0,1,0,"2662","Tennessee","Sumner",1
"2512",0,0,0,0,0,0,1,0,0,0,0,0,0,0,0,0,0,0,"1818","Tennessee","Tipton",1
"2513",0,0,0,0,0,0,0,0,0,0,0,0,0,0,0,0,0,0,"1498","Tennessee","Trousdale",0
"2514",0,0,0,0,0,0,0,0,0,0,0,1,0,0,1,0,1,0,"1704","Tennessee","Unicoi",3
"2515",0,0,0,0,0,0,0,0,0,0,0,1,0,0,0,0,0,0,"1105","Tennessee","Union",1
"2516",0,0,0,0,0,0,1,0,0,0,0,1,0,0,1,0,0,0,"2741","Tennessee","Van Buren",3
"2517",0,0,0,0,0,0,0,0,0,0,0,1,0,0,0,0,1,0,"1626","Tennessee","Warren",2
"2518",0,0,0,0,0,0,0,0,0,0,0,1,0,0,0,0,0,0,"2723","Tennessee","Washington",1
"2519",0,0,0,0,0,0,1,0,0,0,1,0,0,0,1,0,1,0,"2415","Tennessee","Wayne",4
"2520",0,0,0,0,0,0,1,0,0,0,0,0,0,0,1,0,1,0,"1727","Tennessee","Weakley",3
"2521",0,0,0,0,0,0,1,0,0,0,0,0,0,0,0,0,1,0,"2713","Tennessee","White",2
"2522",0,0,0,0,0,0,0,0,0,0,0,0,0,0,0,0,0,0,"441","Tennessee","Williamson",0
"2523",0,0,0,0,0,0,0,0,0,0,0,0,0,0,0,0,0,0,"917","Tennessee","Wilson",0
"2524",0,0,0,0,0,0,1,0,0,0,0,0,0,0,1,0,0,0,"1567","Texas","Anderson",2
"2525",0,0,0,0,0,0,0,0,0,0,0,0,0,0,0,0,0,0,"275","Texas","Andrews",0
"2526",0,0,0,0,1,0,1,0,0,0,1,0,0,0,1,0,0,1,"1592","Texas","Angelina",5
"2527",0,0,0,0,0,0,0,0,0,0,0,0,0,0,0,0,0,1,"1161","Texas","Aransas",1
"2528",0,0,0,0,0,0,0,0,0,0,0,0,0,0,0,0,0,0,"886","Texas","Archer",0
"2529",0,0,0,0,0,0,0,0,0,0,0,0,0,0,0,0,0,0,"489","Texas","Armstrong",0
"2530",0,0,0,0,0,0,0,0,0,0,0,0,0,0,0,0,0,0,"1597","Texas","Atascosa",0
"2531",0,0,0,0,0,0,0,0,0,0,0,0,0,0,0,0,0,1,"1565","Texas","Austin",1
"2532",0,0,0,0,0,0,0,0,0,0,0,0,0,0,0,0,0,0,"3116","Texas","Bailey",0
"2533",0,0,0,0,0,0,0,0,0,0,0,0,0,0,0,0,0,0,"428","Texas","Bandera",0
"2534",0,0,0,0,0,0,1,0,0,0,0,0,0,0,0,0,0,1,"65","Texas","Bastrop",2
"2535",0,0,0,0,0,0,0,0,0,0,0,0,0,0,0,0,0,0,"430","Texas","Baylor",0
"2536",0,0,0,0,0,0,1,0,0,0,0,0,0,0,0,0,0,0,"2617","Texas","Bee",1
"2537",0,0,0,0,0,0,1,0,0,0,0,0,0,0,0,0,0,0,"1721","Texas","Bell",1
"2538",0,0,0,0,0,0,1,0,0,0,0,0,0,0,0,0,0,0,"3185","Texas","Bexar",1
"2539",0,0,0,0,0,0,1,0,0,0,0,0,0,0,0,0,0,1,"39","Texas","Blanco",2
"2540",0,0,0,0,0,0,0,0,0,0,0,0,0,0,0,0,0,0,"847","Texas","Borden",0
"2541",0,0,0,0,0,0,0,0,0,0,0,0,0,0,0,0,0,0,"901","Texas","Bosque",0
"2542",0,0,0,0,0,0,1,0,0,0,0,0,0,0,1,0,0,0,"1378","Texas","Bowie",2
"2543",0,0,0,0,0,0,1,0,0,0,0,0,0,0,1,0,0,1,"1883","Texas","Brazoria",3
"2544",0,0,0,0,0,0,1,0,0,0,0,0,0,0,1,0,0,1,"1915","Texas","Brazos",3
"2545",0,0,0,0,0,0,0,0,0,0,0,0,0,0,0,0,0,0,"1387","Texas","Brewster",0
"2546",0,0,0,0,0,0,0,0,0,0,0,0,0,0,0,0,0,0,"1595","Texas","Briscoe",0
"2547",0,0,0,0,0,0,0,0,0,0,0,0,0,0,0,0,0,0,"3089","Texas","Brooks",0
"2548",0,0,0,0,0,0,0,0,0,0,0,0,0,0,0,0,0,0,"330","Texas","Brown",0
"2549",0,0,0,0,0,0,0,0,0,0,0,0,0,0,0,0,0,0,"1916","Texas","Burleson",0
"2550",0,0,0,0,0,0,0,0,0,0,0,0,0,0,0,0,0,0,"2153","Texas","Burnet",0
"2551",0,0,0,0,0,0,0,0,0,0,0,0,0,0,0,0,0,1,"1532","Texas","Caldwell",1
"2552",0,0,0,0,0,0,0,0,0,0,0,0,0,0,0,0,0,1,"1698","Texas","Calhoun",1
"2553",0,0,0,0,0,0,0,0,0,0,0,0,0,0,0,0,0,0,"175","Texas","Callahan",0
"2554",0,0,0,0,0,0,0,0,0,0,0,0,0,0,0,0,0,0,"2331","Texas","Cameron",0
"2555",0,0,0,0,0,0,0,0,0,0,0,0,0,0,0,0,0,0,"3103","Texas","Camp",0
"2556",0,0,0,0,0,0,0,0,0,0,0,0,0,0,0,0,0,0,"3186","Texas","Carson",0
"2557",0,0,0,0,0,0,0,0,0,0,0,0,0,0,0,0,0,0,"1045","Texas","Cass",0
"2558",0,0,0,0,0,0,0,0,0,0,0,0,0,0,0,0,0,0,"263","Texas","Castro",0
"2559",0,0,0,0,0,0,1,0,0,0,0,0,0,0,1,0,0,1,"3141","Texas","Chambers",3
"2560",0,0,0,0,0,0,1,0,0,0,0,0,0,0,1,0,0,0,"2828","Texas","Cherokee",2
"2561",0,0,0,0,0,0,0,0,0,0,0,0,0,0,0,0,0,0,"112","Texas","Childress",0
"2562",0,0,0,0,0,0,0,0,0,0,0,0,0,0,0,0,0,0,"1993","Texas","Clay",0
"2563",0,0,0,0,0,0,0,0,0,0,0,0,0,0,0,0,0,0,"162","Texas","Cochran",0
"2564",0,0,0,0,0,0,0,0,0,0,0,0,0,0,0,0,0,0,"739","Texas","Coke",0
"2565",0,0,0,0,0,0,0,0,0,0,0,0,0,0,0,0,0,0,"637","Texas","Coleman",0
"2566",0,0,0,0,0,0,1,0,0,0,0,0,0,0,0,0,0,0,"1703","Texas","Collin",1
"2567",0,0,0,0,0,0,0,0,0,0,0,0,0,0,0,0,0,0,"787","Texas","Collingsworth",0
"2568",0,0,0,0,0,0,1,0,0,0,0,0,0,0,0,0,0,1,"1111","Texas","Colorado",2
"2569",0,0,0,0,0,0,1,0,0,0,0,0,0,0,0,0,0,1,"219","Texas","Comal",2
"2570",0,0,0,0,0,0,1,0,0,0,0,0,0,0,0,0,0,0,"858","Texas","Comanche",1
"2571",0,0,0,0,0,0,0,0,0,0,0,0,0,0,0,0,0,0,"66","Texas","Concho",0
"2572",0,0,0,0,0,0,0,0,0,0,0,0,0,0,0,0,0,0,"2237","Texas","Cooke",0
"2573",0,0,0,0,0,0,1,0,0,0,0,0,0,0,0,0,0,0,"276","Texas","Coryell",1
"2574",0,0,0,0,0,0,0,0,0,0,0,0,0,0,0,0,0,0,"1700","Texas","Cottle",0
"2575",0,0,0,0,0,0,0,0,0,0,0,0,0,0,0,0,0,0,"2238","Texas","Crane",0
"2576",0,0,0,0,0,0,0,0,0,0,0,0,0,0,0,0,0,0,"2468","Texas","Crockett",0
"2577",0,0,0,0,0,0,0,0,0,0,0,0,0,0,0,0,0,0,"1165","Texas","Crosby",0
"2578",0,0,0,0,0,0,0,0,0,0,0,0,0,0,0,0,0,0,"893","Texas","Culberson",0
"2579",0,0,0,0,0,0,0,0,0,0,0,0,0,0,0,0,0,0,"48","Texas","Dallam",0
"2580",0,0,0,0,0,0,1,0,0,0,0,0,0,0,0,0,0,1,"2022","Texas","Dallas",2
"2581",0,0,0,0,0,0,0,0,0,0,0,0,0,0,0,0,0,0,"471","Texas","Dawson",0
"2582",0,0,0,0,0,0,0,0,0,0,0,0,0,0,0,0,0,0,"1699","Texas","Deaf Smith",0
"2583",0,0,0,0,0,0,0,0,0,0,0,0,0,0,0,0,0,0,"1819","Texas","Delta",0
"2584",0,0,0,0,0,0,1,0,0,0,0,0,0,0,0,0,0,0,"369","Texas","Denton",1
"2585",0,0,0,0,0,0,1,0,0,0,0,0,0,0,0,0,0,1,"1675","Texas","DeWitt",2
"2586",0,0,0,0,0,0,0,0,0,0,0,0,0,0,0,0,0,0,"83","Texas","Dickens",0
"2587",0,0,0,0,0,0,0,0,0,0,0,0,0,0,0,0,0,0,"373","Texas","Dimmit",0
"2588",0,0,0,0,0,0,0,0,0,0,0,0,0,0,0,0,0,0,"314","Texas","Donley",0
"2589",0,0,0,0,0,0,0,0,0,0,0,0,0,0,0,0,0,0,"3037","Texas","Duval",0
"2590",0,0,0,0,0,0,0,0,0,0,0,0,0,0,0,0,0,0,"736","Texas","Eastland",0
"2591",0,0,0,0,0,0,0,0,0,0,0,0,0,0,0,0,0,0,"331","Texas","Ector",0
"2592",0,0,0,0,0,0,0,0,0,0,0,0,0,0,0,0,0,0,"2779","Texas","Edwards",0
"2593",0,0,0,0,0,0,1,0,0,0,0,0,0,0,0,0,0,0,"2748","Texas","Ellis",1
"2594",0,0,0,0,0,0,0,0,0,0,0,0,0,0,0,0,0,0,"2116","Texas","El Paso",0
"2595",0,0,0,0,0,0,0,0,0,0,0,0,0,0,0,0,0,0,"552","Texas","Erath",0
"2596",0,0,0,0,0,0,1,0,0,0,0,0,0,0,0,0,0,0,"1596","Texas","Falls",1
"2597",0,0,0,0,0,0,1,0,0,0,0,0,0,0,0,0,0,1,"1710","Texas","Fannin",2
"2598",0,0,0,0,0,0,1,0,0,0,0,0,0,0,0,0,0,1,"1405","Texas","Fayette",2
"2599",0,0,0,0,0,0,0,0,0,0,0,0,0,0,0,0,0,0,"178","Texas","Fisher",0
"2600",0,0,0,0,0,0,0,0,0,0,0,0,0,0,0,0,0,0,"2285","Texas","Floyd",0
"2601",0,0,0,0,0,0,0,0,0,0,0,0,0,0,0,0,0,0,"2145","Texas","Foard",0
"2602",0,0,0,0,0,0,1,0,0,0,0,0,0,0,0,0,0,0,"3155","Texas","Fort Bend",1
"2603",0,0,0,0,0,0,0,0,0,0,0,0,0,0,1,0,0,0,"3102","Texas","Franklin",1
"2604",0,0,0,0,0,0,1,0,0,0,0,0,0,0,1,0,0,1,"2134","Texas","Freestone",3
"2605",0,0,0,0,0,0,0,0,0,0,0,0,0,0,0,0,0,0,"98","Texas","Frio",0
"2606",0,0,0,0,0,0,0,0,0,0,0,0,0,0,0,0,0,0,"332","Texas","Gaines",0
"2607",0,0,0,0,0,0,1,0,0,0,0,0,0,0,1,0,0,1,"1851","Texas","Galveston",3
"2608",0,0,0,0,0,0,0,0,0,0,0,0,0,0,0,0,0,0,"643","Texas","Garza",0
"2609",0,0,0,0,0,0,1,0,0,0,0,0,0,0,0,0,0,0,"220","Texas","Gillespie",1
"2610",0,0,0,0,0,0,0,0,0,0,0,0,0,0,0,0,0,0,"1469","Texas","Glasscock",0
"2611",0,0,0,0,0,0,0,0,0,0,0,0,0,0,0,0,0,0,"1854","Texas","Goliad",0
"2612",0,0,0,0,0,0,1,0,0,0,0,0,0,0,1,0,0,1,"2525","Texas","Gonzales",3
"2613",0,0,0,0,0,0,0,0,0,0,0,0,0,0,0,0,0,0,"574","Texas","Gray",0
"2614",0,0,0,0,0,0,1,0,0,0,0,0,0,0,0,0,0,0,"3019","Texas","Grayson",1
"2615",0,0,0,0,0,0,1,0,0,0,0,0,0,0,1,0,0,0,"647","Texas","Gregg",2
"2616",0,0,0,0,0,0,1,0,0,0,0,0,0,0,1,0,0,0,"2284","Texas","Grimes",2
"2617",0,0,0,0,0,0,0,0,0,0,0,0,0,0,1,0,0,0,"3074","Texas","Guadalupe",1
"2618",0,0,0,0,0,0,0,0,0,0,0,0,0,0,0,0,0,0,"232","Texas","Hale",0
"2619",0,0,0,0,0,0,0,0,0,0,0,0,0,0,0,0,0,0,"749","Texas","Hall",0
"2620",0,0,0,0,0,0,0,0,0,0,0,0,0,0,0,0,0,0,"235","Texas","Hamilton",0
"2621",0,0,0,0,0,0,0,0,0,0,0,0,0,0,0,0,0,0,"284","Texas","Hansford",0
"2622",0,0,0,0,0,0,0,0,0,0,0,0,0,0,0,0,0,0,"1884","Texas","Hardeman",0
"2623",1,0,0,0,1,0,1,0,0,0,0,0,0,0,1,0,0,1,"2622","Texas","Hardin",5
"2624",0,0,0,0,0,0,0,0,0,0,0,0,0,0,1,0,0,1,"1211","Texas","Harris",2
"2625",0,0,0,0,0,0,1,0,0,0,0,0,0,0,0,0,0,0,"2545","Texas","Harrison",1
"2626",0,0,0,0,0,0,0,0,0,0,0,0,0,0,0,0,0,0,"685","Texas","Hartley",0
"2627",0,0,0,0,0,0,0,0,0,0,0,0,0,0,0,0,0,0,"646","Texas","Haskell",0
"2628",0,0,0,0,0,0,1,0,0,0,0,0,0,0,0,0,0,0,"1533","Texas","Hays",1
"2629",0,0,0,0,0,0,0,0,0,0,0,0,0,0,0,0,0,0,"2443","Texas","Hemphill",0
"2630",0,0,0,0,0,0,1,0,0,0,0,0,0,0,0,0,0,0,"2097","Texas","Henderson",1
"2631",0,0,0,0,0,0,0,0,0,0,0,0,0,0,0,0,0,0,"2782","Texas","Hidalgo",0
"2632",0,0,0,0,0,0,0,0,0,0,0,0,0,0,0,0,0,0,"2551","Texas","Hill",0
"2633",0,0,0,0,0,0,0,0,0,0,0,0,0,0,0,0,0,0,"796","Texas","Hockley",0
"2634",0,0,0,0,0,0,0,0,0,0,0,0,0,0,0,0,0,0,"268","Texas","Hood",0
"2635",0,0,0,0,0,0,0,0,0,0,0,0,0,0,0,0,0,0,"2057","Texas","Hopkins",0
"2636",0,0,0,0,0,0,0,0,0,0,0,0,0,0,1,0,0,1,"1445","Texas","Houston",2
"2637",0,0,0,0,0,0,0,0,0,0,0,0,0,0,0,0,0,0,"567","Texas","Howard",0
"2638",0,0,0,0,0,0,0,0,0,0,0,0,0,0,0,0,0,0,"2744","Texas","Hudspeth",0
"2639",0,0,0,0,0,0,0,0,0,0,0,0,0,0,0,0,0,0,"2981","Texas","Hunt",0
"2640",0,0,0,0,0,0,0,0,0,0,0,0,0,0,0,0,0,0,"806","Texas","Hutchinson",0
"2641",0,0,0,0,0,0,0,0,0,0,0,0,0,0,0,0,0,0,"90","Texas","Irion",0
"2642",0,0,0,0,0,0,0,0,0,0,0,0,0,0,0,0,0,0,"2823","Texas","Jack",0
"2643",0,0,0,0,0,0,1,0,0,0,0,0,0,0,1,0,0,1,"575","Texas","Jackson",3
"2644",1,0,0,0,1,0,1,0,0,0,1,0,0,0,1,0,0,1,"2901","Texas","Jasper",6
"2645",0,0,0,0,0,0,0,0,0,0,0,0,0,0,0,0,0,0,"18","Texas","Jeff Davis",0
"2646",0,0,0,0,0,0,1,0,0,0,0,0,0,0,1,0,0,1,"2193","Texas","Jefferson",3
"2647",0,0,0,0,0,0,0,0,0,0,0,0,0,0,0,0,0,0,"3230","Texas","Jim Hogg",0
"2648",0,0,0,0,0,0,0,0,0,0,0,0,0,0,0,0,0,0,"537","Texas","Jim Wells",0
"2649",0,0,0,0,0,0,1,0,0,0,0,0,0,0,0,0,0,0,"437","Texas","Johnson",1
"2650",0,0,0,0,0,0,0,0,0,0,0,0,0,0,0,0,0,0,"179","Texas","Jones",0
"2651",0,0,0,0,0,0,0,0,0,0,0,0,0,0,0,0,0,1,"545","Texas","Karnes",1
"2652",0,0,0,0,0,0,1,0,0,0,0,0,0,0,0,0,0,0,"727","Texas","Kaufman",1
"2653",0,0,0,0,0,0,1,0,0,0,0,0,0,0,0,0,0,0,"38","Texas","Kendall",1
"2654",0,0,0,0,0,0,0,0,0,0,0,0,0,0,0,0,0,0,"2149","Texas","Kenedy",0
"2655",0,0,0,0,0,0,0,0,0,0,0,0,0,0,0,0,0,0,"644","Texas","Kent",0
"2656",0,0,0,0,0,0,1,0,0,0,0,0,0,0,0,0,0,0,"33","Texas","Kerr",1
"2657",0,0,0,0,0,0,0,0,0,0,0,0,0,0,0,0,0,0,"469","Texas","Kimble",0
"2658",0,0,0,0,0,0,0,0,0,0,0,0,0,0,0,0,0,0,"353","Texas","King",0
"2659",0,0,0,0,0,0,0,0,0,0,0,0,0,0,0,0,0,0,"2839","Texas","Kinney",0
"2660",0,0,0,0,0,0,0,0,0,0,0,0,0,0,0,0,0,0,"1431","Texas","Kleberg",0
"2661",0,0,0,0,0,0,0,0,0,0,0,0,0,0,0,0,0,0,"1168","Texas","Knox",0
"2662",0,0,0,0,0,0,1,0,0,0,0,0,0,0,0,0,0,1,"2323","Texas","Lamar",2
"2663",0,0,0,0,0,0,0,0,0,0,0,0,0,0,0,0,0,0,"881","Texas","Lamb",0
"2664",0,0,0,0,0,0,0,0,0,0,0,0,0,0,0,0,0,0,"1695","Texas","Lampasas",0
"2665",0,0,0,0,0,0,0,0,0,0,0,0,0,0,0,0,0,0,"817","Texas","La Salle",0
"2666",0,0,0,0,0,0,0,0,0,0,0,0,0,0,0,0,0,0,"493","Texas","Lavaca",0
"2667",0,0,0,0,0,0,1,0,0,0,0,0,0,0,0,0,0,0,"2282","Texas","Lee",1
"2668",0,0,0,0,0,0,1,0,0,0,0,0,0,0,0,0,0,0,"2714","Texas","Leon",1
"2669",1,0,0,0,1,0,0,0,0,0,0,0,0,0,1,0,0,1,"1702","Texas","Liberty",4
"2670",0,0,0,0,0,0,1,0,0,0,0,0,0,0,0,0,0,0,"688","Texas","Limestone",1
"2671",0,0,0,0,0,0,0,0,0,0,0,0,0,0,0,0,0,0,"1267","Texas","Lipscomb",0
"2672",0,0,0,0,0,0,0,0,0,0,0,0,0,0,0,0,0,0,"1872","Texas","Live Oak",0
"2673",0,0,0,0,0,0,0,0,0,0,0,0,0,0,0,0,0,0,"940","Texas","Llano",0
"2674",0,0,0,0,0,0,0,0,0,0,0,0,0,0,0,0,0,0,"2653","Texas","Loving",0
"2675",0,0,0,0,0,0,0,0,0,0,0,0,0,0,0,0,0,0,"800","Texas","Lubbock",0
"2676",0,0,0,0,0,0,0,0,0,0,0,0,0,0,0,0,0,0,"264","Texas","Lynn",0
"2677",0,0,0,0,0,0,0,0,0,0,0,0,0,0,0,0,0,0,"2854","Texas","McCulloch",0
"2678",0,0,0,0,0,0,1,0,0,0,0,0,0,0,0,0,0,1,"319","Texas","McLennan",2
"2679",0,0,0,0,0,0,0,0,0,0,0,0,0,0,0,0,0,0,"690","Texas","McMullen",0
"2680",0,0,0,0,0,0,0,0,0,0,0,0,0,0,0,0,0,0,"1867","Texas","Madison",0
"2681",0,0,0,0,0,0,0,0,0,0,0,0,0,0,0,0,0,0,"2348","Texas","Marion",0
"2682",0,0,0,0,0,0,0,0,0,0,0,0,0,0,0,0,0,0,"472","Texas","Martin",0
"2683",0,0,0,0,0,0,0,0,0,0,0,0,0,0,0,0,0,0,"642","Texas","Mason",0
"2684",0,0,0,0,0,0,0,0,0,0,0,0,0,0,0,0,0,1,"1408","Texas","Matagorda",1
"2685",0,0,0,0,0,0,0,0,0,0,0,0,0,0,0,0,0,0,"899","Texas","Maverick",0
"2686",0,0,0,0,0,0,0,0,0,0,0,0,0,0,0,0,0,0,"374","Texas","Medina",0
"2687",0,0,0,0,0,0,0,0,0,0,0,0,0,0,0,0,0,0,"180","Texas","Menard",0
"2688",0,0,0,0,0,0,0,0,0,0,0,0,0,0,0,0,0,0,"63","Texas","Midland",0
"2689",0,0,0,0,0,0,0,0,0,0,0,0,0,0,0,0,0,0,"1167","Texas","Milam",0
"2690",0,0,0,0,0,0,1,0,0,0,0,0,0,0,0,0,0,0,"2023","Texas","Mills",1
"2691",0,0,0,0,0,0,0,0,0,0,0,0,0,0,0,0,0,0,"792","Texas","Mitchell",0
"2692",0,0,0,0,0,0,0,0,0,0,0,0,0,0,0,0,0,0,"1525","Texas","Montague",0
"2693",1,0,0,0,1,0,1,0,0,0,1,0,0,0,1,0,0,1,"2603","Texas","Montgomery",6
"2694",0,0,0,0,0,0,0,0,0,0,0,0,0,0,0,0,0,0,"526","Texas","Moore",0
"2695",0,0,0,0,0,0,0,0,0,0,0,0,0,0,0,0,0,0,"650","Texas","Morris",0
"2696",0,0,0,0,0,0,0,0,0,0,0,0,0,0,0,0,0,0,"702","Texas","Motley",0
"2697",0,0,0,0,0,0,1,0,0,0,0,0,0,0,1,0,0,0,"1562","Texas","Nacogdoches",2
"2698",0,0,0,0,0,0,0,0,0,0,0,0,0,0,0,0,0,0,"1610","Texas","Navarro",0
"2699",0,0,0,0,1,0,1,0,0,0,1,0,0,0,1,0,0,1,"1558","Texas","Newton",5
"2700",0,0,0,0,0,0,0,0,0,0,0,0,0,0,0,0,0,0,"476","Texas","Nolan",0
"2701",0,0,0,0,0,0,0,0,0,0,0,0,0,0,0,0,0,1,"2620","Texas","Nueces",1
"2702",0,0,0,0,0,0,0,0,0,0,0,0,0,0,0,0,0,0,"1502","Texas","Ochiltree",0
"2703",0,0,0,0,0,0,0,0,0,0,0,0,0,0,0,0,0,0,"410","Texas","Oldham",0
"2704",0,0,0,0,0,0,0,0,0,0,0,0,0,0,1,0,1,1,"2975","Texas","Orange",3
"2705",0,0,0,0,0,0,0,0,0,0,0,0,0,0,0,0,0,0,"399","Texas","Palo Pinto",0
"2706",0,0,0,0,0,0,0,0,0,0,0,0,0,0,0,0,0,0,"1545","Texas","Panola",0
"2707",0,0,0,0,0,0,1,0,0,0,0,0,0,0,0,0,0,0,"324","Texas","Parker",1
"2708",0,0,0,0,0,0,0,0,0,0,0,0,0,0,0,0,0,0,"2984","Texas","Parmer",0
"2709",0,0,0,0,0,0,0,0,0,0,0,0,0,0,0,0,0,0,"3209","Texas","Pecos",0
"2710",0,0,0,0,1,0,1,0,0,0,1,0,0,0,1,0,0,1,"2629","Texas","Polk",5
"2711",0,0,0,0,0,0,0,0,0,0,0,0,0,0,0,0,0,0,"1215","Texas","Potter",0
"2712",0,0,0,0,0,0,0,0,0,0,0,0,0,0,0,0,0,0,"1177","Texas","Presidio",0
"2713",0,0,0,0,0,0,0,0,0,0,0,0,0,0,0,0,0,0,"2636","Texas","Rains",0
"2714",0,0,0,0,0,0,0,0,0,0,0,0,0,0,0,0,0,0,"625","Texas","Randall",0
"2715",0,0,0,0,0,0,0,0,0,0,0,0,0,0,0,0,0,0,"244","Texas","Reagan",0
"2716",0,0,0,0,0,0,1,0,0,0,0,0,0,0,0,0,0,0,"2442","Texas","Real",1
"2717",0,0,0,0,0,0,1,0,0,0,0,0,0,0,0,0,0,0,"2692","Texas","Red River",1
"2718",0,0,0,0,0,0,0,0,0,0,0,0,0,0,0,0,0,0,"2305","Texas","Reeves",0
"2719",0,0,0,0,0,0,0,0,0,0,0,0,0,0,0,0,0,0,"1651","Texas","Refugio",0
"2720",0,0,0,0,0,0,0,0,0,0,0,0,0,0,0,0,0,0,"2464","Texas","Roberts",0
"2721",0,0,0,0,0,0,0,0,0,0,0,0,0,0,1,0,0,1,"2313","Texas","Robertson",2
"2722",0,0,0,0,0,0,0,0,0,0,0,0,0,0,0,0,0,0,"31","Texas","Rockwall",0
"2723",0,0,0,0,0,0,0,0,0,0,0,0,0,0,0,0,0,0,"805","Texas","Runnels",0
"2724",0,0,0,0,0,0,0,0,0,0,0,0,0,0,0,0,0,0,"1216","Texas","Rusk",0
"2725",0,0,0,0,0,0,0,0,0,0,1,0,0,0,1,0,0,1,"1960","Texas","Sabine",3
"2726",0,0,0,0,0,0,1,0,0,0,0,0,0,0,1,0,0,1,"2889","Texas","San Augustine",3
"2727",1,0,0,0,1,0,1,0,0,0,1,0,0,0,1,0,0,1,"2364","Texas","San Jacinto",6
"2728",0,0,0,0,0,0,0,0,0,0,0,0,0,0,0,0,0,1,"1677","Texas","San Patricio",1
"2729",0,0,0,0,0,0,0,0,0,0,0,0,0,0,0,0,0,0,"1563","Texas","San Saba",0
"2730",0,0,0,0,0,0,0,0,0,0,0,0,0,0,0,0,0,0,"500","Texas","Schleicher",0
"2731",0,0,0,0,0,0,0,0,0,0,0,0,0,0,0,0,0,0,"791","Texas","Scurry",0
"2732",0,0,0,0,0,0,0,0,0,0,0,0,0,0,0,0,0,0,"89","Texas","Shackelford",0
"2733",0,0,0,0,0,0,0,0,0,0,0,0,0,0,1,0,0,0,"2424","Texas","Shelby",1
"2734",0,0,0,0,0,0,0,0,0,0,0,0,0,0,0,0,0,0,"477","Texas","Sherman",0
"2735",1,0,0,0,0,0,0,0,0,0,0,0,0,0,0,0,0,1,"1110","Texas","Smith",2
"2736",0,0,0,0,0,0,1,0,0,0,0,0,0,0,0,0,0,0,"407","Texas","Somervell",1
"2737",0,0,0,0,0,0,0,0,0,0,0,0,0,0,0,0,0,0,"1962","Texas","Starr",0
"2738",0,0,0,0,0,0,0,0,0,0,0,0,0,0,0,0,0,0,"525","Texas","Stephens",0
"2739",0,0,0,0,0,0,0,0,0,0,0,0,0,0,0,0,0,0,"639","Texas","Sterling",0
"2740",0,0,0,0,0,0,0,0,0,0,0,0,0,0,0,0,0,0,"645","Texas","Stonewall",0
"2741",0,0,0,0,0,0,0,0,0,0,0,0,0,0,0,0,0,0,"336","Texas","Sutton",0
"2742",0,0,0,0,0,0,0,0,0,0,0,0,0,0,0,0,0,0,"409","Texas","Swisher",0
"2743",0,0,0,0,0,0,1,0,0,0,0,0,0,0,0,0,0,1,"1424","Texas","Tarrant",2
"2744",0,0,0,0,0,0,0,0,0,0,0,0,0,0,0,0,0,0,"119","Texas","Taylor",0
"2745",0,0,0,0,0,0,0,0,0,0,0,0,0,0,0,0,0,0,"3211","Texas","Terrell",0
"2746",0,0,0,0,0,0,0,0,0,0,0,0,0,0,0,0,0,0,"626","Texas","Terry",0
"2747",0,0,0,0,0,0,0,0,0,0,0,0,0,0,0,0,0,0,"834","Texas","Throckmorton",0
"2748",0,0,0,0,0,0,0,0,0,0,0,0,0,0,0,0,0,0,"648","Texas","Titus",0
"2749",0,0,0,0,0,0,0,0,0,0,0,0,0,0,0,0,0,0,"720","Texas","Tom Green",0
"2750",0,0,0,0,0,0,1,0,0,0,0,0,0,0,0,0,0,1,"2819","Texas","Travis",2
"2751",1,0,0,0,0,0,1,0,0,0,1,0,0,0,1,0,0,0,"1148","Texas","Trinity",4
"2752",0,0,0,0,1,0,1,0,0,0,0,0,0,0,1,0,0,1,"2956","Texas","Tyler",4
"2753",1,0,0,0,0,0,1,0,0,0,0,0,0,0,1,0,0,1,"2950","Texas","Upshur",4
"2754",0,0,0,0,0,0,0,0,0,0,0,0,0,0,0,0,0,0,"640","Texas","Upton",0
"2755",0,0,0,0,0,0,0,0,0,0,0,0,0,0,0,0,0,0,"217","Texas","Uvalde",0
"2756",0,0,0,0,0,0,0,0,0,0,0,0,0,0,0,0,0,0,"2820","Texas","Val Verde",0
"2757",0,0,0,0,0,0,0,0,0,0,0,0,0,0,1,0,0,0,"2960","Texas","Van Zandt",1
"2758",0,0,0,0,0,0,0,0,0,0,0,0,0,0,0,0,0,1,"1936","Texas","Victoria",1
"2759",1,0,0,0,0,0,1,0,0,0,1,0,0,0,1,0,0,1,"2110","Texas","Walker",5
"2760",0,0,0,0,0,0,1,0,0,0,0,0,0,0,0,0,0,1,"2743","Texas","Waller",2
"2761",0,0,0,0,0,0,0,0,0,0,0,0,0,0,0,0,0,0,"2047","Texas","Ward",0
"2762",0,0,0,0,0,0,1,0,0,0,0,0,0,0,0,0,0,1,"2281","Texas","Washington",2
"2763",0,0,0,0,0,0,0,0,0,0,0,0,0,0,0,0,0,0,"987","Texas","Webb",0
"2764",0,0,0,0,0,0,0,0,0,0,0,0,0,0,0,0,0,1,"1169","Texas","Wharton",1
"2765",0,0,0,0,0,0,0,0,0,0,0,0,0,0,0,0,0,0,"485","Texas","Wheeler",0
"2766",0,0,0,0,0,0,0,0,0,0,0,0,0,0,0,0,0,0,"1046","Texas","Wichita",0
"2767",0,0,0,0,0,0,0,0,0,0,0,0,0,0,0,0,0,0,"1377","Texas","Wilbarger",0
"2768",0,0,0,0,0,0,0,0,0,0,0,0,0,0,0,0,0,0,"1174","Texas","Willacy",0
"2769",0,0,0,0,0,0,1,0,0,0,0,0,0,0,0,0,0,0,"1084","Texas","Williamson",1
"2770",0,0,0,0,0,0,1,0,0,0,0,0,0,0,0,0,0,0,"487","Texas","Wilson",1
"2771",0,0,0,0,0,0,0,0,0,0,0,0,0,0,0,0,0,0,"641","Texas","Winkler",0
"2772",0,0,0,0,0,0,0,0,0,0,0,0,0,0,0,0,0,0,"181","Texas","Wise",0
"2773",0,0,0,0,0,0,0,0,0,0,0,0,0,0,1,0,0,0,"939","Texas","Wood",1
"2774",0,0,0,0,0,0,0,0,0,0,0,0,0,0,0,0,0,0,"1894","Texas","Yoakum",0
"2775",0,0,0,0,0,0,0,0,0,0,0,0,0,0,0,0,0,0,"668","Texas","Young",0
"2776",0,0,0,0,0,0,0,0,0,0,0,0,0,0,0,0,0,0,"706","Texas","Zapata",0
"2777",0,0,0,0,0,0,0,0,0,0,0,0,0,0,0,0,0,0,"267","Texas","Zavala",0
"2778",0,0,0,0,0,0,0,0,0,0,0,0,0,0,0,0,0,0,"1354","Utah","Beaver",0
"2779",0,0,0,0,0,0,0,0,0,0,0,0,0,0,0,0,0,0,"2728","Utah","Box Elder",0
"2780",0,0,0,0,0,0,0,0,0,0,0,0,0,0,0,0,0,0,"2501","Utah","Cache",0
"2781",0,0,0,0,0,0,0,0,0,0,0,0,0,0,0,0,0,0,"1527","Utah","Carbon",0
"2782",0,0,0,0,0,0,0,0,0,0,0,0,0,0,0,0,0,0,"1492","Utah","Daggett",0
"2783",0,0,0,0,0,0,0,0,0,0,0,0,0,0,0,0,0,0,"2316","Utah","Davis",0
"2784",0,0,0,0,0,0,0,0,0,0,0,0,0,0,0,0,0,0,"1023","Utah","Duchesne",0
"2785",0,0,0,0,0,0,0,0,0,0,0,0,0,0,0,0,0,0,"2919","Utah","Emery",0
"2786",0,0,0,0,0,0,0,0,0,0,0,0,0,0,0,0,0,0,"2411","Utah","Garfield",0
"2787",0,0,0,0,0,0,0,0,0,0,0,0,0,0,0,0,0,0,"2558","Utah","Grand",0
"2788",0,0,0,0,0,0,0,0,0,0,0,0,0,0,0,0,0,0,"902","Utah","Iron",0
"2789",0,0,0,0,0,0,0,0,0,0,0,0,0,0,0,0,0,0,"2651","Utah","Juab",0
"2790",0,0,0,0,0,0,0,0,0,0,0,0,0,0,0,0,0,0,"1676","Utah","Kane",0
"2791",0,0,0,0,0,0,0,0,0,0,0,0,0,0,0,0,0,0,"1697","Utah","Millard",0
"2792",0,0,0,0,0,0,0,0,0,0,0,0,0,0,0,0,0,0,"2678","Utah","Morgan",0
"2793",0,0,0,0,0,0,0,0,0,0,0,0,0,0,0,0,0,0,"100","Utah","Piute",0
"2794",0,0,0,0,0,0,0,0,0,0,0,0,0,0,0,0,0,0,"1342","Utah","Rich",0
"2795",0,0,0,0,0,0,0,0,0,0,0,0,0,0,0,0,0,0,"2560","Utah","Salt Lake",0
"2796",0,0,0,0,0,0,0,0,0,0,0,0,0,0,0,0,0,0,"554","Utah","San Juan",0
"2797",0,0,0,0,0,0,0,0,0,0,0,0,0,0,0,0,0,0,"1271","Utah","Sanpete",0
"2798",0,0,0,0,0,0,0,0,0,0,0,0,0,0,0,0,0,0,"1112","Utah","Sevier",0
"2799",0,0,0,0,0,0,0,0,0,0,0,0,0,0,0,0,0,0,"694","Utah","Summit",0
"2800",0,0,0,0,0,0,0,0,0,0,0,0,0,0,0,0,0,0,"2574","Utah","Tooele",0
"2801",0,0,0,0,0,0,0,0,0,0,0,0,0,0,0,0,0,0,"1415","Utah","Uintah",0
"2802",0,0,0,0,0,0,0,0,0,0,0,0,0,0,0,0,0,0,"1521","Utah","Utah",0
"2803",0,0,0,0,0,0,0,0,0,0,0,0,0,0,0,0,0,0,"3095","Utah","Wasatch",0
"2804",0,0,0,0,0,0,0,0,0,0,0,0,0,0,0,0,0,0,"1075","Utah","Washington",0
"2805",0,0,0,0,0,0,0,0,0,0,0,0,0,0,0,0,0,0,"2627","Utah","Wayne",0
"2806",0,0,0,0,0,0,0,0,0,0,0,0,0,0,0,0,0,0,"3060","Utah","Weber",0
"2807",0,0,0,0,0,0,0,0,0,0,0,0,1,0,0,0,1,0,"3022","Vermont","Addison",2
"2808",0,0,0,0,0,0,0,0,0,0,0,0,1,0,0,0,1,0,"3133","Vermont","Bennington",2
"2809",0,0,0,0,0,0,0,0,0,0,0,0,1,0,0,0,0,0,"2913","Vermont","Caledonia",1
"2810",0,0,0,0,0,0,0,0,0,0,0,0,1,0,0,0,1,0,"1918","Vermont","Chittenden",2
"2811",0,0,0,0,0,0,0,0,0,0,0,0,1,0,0,0,1,0,"759","Vermont","Essex",2
"2812",0,0,0,0,0,0,0,0,0,0,0,0,1,0,0,0,1,0,"1790","Vermont","Franklin",2
"2813",0,0,0,0,0,0,0,0,0,0,0,0,0,0,0,0,1,0,"1580","Vermont","Grand Isle",1
"2814",0,0,0,0,0,0,0,0,0,0,0,0,1,0,0,0,0,0,"3070","Vermont","Lamoille",1
"2815",0,0,0,0,0,0,0,0,0,0,0,0,1,0,0,0,0,0,"2887","Vermont","Orange",1
"2816",0,0,0,0,0,0,0,0,0,0,0,0,1,0,0,0,1,0,"875","Vermont","Orleans",2
"2817",0,0,0,0,0,0,0,0,0,0,0,0,1,0,0,0,1,0,"908","Vermont","Rutland",2
"2818",0,0,0,0,0,0,0,0,0,0,0,0,1,0,0,0,0,0,"1977","Vermont","Washington",1
"2819",0,0,0,0,0,0,0,0,0,0,0,0,1,0,0,0,1,0,"2438","Vermont","Windham",2
"2820",0,0,0,0,0,0,0,0,0,0,0,0,1,0,0,0,1,0,"1162","Vermont","Windsor",2
"2821",0,0,0,0,0,0,0,1,0,0,0,0,0,0,1,0,1,0,"2982","Virginia","Accomack",3
"2822",0,0,0,0,0,0,0,0,0,0,0,1,0,0,1,0,1,0,"1930","Virginia","Albemarle",3
"2823",0,0,0,0,0,0,0,0,0,0,0,1,0,0,0,0,1,0,"2169","Virginia","Alleghany",2
"2824",0,0,0,0,0,0,1,0,0,0,0,0,0,0,1,0,1,0,"2137","Virginia","Amelia",3
"2825",0,0,0,0,0,0,0,0,0,0,0,1,0,0,1,0,1,0,"2007","Virginia","Amherst",3
"2826",0,0,0,0,0,0,0,0,0,0,0,1,0,0,1,0,1,0,"2503","Virginia","Appomattox",3
"2827",0,0,0,0,0,0,0,0,0,0,0,0,0,0,1,0,1,0,"1657","Virginia","Arlington",2
"2828",0,0,0,0,0,0,0,0,0,0,0,1,0,0,0,0,1,0,"2444","Virginia","Augusta",2
"2829",0,0,0,0,0,0,0,0,0,0,0,1,0,0,0,0,1,0,"1028","Virginia","Bath",2
"2830",0,0,0,0,0,0,0,0,0,0,0,1,0,0,0,0,1,0,"2338","Virginia","Bedford",2
"2831",0,0,0,0,0,0,0,0,0,0,0,1,0,0,1,0,0,0,"2355","Virginia","Bland",2
"2832",0,0,0,0,0,0,0,0,0,0,0,1,0,0,0,0,1,0,"1917","Virginia","Botetourt",2
"2833",0,0,0,0,0,0,1,0,0,0,0,0,0,0,1,0,1,0,"743","Virginia","Brunswick",3
"2834",0,0,0,0,0,0,0,0,0,0,0,1,0,0,1,0,0,0,"2105","Virginia","Buchanan",2
"2835",0,0,0,0,0,0,0,0,0,0,0,1,0,0,1,0,1,0,"438","Virginia","Buckingham",3
"2836",0,0,0,0,0,0,0,0,0,0,0,0,0,0,0,0,1,0,"2283","Virginia","Campbell",1
"2837",0,0,0,0,0,0,1,1,0,1,0,0,0,0,1,0,1,0,"770","Virginia","Caroline",5
"2838",0,0,0,0,0,0,0,0,0,0,0,1,0,0,1,0,1,0,"1432","Virginia","Carroll",3
"2839",0,0,0,0,0,0,1,1,0,0,0,0,0,0,1,0,1,0,"2469","Virginia","Charles City",4
"2840",0,0,0,0,0,0,1,0,0,0,0,0,0,0,1,0,1,0,"1705","Virginia","Charlotte",3
"2841",0,0,0,0,0,0,1,0,0,0,0,0,0,0,1,0,1,0,"1311","Virginia","Chesterfield",3
"2842",0,0,0,0,0,0,0,0,0,0,0,0,0,0,0,0,1,0,"504","Virginia","Clarke",1
"2843",0,0,0,0,0,0,0,0,0,0,0,1,0,0,1,0,1,0,"913","Virginia","Craig",3
"2844",0,0,0,0,0,0,1,0,0,0,0,0,0,0,1,0,1,0,"1261","Virginia","Culpeper",3
"2845",0,0,0,0,0,0,1,0,0,0,0,0,0,0,1,0,1,0,"1706","Virginia","Cumberland",3
"2846",0,0,0,0,0,0,0,0,0,0,0,1,0,0,1,0,1,0,"2026","Virginia","Dickenson",3
"2847",0,0,0,0,0,0,1,1,0,0,0,0,0,0,1,0,1,0,"3120","Virginia","Dinwiddie",4
"2848",0,0,0,0,0,0,0,0,0,0,0,0,0,0,1,0,1,0,"2286","Virginia","Essex",2
"2849",0,0,0,0,0,0,1,0,0,0,0,0,0,0,1,0,1,0,"1401","Virginia","Fairfax",3
"2850",0,0,0,0,0,0,0,0,0,0,0,1,0,0,1,0,1,0,"942","Virginia","Fauquier",3
"2851",0,0,0,0,0,0,0,0,0,0,0,1,0,0,0,0,1,0,"2838","Virginia","Floyd",2
"2852",0,0,0,0,0,0,0,0,0,0,0,0,0,0,1,0,1,0,"443","Virginia","Fluvanna",2
"2853",0,0,0,0,0,0,0,0,0,0,0,1,0,0,0,0,1,0,"1113","Virginia","Franklin",2
"2854",0,0,0,0,0,0,0,0,0,0,0,1,0,0,1,0,1,0,"2119","Virginia","Frederick",3
"2855",0,0,0,1,0,0,0,0,0,0,0,1,0,0,1,0,1,0,"2335","Virginia","Giles",4
"2856",0,0,0,0,0,0,1,1,0,0,0,0,0,0,1,0,1,0,"2995","Virginia","Gloucester",4
"2857",0,0,0,0,0,0,1,0,0,0,0,0,0,0,1,0,1,0,"2683","Virginia","Goochland",3
"2858",0,0,0,1,0,0,0,0,0,0,0,1,0,0,0,0,1,0,"1450","Virginia","Grayson",3
"2859",0,0,0,0,0,0,0,0,0,0,0,1,0,0,1,0,1,0,"2332","Virginia","Greene",3
"2860",0,0,0,0,0,0,1,1,0,1,0,0,0,0,1,0,1,0,"1444","Virginia","Greensville",5
"2861",0,0,0,0,0,0,1,0,0,0,0,0,0,0,1,0,0,0,"990","Virginia","Halifax",2
"2862",0,0,0,0,0,0,1,0,0,0,0,0,0,0,1,0,1,0,"1616","Virginia","Hanover",3
"2863",0,0,0,0,0,0,1,0,0,0,0,0,0,0,1,0,1,0,"1263","Virginia","Henrico",3
"2864",0,0,0,0,0,0,0,0,0,0,0,1,0,0,1,0,1,0,"1751","Virginia","Henry",3
"2865",0,0,0,0,0,0,0,0,0,0,0,1,0,0,0,0,1,0,"3168","Virginia","Highland",2
"2866",0,0,0,0,0,0,1,1,0,1,0,0,0,0,1,0,1,0,"1628","Virginia","Isle of Wight",5
"2867",0,0,0,0,0,0,1,1,0,1,0,0,0,0,1,0,1,0,"2207","Virginia","James City",5
"2868",0,0,0,0,0,0,1,1,0,0,0,0,0,0,1,0,1,0,"1122","Virginia","King and Queen",4
"2869",0,0,0,0,0,0,0,0,0,0,0,0,0,0,1,0,1,0,"1694","Virginia","King George",2
"2870",0,0,0,0,0,0,1,0,0,1,0,0,0,0,1,0,1,0,"2920","Virginia","King William",4
"2871",0,0,0,0,0,0,0,0,0,0,0,0,0,0,1,0,1,0,"1305","Virginia","Lancaster",2
"2872",0,0,0,0,0,0,0,0,0,0,0,1,0,0,1,0,0,0,"1085","Virginia","Lee",2
"2873",0,0,0,0,0,0,0,0,0,0,0,0,0,0,1,0,1,0,"2924","Virginia","Loudoun",2
"2874",0,0,0,0,0,0,1,0,0,0,0,1,0,0,1,0,1,0,"1713","Virginia","Louisa",4
"2875",0,0,0,0,0,0,0,0,0,0,0,0,0,0,1,0,1,0,"1712","Virginia","Lunenburg",2
"2876",0,0,0,0,0,0,0,0,0,0,0,1,0,0,1,0,1,0,"1564","Virginia","Madison",3
"2877",0,0,0,0,0,0,1,0,0,0,0,0,0,0,1,0,1,1,"2745","Virginia","Mathews",4
"2878",0,0,0,0,0,0,1,0,0,0,0,0,0,0,1,0,1,0,"1579","Virginia","Mecklenburg",3
"2879",0,0,0,0,0,0,1,0,0,0,0,0,0,0,1,0,1,0,"2656","Virginia","Middlesex",3
"2880",0,0,0,0,0,0,0,0,0,0,0,1,0,0,0,0,1,0,"1593","Virginia","Montgomery",2
"2881",0,0,0,0,0,0,0,0,0,0,0,1,0,0,0,0,1,0,"1879","Virginia","Nelson",2
"2882",0,0,0,0,0,0,1,1,0,1,0,0,0,0,1,0,1,0,"1757","Virginia","New Kent",5
"2883",0,0,0,0,0,0,0,1,0,0,0,0,0,0,1,0,1,1,"2733","Virginia","Northampton",4
"2884",0,0,0,0,0,0,0,0,0,0,0,0,0,0,1,0,1,0,"986","Virginia","Northumberland",2
"2885",0,0,0,0,0,0,0,0,0,0,0,0,0,0,1,0,1,0,"1024","Virginia","Nottoway",2
"2886",0,0,0,0,0,0,0,0,0,0,0,0,0,0,1,0,1,0,"2461","Virginia","Orange",2
"2887",0,0,0,0,0,0,0,0,0,0,0,1,0,0,1,0,1,0,"1416","Virginia","Page",3
"2888",0,0,0,0,0,0,0,0,0,0,0,1,0,0,1,0,1,0,"1901","Virginia","Patrick",3
"2889",0,0,0,0,0,0,1,0,0,0,0,1,0,0,1,0,1,0,"3173","Virginia","Pittsylvania",4
"2890",0,0,0,0,0,0,1,0,0,0,0,0,0,0,1,0,1,0,"3018","Virginia","Powhatan",3
"2891",0,0,0,0,0,0,1,0,0,0,0,0,0,0,1,0,1,0,"1802","Virginia","Prince Edward",3
"2892",0,0,0,0,0,0,1,1,0,1,0,0,0,0,1,0,1,0,"1678","Virginia","Prince George",5
"2893",0,0,0,0,0,0,0,0,0,0,0,0,0,0,1,0,1,0,"2694","Virginia","Prince William",2
"2894",0,0,0,0,0,0,0,0,0,0,0,0,0,0,0,0,1,0,"2033","Virginia","Pulaski",1
"2895",0,0,0,0,0,0,0,0,0,0,0,1,0,0,0,0,1,0,"120","Virginia","Rappahannock",2
"2896",0,0,0,0,0,0,0,0,0,0,0,0,0,0,1,0,1,0,"884","Virginia","Richmond",2
"2897",0,0,0,0,0,0,0,0,0,0,0,1,0,0,0,0,1,0,"2535","Virginia","Roanoke",2
"2898",0,0,0,0,0,0,0,0,0,0,0,1,0,0,0,0,1,0,"1443","Virginia","Rockbridge",2
"2899",0,0,0,0,0,0,0,0,0,0,0,1,0,0,1,0,1,0,"2767","Virginia","Rockingham",3
"2900",0,0,0,0,0,0,0,0,0,0,0,1,0,0,0,0,0,0,"857","Virginia","Russell",1
"2901",0,0,0,0,0,0,0,0,0,0,0,1,0,0,1,0,1,0,"1766","Virginia","Scott",3
"2902",0,0,0,0,0,0,0,0,0,0,0,1,0,0,1,0,1,0,"2034","Virginia","Shenandoah",3
"2903",0,0,0,0,0,0,0,0,0,0,0,1,0,0,1,0,1,0,"1835","Virginia","Smyth",3
"2904",0,0,0,0,0,0,1,1,0,1,0,0,0,0,1,0,1,0,"2803","Virginia","Southampton",5
"2905",0,0,0,0,0,0,0,0,0,0,0,0,0,0,1,0,1,0,"1771","Virginia","Spotsylvania",2
"2906",0,0,0,0,0,0,0,0,0,0,0,0,0,0,1,0,1,0,"1852","Virginia","Stafford",2
"2907",0,0,0,0,0,0,1,1,0,0,0,0,0,0,1,0,1,0,"989","Virginia","Surry",4
"2908",0,0,0,0,0,0,1,1,0,0,0,0,0,0,1,0,1,0,"1860","Virginia","Sussex",4
"2909",0,0,0,1,0,0,0,0,0,0,0,1,0,0,1,0,1,0,"3081","Virginia","Tazewell",4
"2910",0,0,0,0,0,0,0,0,0,0,0,1,0,0,1,0,0,0,"2006","Virginia","Warren",2
"2911",0,0,0,0,0,0,0,0,0,0,0,1,0,0,1,0,1,0,"1821","Virginia","Washington",3
"2912",0,0,0,0,0,0,0,0,0,0,0,0,0,0,1,0,1,0,"1345","Virginia","Westmoreland",2
"2913",0,0,0,0,0,0,0,0,0,0,0,1,0,0,1,0,1,0,"2280","Virginia","Wise",3
"2914",0,0,0,0,0,0,0,0,0,0,0,1,0,0,0,0,1,0,"2652","Virginia","Wythe",2
"2915",0,0,0,0,0,0,0,0,0,0,0,0,0,0,1,0,0,0,"2235","Virginia","York",1
"2916",0,0,0,0,0,0,0,0,0,0,0,0,0,0,0,0,0,0,"1537","Virginia","Alexandria",0
"2917",0,0,0,0,0,0,0,0,0,0,0,0,0,0,0,0,0,0,"750","Virginia","Bristol",0
"2918",0,0,0,0,0,0,0,0,0,0,0,0,0,0,0,0,0,0,"238","Virginia","Buena Vista",0
"2919",0,0,0,0,0,0,0,0,0,0,0,0,0,0,0,0,0,0,"436","Virginia","Charlottesville",0
"2920",0,0,0,0,0,0,0,0,0,0,0,0,0,0,0,0,0,1,"1646","Virginia","Chesapeake",1
"2921",0,0,0,0,0,0,0,0,0,0,0,0,0,0,0,0,0,0,"68","Virginia","Colonial Heights",0
"2922",0,0,0,0,0,0,0,0,0,0,0,0,0,0,0,0,0,0,"2922","Virginia","Covington",0
"2923",0,0,0,0,0,0,0,0,0,0,0,0,0,0,0,0,0,0,"561","Virginia","Danville",0
"2924",0,0,0,0,0,0,0,0,0,0,0,0,0,0,0,0,0,0,"887","Virginia","Emporia",0
"2925",0,0,0,0,0,0,0,0,0,0,0,0,0,0,0,0,0,0,"360","Virginia","Fairfax",0
"2926",0,0,0,0,0,0,0,0,0,0,0,0,0,0,0,0,0,0,"569","Virginia","Falls Church",0
"2927",0,0,0,0,0,0,0,0,0,0,0,0,0,0,0,0,0,0,"2986","Virginia","Franklin",0
"2928",0,0,0,0,0,0,0,0,0,0,0,0,0,0,0,0,0,0,"225","Virginia","Fredericksburg",0
"2929",0,0,0,0,0,0,0,0,0,0,0,0,0,0,0,0,0,0,"612","Virginia","Galax",0
"2930",0,0,0,0,0,0,0,0,0,0,0,0,0,0,0,0,0,0,"2339","Virginia","Hampton",0
"2931",0,0,0,0,0,0,0,0,0,0,0,0,0,0,0,0,0,0,"303","Virginia","Harrisonburg",0
"2932",0,0,0,0,0,0,0,0,0,0,0,0,0,0,0,0,0,0,"533","Virginia","Hopewell",0
"2933",0,0,0,0,0,0,0,0,0,0,0,0,0,0,0,0,0,0,"304","Virginia","Lexington",0
"2934",0,0,0,0,0,0,0,0,0,0,0,0,0,0,0,0,0,0,"1170","Virginia","Lynchburg",0
"2935",0,0,0,0,0,0,0,0,0,0,0,0,0,0,0,0,0,0,"1808","Virginia","Manassas",0
"2936",0,0,0,0,0,0,0,0,0,0,0,0,0,0,0,0,0,0,"67","Virginia","Manassas Park",0
"2937",0,0,0,0,0,0,0,0,0,0,0,0,0,0,0,0,0,0,"944","Virginia","Martinsville",0
"2938",0,0,0,0,0,0,0,0,0,0,0,0,0,0,0,0,0,0,"2252","Virginia","Newport News",0
"2939",0,0,0,0,0,0,0,0,0,0,0,0,0,0,0,0,0,0,"3061","Virginia","Norfolk",0
"2940",0,0,0,0,0,0,0,0,0,0,0,0,0,0,0,0,0,0,"468","Virginia","Norton",0
"2941",0,0,0,0,0,0,0,0,0,0,0,0,0,0,0,0,0,0,"305","Virginia","Petersburg",0
"2942",0,0,0,0,0,0,0,0,0,0,0,0,0,0,0,0,0,0,"269","Virginia","Poquoson",0
"2943",0,0,0,0,0,0,0,0,0,0,0,0,0,0,0,0,0,0,"2352","Virginia","Portsmouth",0
"2944",0,0,0,0,0,0,0,0,0,0,0,0,0,0,0,0,0,0,"176","Virginia","Radford",0
"2945",0,0,0,0,0,0,0,0,0,0,0,0,0,0,0,0,0,0,"1264","Virginia","Richmond",0
"2946",0,0,0,0,0,0,0,0,0,0,0,0,0,0,0,0,0,0,"2441","Virginia","Roanoke",0
"2947",0,0,0,0,0,0,0,0,0,0,0,0,0,0,0,0,0,0,"1020","Virginia","Salem",0
"2948",0,0,0,0,0,0,0,0,0,0,0,0,0,0,0,0,0,0,"2721","Virginia","Staunton",0
"2949",0,0,0,0,0,0,0,0,0,0,0,0,0,0,0,0,0,0,"1163","Virginia","Suffolk",0
"2950",0,0,0,0,0,0,0,0,0,0,0,0,0,0,0,0,0,1,"1953","Virginia","Virginia Beach",1
"2951",0,0,0,0,0,0,0,0,0,0,0,0,0,0,0,0,0,0,"1288","Virginia","Waynesboro",0
"2952",0,0,0,0,0,0,0,0,0,0,0,0,0,0,0,0,0,0,"2968","Virginia","Williamsburg",0
"2953",0,0,0,0,0,0,0,0,0,0,0,0,0,0,0,0,0,0,"116","Virginia","Winchester",0
"2954",0,0,0,0,0,0,0,0,0,0,0,0,0,0,0,0,0,0,"1171","Washington","Adams",0
"2955",0,0,0,0,0,0,0,0,0,0,0,0,0,0,0,0,0,0,"3124","Washington","Asotin",0
"2956",0,0,0,0,0,0,0,0,0,0,0,0,0,0,0,0,0,0,"435","Washington","Benton",0
"2957",0,0,0,0,0,0,0,0,0,0,0,0,0,0,0,0,0,0,"801","Washington","Chelan",0
"2958",0,0,0,0,0,0,0,0,0,0,0,0,0,0,0,0,0,0,"1581","Washington","Clallam",0
"2959",0,0,0,0,0,0,0,0,0,0,0,0,0,0,0,0,0,0,"2774","Washington","Clark",0
"2960",0,0,0,0,0,0,0,0,0,0,0,0,0,0,0,0,0,0,"2150","Washington","Columbia",0
"2961",0,0,0,0,0,0,0,0,0,0,0,0,0,0,0,0,0,0,"2534","Washington","Cowlitz",0
"2962",0,0,0,0,0,0,0,0,0,0,0,0,0,0,0,0,0,0,"1332","Washington","Douglas",0
"2963",0,0,0,0,0,0,0,0,0,0,0,0,0,0,0,0,0,0,"953","Washington","Ferry",0
"2964",0,0,0,0,0,0,0,0,0,0,0,0,0,0,0,0,0,0,"2321","Washington","Franklin",0
"2965",0,0,0,0,0,0,0,0,0,0,0,0,0,0,0,0,0,0,"3192","Washington","Garfield",0
"2966",0,0,0,0,0,0,0,0,0,0,0,0,0,0,0,0,0,0,"1531","Washington","Grant",0
"2967",0,0,0,0,0,0,0,0,0,0,0,0,0,0,0,0,0,0,"1758","Washington","Grays Harbor",0
"2968",0,0,0,0,0,0,0,0,0,0,0,0,0,0,0,0,0,0,"1890","Washington","Island",0
"2969",0,0,0,0,0,0,0,0,0,0,0,0,0,0,0,0,0,0,"1759","Washington","Jefferson",0
"2970",0,0,0,0,0,0,0,0,0,0,0,0,0,0,0,0,0,0,"204","Washington","King",0
"2971",0,0,0,0,0,0,0,0,0,0,0,0,0,0,0,0,0,0,"909","Washington","Kitsap",0
"2972",0,0,0,0,0,0,0,0,0,0,0,0,0,0,0,0,0,0,"598","Washington","Kittitas",0
"2973",0,0,0,0,0,0,0,0,0,0,0,0,0,0,0,0,0,0,"1472","Washington","Klickitat",0
"2974",0,0,0,0,0,0,0,0,0,0,0,0,0,0,0,0,0,0,"2215","Washington","Lewis",0
"2975",0,0,0,0,0,0,0,0,0,0,0,0,0,0,0,0,0,0,"1880","Washington","Lincoln",0
"2976",0,0,0,0,0,0,0,0,0,0,0,0,0,0,0,0,0,0,"152","Washington","Mason",0
"2977",0,0,0,0,0,0,0,0,0,0,0,0,0,0,0,0,0,0,"2824","Washington","Okanogan",0
"2978",0,0,0,0,0,0,0,0,0,0,0,0,0,0,0,0,0,0,"2704","Washington","Pacific",0
"2979",0,0,0,0,0,0,0,0,0,0,0,0,0,0,0,0,0,0,"1642","Washington","Pend Oreille",0
"2980",0,0,0,0,0,0,0,0,0,0,0,0,0,0,0,0,0,0,"188","Washington","Pierce",0
"2981",0,0,0,0,0,0,0,0,0,0,0,0,0,0,0,0,0,0,"3218","Washington","San Juan",0
"2982",0,0,0,0,0,0,0,0,0,0,0,0,0,0,0,0,0,0,"991","Washington","Skagit",0
"2983",0,0,0,0,0,0,0,0,0,0,0,0,0,0,0,0,0,0,"3113","Washington","Skamania",0
"2984",0,0,0,0,0,0,0,0,0,0,0,0,0,0,0,0,0,0,"2417","Washington","Snohomish",0
"2985",0,0,0,0,0,0,0,0,0,0,0,0,0,0,0,0,0,0,"1485","Washington","Spokane",0
"2986",0,0,0,0,0,0,0,0,0,0,0,0,0,0,0,0,0,0,"3219","Washington","Stevens",0
"2987",0,0,0,0,0,0,0,0,0,0,0,0,0,0,0,0,0,0,"2892","Washington","Thurston",0
"2988",0,0,0,0,0,0,0,0,0,0,0,0,0,0,0,0,0,0,"2645","Washington","Wahkiakum",0
"2989",0,0,0,0,0,0,0,0,0,0,0,0,0,0,0,0,0,0,"3189","Washington","Walla Walla",0
"2990",0,0,0,0,0,0,0,0,0,0,0,0,0,0,0,0,0,0,"2893","Washington","Whatcom",0
"2991",0,0,0,0,0,0,0,0,0,0,0,0,0,0,0,0,0,0,"3107","Washington","Whitman",0
"2992",0,0,0,0,0,0,0,0,0,0,0,0,0,0,0,0,0,0,"1473","Washington","Yakima",0
"2993",0,0,0,0,0,0,0,0,0,0,0,0,0,0,1,0,1,0,"1370","West Virginia","Barbour",2
"2994",0,0,0,0,0,0,0,0,0,0,0,0,0,0,0,0,0,0,"1304","West Virginia","Berkeley",0
"2995",0,0,0,0,0,0,0,0,0,0,0,0,0,0,1,0,0,0,"2557","West Virginia","Boone",1
"2996",0,0,0,0,0,0,0,0,0,0,0,1,0,0,1,0,1,0,"1907","West Virginia","Braxton",3
"2997",0,0,0,0,0,0,0,0,0,0,0,0,0,0,0,0,0,0,"1360","West Virginia","Brooke",0
"2998",0,0,0,0,0,0,0,0,0,0,0,0,0,0,0,0,0,0,"1959","West Virginia","Cabell",0
"2999",0,0,0,0,0,0,0,0,0,0,0,0,0,0,0,0,0,0,"1932","West Virginia","Calhoun",0
"3000",0,0,0,0,0,0,0,0,0,0,0,0,0,0,1,0,0,0,"3171","West Virginia","Clay",1
"3001",0,0,0,0,0,0,0,0,0,0,0,0,0,0,0,0,0,0,"3138","West Virginia","Doddridge",0
"3002",0,0,0,0,0,0,0,0,0,0,0,1,0,0,1,0,1,0,"3226","West Virginia","Fayette",3
"3003",0,0,0,0,0,0,0,0,0,0,0,0,0,0,0,0,0,0,"1025","West Virginia","Gilmer",0
"3004",0,0,0,0,0,0,0,0,0,0,0,1,1,0,0,0,1,0,"1888","West Virginia","Grant",3
"3005",0,0,0,0,0,0,0,0,0,0,0,1,0,0,1,0,1,0,"2579","West Virginia","Greenbrier",3
"3006",0,0,0,0,0,0,0,0,0,0,0,1,0,0,1,0,1,0,"2514","West Virginia","Hampshire",3
"3007",0,0,0,0,0,0,0,0,0,0,0,0,0,0,0,0,0,0,"912","West Virginia","Hancock",0
"3008",0,0,0,0,0,0,0,0,0,0,0,1,0,0,0,0,0,0,"2446","West Virginia","Hardy",1
"3009",0,0,0,0,0,0,0,0,0,0,0,0,0,0,0,0,0,0,"2447","West Virginia","Harrison",0
"3010",0,0,0,0,0,0,0,0,0,0,0,0,0,0,0,0,0,0,"2228","West Virginia","Jackson",0
"3011",0,0,0,0,0,0,0,0,0,0,0,1,0,0,0,0,0,0,"1911","West Virginia","Jefferson",1
"3012",0,0,0,0,0,0,0,0,0,0,0,0,0,0,1,0,0,0,"2428","West Virginia","Kanawha",1
"3013",0,0,0,0,0,0,0,0,0,0,0,0,0,0,0,0,0,0,"2445","West Virginia","Lewis",0
"3014",0,0,0,0,0,0,0,0,0,0,0,0,0,0,0,0,0,0,"1086","West Virginia","Lincoln",0
"3015",0,0,0,0,0,0,0,0,0,0,0,0,0,0,1,0,0,0,"3042","West Virginia","Logan",1
"3016",0,0,0,0,0,0,0,0,0,0,0,0,0,0,1,0,0,0,"85","West Virginia","McDowell",1
"3017",0,0,0,0,0,0,0,0,0,0,0,0,0,0,1,0,1,0,"3169","West Virginia","Marion",2
"3018",0,0,0,0,0,0,0,0,0,0,0,0,0,0,0,0,0,0,"911","West Virginia","Marshall",0
"3019",0,0,0,0,0,0,0,0,0,0,0,0,0,0,0,0,1,0,"1121","West Virginia","Mason",1
"3020",0,0,0,0,0,0,0,0,0,0,0,1,0,0,1,0,1,0,"1925","West Virginia","Mercer",3
"3021",0,0,0,0,0,0,0,0,0,0,0,1,1,0,0,0,1,0,"2292","West Virginia","Mineral",3
"3022",0,0,0,0,0,0,0,0,0,0,0,0,0,0,1,0,0,0,"2031","West Virginia","Mingo",1
"3023",0,0,0,0,0,0,0,0,0,0,0,1,0,0,0,0,1,0,"2032","West Virginia","Monongalia",2
"3024",0,0,0,0,0,0,0,0,0,0,0,0,0,0,0,0,0,0,"2213","West Virginia","Monroe",0
"3025",0,0,0,0,0,0,0,0,0,0,0,0,0,0,0,0,1,0,"1359","West Virginia","Morgan",1
"3026",0,0,0,1,0,0,0,0,0,0,0,1,0,0,1,0,1,0,"93","West Virginia","Nicholas",4
"3027",0,0,0,0,0,0,0,0,0,0,0,0,0,0,0,0,0,0,"2334","West Virginia","Ohio",0
"3028",0,0,0,0,0,0,0,0,0,0,0,1,1,0,0,0,1,0,"1181","West Virginia","Pendleton",3
"3029",0,0,0,0,0,0,0,0,0,0,0,0,0,0,0,0,0,0,"2532","West Virginia","Pleasants",0
"3030",0,0,0,1,0,0,0,0,0,0,0,1,0,0,1,0,1,0,"713","West Virginia","Pocahontas",4
"3031",0,0,0,0,0,0,0,0,0,0,0,1,1,0,0,0,1,0,"2613","West Virginia","Preston",3
"3032",0,0,0,0,0,0,0,0,0,0,0,0,0,0,1,0,1,0,"1971","West Virginia","Putnam",2
"3033",0,0,0,0,0,0,0,0,0,0,0,1,0,0,1,0,1,0,"1973","West Virginia","Raleigh",3
"3034",0,0,0,1,0,0,0,0,0,0,0,1,1,0,1,0,1,0,"3065","West Virginia","Randolph",5
"3035",0,0,0,0,0,0,0,0,0,0,0,0,0,0,0,0,0,0,"2406","West Virginia","Ritchie",0
"3036",0,0,0,0,0,0,0,0,0,0,0,0,0,0,0,0,0,0,"2676","West Virginia","Roane",0
"3037",0,0,0,0,0,0,0,0,0,0,0,1,0,0,1,0,1,0,"2092","West Virginia","Summers",3
"3038",0,0,0,0,0,0,0,0,0,0,0,0,0,0,0,0,1,0,"64","West Virginia","Taylor",1
"3039",0,0,0,1,0,0,0,0,0,0,0,1,1,0,1,0,1,0,"1889","West Virginia","Tucker",5
"3040",0,0,0,0,0,0,0,0,0,0,0,0,0,0,0,0,0,0,"1079","West Virginia","Tyler",0
"3041",0,0,0,0,0,0,0,0,0,0,0,0,0,0,1,0,1,0,"2813","West Virginia","Upshur",2
"3042",0,0,0,0,0,0,0,0,0,0,0,0,0,0,0,0,0,0,"3041","West Virginia","Wayne",0
"3043",0,0,0,1,0,0,0,0,0,0,0,1,0,0,1,0,1,0,"520","West Virginia","Webster",4
"3044",0,0,0,0,0,0,0,0,0,0,0,0,0,0,0,0,0,0,"3170","West Virginia","Wetzel",0
"3045",0,0,0,0,0,0,0,0,0,0,0,0,0,0,0,0,0,0,"1192","West Virginia","Wirt",0
"3046",0,0,0,0,0,0,0,0,0,0,0,0,0,0,0,0,0,0,"2812","West Virginia","Wood",0
"3047",0,0,0,0,0,0,0,0,0,0,0,0,0,0,1,0,1,0,"3032","West Virginia","Wyoming",2
"3048",0,0,0,0,0,0,0,0,0,0,0,0,1,0,0,0,1,0,"1944","Wisconsin","Adams",2
"3049",0,0,0,0,0,0,0,0,0,0,0,0,1,0,0,0,1,0,"3223","Wisconsin","Ashland",2
"3050",0,0,0,0,0,0,0,0,0,0,0,0,1,0,0,0,0,0,"2949","Wisconsin","Barron",1
"3051",0,0,0,0,0,0,0,0,0,0,0,0,1,0,0,0,1,0,"1142","Wisconsin","Bayfield",2
"3052",0,0,0,0,0,0,0,0,0,0,0,0,1,0,0,0,1,0,"3158","Wisconsin","Brown",2
"3053",0,0,0,0,0,0,0,0,0,0,0,0,0,0,0,0,1,0,"2251","Wisconsin","Buffalo",1
"3054",0,0,0,0,0,0,0,0,0,0,0,0,0,0,0,0,0,0,"2590","Wisconsin","Burnett",0
"3055",0,0,0,0,0,0,0,0,0,0,0,0,1,0,0,0,0,0,"1172","Wisconsin","Calumet",1
"3056",0,0,0,0,0,0,0,0,0,0,0,0,1,0,0,0,1,0,"2512","Wisconsin","Chippewa",2
"3057",0,0,0,0,0,0,0,0,0,0,0,0,1,0,0,0,1,0,"1943","Wisconsin","Clark",2
"3058",0,0,0,0,0,0,0,0,0,0,0,0,0,0,0,0,1,0,"2128","Wisconsin","Columbia",1
"3059",0,0,0,0,0,0,0,0,0,0,0,0,0,0,0,0,0,0,"2356","Wisconsin","Crawford",0
"3060",0,0,0,0,0,0,0,0,0,0,0,0,0,0,0,0,1,0,"2931","Wisconsin","Dane",1
"3061",0,0,0,0,0,0,0,0,0,0,0,0,1,0,0,0,1,0,"1659","Wisconsin","Dodge",2
"3062",0,0,0,0,0,0,0,0,0,0,0,0,1,0,0,0,1,0,"2888","Wisconsin","Door",2
"3063",0,0,0,0,0,0,0,0,0,0,0,0,1,0,0,0,1,0,"2891","Wisconsin","Douglas",2
"3064",0,0,0,0,0,0,0,0,0,0,0,0,0,0,0,0,1,0,"686","Wisconsin","Dunn",1
"3065",0,0,0,0,0,0,0,0,0,0,0,0,0,0,0,0,1,0,"506","Wisconsin","Eau Claire",1
"3066",0,0,0,0,0,0,0,0,0,0,0,0,1,0,0,0,1,0,"2168","Wisconsin","Florence",2
"3067",0,0,0,0,0,0,0,0,0,0,0,0,1,0,0,0,1,0,"1956","Wisconsin","Fond du Lac",2
"3068",0,0,0,0,0,0,0,0,0,0,0,0,1,0,0,0,1,0,"2102","Wisconsin","Forest",2
"3069",0,0,0,0,0,0,0,0,0,0,0,0,0,0,0,0,1,0,"2725","Wisconsin","Grant",1
"3070",0,0,0,0,0,0,0,0,0,0,0,0,0,0,0,0,1,0,"1599","Wisconsin","Green",1
"3071",0,0,0,0,0,0,0,0,0,0,0,0,0,0,0,0,0,0,"1781","Wisconsin","Green Lake",0
"3072",0,0,0,0,0,0,0,0,0,0,0,0,0,0,0,0,1,0,"683","Wisconsin","Iowa",1
"3073",0,0,0,0,0,0,0,0,0,0,0,0,1,0,0,0,1,0,"1966","Wisconsin","Iron",2
"3074",0,0,0,0,0,0,0,0,0,0,0,0,1,0,0,0,1,0,"1975","Wisconsin","Jackson",2
"3075",0,0,0,0,0,0,0,0,0,0,0,0,0,0,0,0,1,0,"378","Wisconsin","Jefferson",1
"3076",0,0,0,0,0,0,0,0,0,0,0,0,0,0,0,0,0,0,"3125","Wisconsin","Juneau",0
"3077",0,0,0,0,0,0,0,0,0,0,0,0,0,0,0,0,0,0,"1826","Wisconsin","Kenosha",0
"3078",0,0,0,0,0,0,0,0,0,0,0,0,0,0,0,0,0,0,"19","Wisconsin","Kewaunee",0
"3079",0,0,0,0,0,0,0,0,0,0,0,0,0,0,0,0,1,0,"1417","Wisconsin","La Crosse",1
"3080",0,0,0,0,0,0,0,0,0,0,0,0,0,0,0,0,1,0,"1952","Wisconsin","Lafayette",1
"3081",0,0,0,0,0,0,0,0,0,0,0,0,1,0,0,0,1,0,"2172","Wisconsin","Langlade",2
"3082",0,0,0,0,0,0,0,0,0,0,0,0,1,0,0,0,1,0,"3053","Wisconsin","Lincoln",2
"3083",0,0,0,0,0,0,0,0,0,0,0,0,1,0,0,0,1,0,"2945","Wisconsin","Manitowoc",2
"3084",0,0,0,0,0,0,0,0,0,0,0,0,0,0,0,0,1,0,"91","Wisconsin","Marathon",1
"3085",0,0,0,0,0,0,0,0,0,0,0,0,1,0,0,0,1,0,"769","Wisconsin","Marinette",2
"3086",0,0,0,0,0,0,0,0,0,0,0,0,0,0,0,0,1,0,"2765","Wisconsin","Marquette",1
"3087",0,0,0,0,0,0,0,0,0,0,0,0,1,0,0,0,1,0,"193","Wisconsin","Menominee",2
"3088",0,0,0,0,0,0,0,0,0,0,0,0,1,0,0,0,1,0,"2120","Wisconsin","Milwaukee",2
"3089",0,0,0,0,0,0,0,0,0,0,0,0,1,0,0,0,1,0,"404","Wisconsin","Monroe",2
"3090",0,0,0,0,0,0,0,0,0,0,0,0,1,0,0,0,1,0,"2121","Wisconsin","Oconto",2
"3091",0,0,0,0,0,0,0,0,0,0,0,0,1,0,0,0,1,0,"405","Wisconsin","Oneida",2
"3092",0,0,0,0,0,0,0,0,0,0,0,0,0,0,0,0,1,0,"2094","Wisconsin","Outagamie",1
"3093",0,0,0,0,0,0,0,0,0,0,0,0,1,0,0,0,1,0,"2505","Wisconsin","Ozaukee",2
"3094",0,0,0,0,0,0,0,0,0,0,0,0,0,0,0,0,0,0,"2965","Wisconsin","Pepin",0
"3095",0,0,0,0,0,0,0,0,0,0,0,0,0,0,0,0,0,0,"1486","Wisconsin","Pierce",0
"3096",0,0,0,0,0,0,0,0,0,0,0,0,0,0,0,0,1,0,"1194","Wisconsin","Polk",1
"3097",0,0,0,0,0,0,0,0,0,0,0,0,1,0,0,0,1,0,"2370","Wisconsin","Portage",2
"3098",0,0,0,0,0,0,0,0,0,0,0,0,1,0,0,0,1,0,"440","Wisconsin","Price",2
"3099",0,0,0,0,0,0,0,0,0,0,0,0,0,0,0,0,1,0,"337","Wisconsin","Racine",1
"3100",0,0,0,0,0,0,0,0,0,0,0,0,0,0,0,0,1,0,"465","Wisconsin","Richland",1
"3101",0,0,0,0,0,0,0,0,0,0,0,0,0,0,0,0,1,0,"945","Wisconsin","Rock",1
"3102",0,0,0,0,0,0,0,0,0,0,0,0,1,0,0,0,1,0,"94","Wisconsin","Rusk",2
"3103",0,0,0,0,0,0,0,0,0,0,0,0,0,0,0,0,0,0,"1604","Wisconsin","St. Croix",0
"3104",0,0,0,0,0,0,0,0,0,0,0,0,1,0,0,0,1,0,"403","Wisconsin","Sauk",2
"3105",0,0,0,0,0,0,0,0,0,0,0,0,1,0,0,0,1,0,"1027","Wisconsin","Sawyer",2
"3106",0,0,0,0,0,0,0,0,0,0,0,0,1,0,0,0,1,0,"2274","Wisconsin","Shawano",2
"3107",0,0,0,0,0,0,0,0,0,0,0,0,1,0,0,0,1,0,"1667","Wisconsin","Sheboygan",2
"3108",0,0,0,0,0,0,0,0,0,0,0,0,1,0,0,0,1,0,"101","Wisconsin","Taylor",2
"3109",0,0,0,0,0,0,0,0,0,0,0,0,1,0,0,0,1,0,"2804","Wisconsin","Trempealeau",2
"3110",0,0,0,0,0,0,0,0,0,0,0,0,0,0,0,0,1,0,"1026","Wisconsin","Vernon",1
"3111",0,0,0,0,0,0,0,0,0,0,0,0,1,0,0,0,1,0,"2124","Wisconsin","Vilas",2
"3112",0,0,0,0,0,0,0,0,0,0,0,0,0,0,0,0,1,0,"1307","Wisconsin","Walworth",1
"3113",0,0,0,0,0,0,0,0,0,0,0,0,1,0,0,0,1,0,"2125","Wisconsin","Washburn",2
"3114",0,0,0,0,0,0,0,0,0,0,0,0,1,0,0,0,1,0,"1630","Wisconsin","Washington",2
"3115",0,0,0,0,0,0,0,0,0,0,0,0,0,0,0,0,1,0,"1631","Wisconsin","Waukesha",1
"3116",0,0,0,0,0,0,0,0,0,0,0,0,0,0,0,0,1,0,"285","Wisconsin","Waupaca",1
"3117",0,0,0,0,0,0,0,0,0,0,0,0,0,0,0,0,1,0,"1972","Wisconsin","Waushara",1
"3118",0,0,0,0,0,0,0,0,0,0,0,0,0,0,0,0,1,0,"1321","Wisconsin","Winnebago",1
"3119",0,0,0,0,0,0,0,0,0,0,0,0,1,0,0,0,1,0,"287","Wisconsin","Wood",2
"3120",0,0,0,0,0,0,0,0,0,0,0,0,0,0,0,0,0,0,"1247","Wyoming","Albany",0
"3121",0,0,0,0,0,0,0,0,0,0,0,0,0,0,0,0,0,0,"2502","Wyoming","Big Horn",0
"3122",0,0,0,0,0,0,0,0,0,0,0,0,0,0,0,0,0,0,"1081","Wyoming","Campbell",0
"3123",0,0,0,0,0,0,0,0,0,0,0,0,0,0,0,0,0,0,"1173","Wyoming","Carbon",0
"3124",0,0,0,0,0,0,0,0,0,0,0,0,0,0,0,0,0,0,"1210","Wyoming","Converse",0
"3125",0,0,0,0,0,0,0,0,0,0,0,0,0,0,0,0,0,0,"1029","Wyoming","Crook",0
"3126",0,0,0,0,0,0,0,0,0,0,0,0,0,0,0,0,0,0,"2143","Wyoming","Fremont",0
"3127",0,0,0,0,0,0,0,0,0,0,0,0,0,0,0,0,0,0,"2079","Wyoming","Goshen",0
"3128",0,0,0,0,0,0,0,0,0,0,0,0,0,0,0,0,0,0,"3083","Wyoming","Hot Springs",0
"3129",0,0,0,0,0,0,0,0,0,0,0,0,0,0,0,0,0,0,"2625","Wyoming","Johnson",0
"3130",0,0,0,0,0,0,0,0,0,0,0,0,0,0,0,0,0,0,"2684","Wyoming","Laramie",0
"3131",0,0,0,0,0,0,0,0,0,0,0,0,0,0,0,0,0,0,"2458","Wyoming","Lincoln",0
"3132",0,0,0,0,0,0,0,0,0,0,0,0,0,0,0,0,0,0,"265","Wyoming","Natrona",0
"3133",0,0,0,0,0,0,0,0,0,0,0,0,0,0,0,0,0,0,"442","Wyoming","Niobrara",0
"3134",0,0,0,0,0,0,0,0,0,0,0,0,0,0,0,0,0,0,"1287","Wyoming","Park",0
"3135",0,0,0,0,0,0,0,0,0,0,0,0,0,0,0,0,0,0,"439","Wyoming","Platte",0
"3136",0,0,0,0,0,0,0,0,0,0,0,0,0,0,0,0,0,0,"1732","Wyoming","Sheridan",0
"3137",0,0,0,0,0,0,0,0,0,0,0,0,0,0,0,0,0,0,"1266","Wyoming","Sublette",0
"3138",0,0,0,0,0,0,0,0,0,0,0,0,0,0,0,0,0,0,"1753","Wyoming","Sweetwater",0
"3139",0,0,0,0,0,0,0,0,0,0,0,0,0,0,0,0,0,0,"1452","Wyoming","Teton",0
"3140",0,0,0,0,0,0,0,0,0,0,0,0,0,0,0,0,0,0,"335","Wyoming","Uinta",0
"3141",0,0,0,0,0,0,0,0,0,0,0,0,0,0,0,0,0,0,"1238","Wyoming","Washakie",0
"3142",0,0,0,0,0,0,0,0,0,0,0,0,0,0,0,0,0,0,"2905","Wyoming","Weston",0
